{"AAPL":[247.99000549316406,251.49000549316406,251.63999938964844,252.6199951171875,252.88999938964844,248.8000030517578,246.6300048828125,253.7899932861328,255.6300048828125,255.9199981689453,258.8599853515625,253.5,258.8999938964844,260.489990234375,260.4800109863281,259.20001220703125,258.8299865722656,266.42999267578125,263.3999938964844,270.2300109863281,271.81500244140625],"MSFT":[381.8699951171875,383.0,372.739990234375,371.0400085449219,365.9700012207031,356.7699890136719,358.9599914550781,370.1700134277344,369.3699951171875,373.4599914550781,372.8800048828125,372.2900085449219,374.3299865722656,373.07000732421875,370.8699951171875,384.3699951171875,393.1099853515625,411.2200012207031,420.260009765625,422.7900085449219,417.18499755859375],"GOOG":[298.7900085449219,299.0199890136719,289.20001220703125,289.5899963378906,280.739990234375,273.760009765625,273.1400146484375,286.8599853515625,294.8999938964844,294.4599914550781,297.6600036621094,303.92999267578125,314.739990234375,316.3699951171875,315.7200012207031,319.2099914550781,330.5799865722656,334.4700012207031,332.7699890136719,339.3999938964844,335.1400146484375],"AMZN":[205.3699951171875,210.13999938964844,207.24000549316406,211.7100067138672,207.5399932861328,199.33999633789062,200.9499969482422,208.27000427246094,210.57000732421875,209.77000427246094,212.7899932861328,213.77000427246094,221.25,233.64999389648438,238.3800048828125,239.88999938964844,249.02000427246094,248.5,249.6999969482422,250.55999755859375,245.88999938964844],"NVDA":[172.6999969482422,175.63999938964844,175.1999969482422,178.67999267578125,171.24000549316406,167.52000427246094,165.1699981689453,174.39999389648438,175.75,177.38999938964844,177.63999938964844,178.10000610351562,182.0800018310547,183.91000366210938,188.6300048828125,189.30999755859375,196.50999450683594,198.8699951171875,198.35000610351562,201.67999267578125,198.4149932861328]}