{"GOOG":{"current":330.4700012207031,"sma_20":307.6684967041016,"sma_50":307.2142663574219,"sma_200":274.0819290924072,"rsi":63.42032869705474,"avg_vol_20":18943570.0,"current_vol":"14581900","vol_ratio":0.7697545921914402,"high_52w":344.6571960449219,"low_52w":152.27359008789062,"off_high":-4.116320502523215,"off_low":117.02384571740872,"trend_signals":["Golden Cross","Above 20d","Above 50d"],"macd":8.947680288782863,"macd_signal":5.189527792968494,"macd_histogram":3.758152495814368,"macd_crossover":null,"bb_upper":351.46859809549824,"bb_lower":263.86839531270493,"bb_width":28.472269251226685,"bb_pct_b":0.7602905449104769,"atr":7.663660101030915,"atr_pct":2.319018389785029,"rs_vs_bench":3.936132066168385},"NVDA":{"current":199.8800048828125,"sma_20":184.11849975585938,"sma_50":184.1853726196289,"sma_200":182.18434120178222,"rsi":67.60890108128345,"avg_vol_20":154100615.0,"current_vol":"107561800","vol_ratio":0.6979972143524541,"high_52w":207.01727294921875,"low_52w":98.86669921875,"off_high":-3.447667899749128,"off_low":102.17121281713166,"trend_signals":["Golden Cross","Above 20d","Above 50d"],"macd":5.594946630913228,"macd_signal":3.0681996997921352,"macd_histogram":2.5267469311210924,"macd_crossover":null,"bb_upper":207.9662614240672,"bb_lower":160.27073808765155,"bb_width":25.904796856187605,"bb_pct_b":0.8304608907586758,"atr":4.980943109196503,"atr_pct":2.49196667376348,"rs_vs_bench":3.752498125989966},"AMZN":{"current":249.91000366210938,"sma_20":225.55450057983398,"sma_50":215.54760009765624,"sma_200":225.85879997253417,"rsi":74.01278276502005,"avg_vol_20":45918795.0,"current_vol":"42833300","vol_ratio":0.9328054013612509,"high_52w":254.0,"low_52w":173.17999267578125,"off_high":-1.6102347786970963,"off_low":44.30651012324394,"trend_signals":["Death Cross","Above 20d","Above 50d"],"macd":10.486438924633063,"macd_signal":7.345166986988957,"macd_histogram":3.141271937644106,"macd_crossover":null,"bb_upper":264.12787979252937,"bb_lower":186.98112136713863,"bb_width":34.2031563223386,"bb_pct_b":0.8157035185843846,"atr":6.515673749123832,"atr_pct":2.6072080563582976,"rs_vs_bench":10.255388438438338},"MSFT":{"current":424.1600036621094,"sma_20":383.79499969482424,"sma_50":393.0870666503906,"sma_200":469.73460388183594,"rsi":69.92258190802744,"avg_vol_20":34474610.0,"current_vol":"31992100","vol_ratio":0.9279901933625935,"high_52w":539.8251953125,"low_52w":356.7699890136719,"off_high":-21.426415931444822,"off_low":18.888924720025997,"trend_signals":["Death Cross","Above 20d","Above 50d"],"macd":7.199478970748999,"macd_signal":0.05777001862311981,"macd_histogram":7.141708952125879,"macd_crossover":null,"bb_upper":428.674049101022,"bb_lower":338.9159502886265,"bb_width":23.386990159790226,"bb_pct_b":0.9497087672462018,"atr":9.72957050766647,"atr_pct":2.2938444039191292,"rs_vs_bench":3.4608780273322814},"AAPL":{"current":266.1700134277344,"sma_20":258.3729988098145,"sma_50":260.2681994628906,"sma_200":252.4004451751709,"rsi":56.723876135394526,"avg_vol_20":42083255.0,"current_vol":"50154100","vol_ratio":1.1917828124274132,"high_52w":285.9224548339844,"low_52w":194.67758178710938,"off_high":-6.9083211452276085,"off_low":36.72350508175404,"trend_signals":["Golden Cross","Above 20d","Above 50d"],"macd":2.92644370401581,"macd_signal":1.1966880252102285,"macd_histogram":1.7297556788055815,"macd_crossover":null,"bb_upper":272.2418270614545,"bb_lower":244.50417055817445,"bb_width":10.735508985479337,"bb_pct_b":0.781098535379075,"atr":6.0846205857625835,"atr_pct":2.28599026141409,"rs_vs_bench":-4.56013728522533}}