{"AMZN":{"current":263.989990234375,"sma_20":232.95149993896484,"sma_50":218.64099975585938,"sma_200":226.40409996032716,"rsi":80.36710265056823,"avg_vol_20":46441525.0,"current_vol":"53695200","vol_ratio":1.1561894231509409,"high_52w":263.989990234375,"low_52w":184.4199981689453,"off_high":0.0,"off_low":43.14607572685063,"trend_signals":["Death Cross","Above 20d","Above 50d"],"macd":12.028115307236106,"macd_signal":9.37359525353924,"macd_histogram":2.654520053696867,"macd_crossover":null,"bb_upper":274.90143561560075,"bb_lower":191.00156426232894,"bb_width":36.01602538522149,"bb_pct_b":0.8699468163034288,"atr":6.640439069486699,"atr_pct":2.5154132032018333,"rs_vs_bench":14.425697946623448},"NVDA":{"current":208.27000427246094,"sma_20":188.38300018310548,"sma_50":185.0215884399414,"sma_200":182.83119102478028,"rsi":71.49829526025778,"avg_vol_20":151040830.0,"current_vol":"213780100","vol_ratio":1.415379536778234,"high_52w":208.27000427246094,"low_52w":108.70438385009766,"off_high":0.0,"off_low":91.59301299169623,"trend_signals":["Golden Cross","Above 20d","Above 50d"],"macd":6.508380153145879,"macd_signal":4.577981649894831,"macd_histogram":1.9303985032510482,"macd_crossover":null,"bb_upper":214.4388086166698,"bb_lower":162.32719174954116,"bb_width":27.662589945205738,"bb_pct_b":0.8816232403623602,"atr":5.449858498562114,"atr_pct":2.616727510809744,"rs_vs_bench":6.319127784683463},"AAPL":{"current":271.05999755859375,"sma_20":261.3984992980957,"sma_50":260.14539978027346,"sma_200":253.34281852722168,"rsi":59.70616031790744,"avg_vol_20":42053420.0,"current_vol":"38124500","vol_ratio":0.9065731158131729,"high_52w":285.9224548339844,"low_52w":194.67758178710938,"off_high":-5.1980727725705345,"off_low":39.23534239037998,"trend_signals":["Golden Cross","Above 20d","Above 50d"],"macd":4.019427347552778,"macd_signal":2.4909782244726095,"macd_histogram":1.5284491230801684,"macd_crossover":null,"bb_upper":277.48179465184376,"bb_lower":245.31520394434767,"bb_width":12.305575890400844,"bb_pct_b":0.8003581681488715,"atr":5.8811794197014455,"atr_pct":2.169696551565171,"rs_vs_bench":-9.059382252073721},"MSFT":{"current":424.6199951171875,"sma_20":391.9720001220703,"sma_50":393.98414428710936,"sma_200":468.65505859375,"rsi":63.481118429862406,"avg_vol_20":33694865.0,"current_vol":"27413900","vol_ratio":0.8135928130295225,"high_52w":539.8251953125,"low_52w":356.7699890136719,"off_high":-21.34120474473616,"off_low":19.017856936648204,"trend_signals":["Death Cross","Above 20d","Above 50d"],"macd":9.852102461841525,"macd_signal":4.644347350495021,"macd_histogram":5.207755111346504,"macd_crossover":null,"bb_upper":443.737223268943,"bb_lower":340.2067769751976,"bb_width":26.412714750416693,"bb_pct_b":0.8153468005197767,"atr":10.4916036233548,"atr_pct":2.4708218510669298,"rs_vs_bench":1.0115316645596302},"GOOG":{"current":342.32000732421875,"sma_20":315.5819976806641,"sma_50":308.49650390625,"sma_200":276.52498893737794,"rsi":69.66670332532152,"avg_vol_20":17225880.0,"current_vol":"18243400","vol_ratio":1.0590692609027812,"high_52w":344.6571960449219,"low_52w":152.27359008789062,"off_high":-0.678119809341947,"off_low":124.80589518289773,"trend_signals":["Golden Cross","Above 20d","Above 50d"],"macd":10.181526063856268,"macd_signal":7.454870746360196,"macd_histogram":2.7266553174960713,"macd_crossover":null,"bb_upper":360.247819652102,"bb_lower":270.91617570922614,"bb_width":28.306951790472578,"bb_pct_b":0.7993117384098808,"atr":7.628405553536256,"atr_pct":2.228442799228859,"rs_vs_bench":7.037506957932994}}