{"AMZN":{"current":254.03579711914062,"sma_20":221.59429016113282,"sma_50":214.31351623535156,"sma_200":225.60187896728516,"rsi":78.04592147159505,"avg_vol_20":45751856.45,"current_vol":"23085729","vol_ratio":0.5045856232135472,"high_52w":254.03579711914062,"low_52w":167.32000732421875,"off_high":0.0,"off_low":51.82631245460757,"trend_signals":["Death Cross","Above 20d","Above 50d"],"macd":10.215177689926321,"macd_signal":5.6957704128211954,"macd_histogram":4.519407277105126,"macd_crossover":null,"bb_upper":258.51576551104426,"bb_lower":184.67281481122137,"bb_width":33.32348980929419,"bb_pct_b":0.9393311297903703,"atr":6.593266583546854,"atr_pct":2.5954084653883123,"rs_vs_bench":12.02970819474234},"GOOG":{"current":336.05499267578125,"sma_20":304.0982467651367,"sma_50":306.9093524169922,"sma_200":272.53335540771485,"rsi":71.57808595661155,"avg_vol_20":19802728.5,"current_vol":"7401670","vol_ratio":0.3737702105040727,"high_52w":344.6571960449219,"low_52w":149.34368896484375,"off_high":-2.49587226608187,"off_low":125.02122118792063,"trend_signals":["Golden Cross","Above 20d","Above 50d"],"macd":8.01870259533382,"macd_signal":3.0255186033853194,"macd_histogram":4.993183991948501,"macd_crossover":null,"bb_upper":343.8905587135964,"bb_lower":264.305934816677,"bb_width":26.17069474865627,"bb_pct_b":0.9015442223115353,"atr":7.64685102387155,"atr_pct":2.275476094845307,"rs_vs_bench":0.8050261892390793},"MSFT":{"current":428.5,"sma_20":380.2124984741211,"sma_50":392.2166668701172,"sma_200":470.473067779541,"rsi":73.56981816024056,"avg_vol_20":34263747.35,"current_vol":"23507447","vol_ratio":0.6860734396583741,"high_52w":539.8251953125,"low_52w":356.3916320800781,"off_high":-20.62245265303981,"off_low":20.232901513164524,"trend_signals":["Death Cross","Above 20d","Above 50d"],"macd":4.316571794699428,"macd_signal":-3.4423837420901116,"macd_histogram":7.758955536789539,"macd_crossover":null,"bb_upper":418.5697694382494,"bb_lower":341.8552275099928,"bb_width":20.176754377125803,"bb_pct_b":1.1294439139197017,"atr":9.916485850111805,"atr_pct":2.3142324037600477,"rs_vs_bench":0.5440248573719053},"NVDA":{"current":200.8249969482422,"sma_20":181.39574966430663,"sma_50":183.2748858642578,"sma_200":181.7530532836914,"rsi":70.77330884980859,"avg_vol_20":160110033.7,"current_vol":"83509074","vol_ratio":0.5215730211916132,"high_52w":207.01727294921875,"low_52w":96.88717651367188,"off_high":-2.991188084337062,"off_low":107.27716935780816,"trend_signals":["Golden Cross","Above 20d","Above 50d"],"macd":4.655350349726916,"macd_signal":1.6960501840009146,"macd_histogram":2.9593001657260016,"macd_crossover":null,"bb_upper":202.69945920028812,"bb_lower":160.09204012832515,"bb_width":23.488653483233655,"bb_pct_b":0.9560062004957398,"atr":5.131558277098544,"atr_pct":2.5552388174172758,"rs_vs_bench":4.618527990931497},"AAPL":{"current":271.260009765625,"sma_20":256.43749923706054,"sma_50":260.5746405029297,"sma_200":251.83298316955566,"rsi":65.01122201547652,"avg_vol_20":42450651.0,"current_vol":"26710820","vol_ratio":0.6292205035913347,"high_52w":285.9224548339844,"low_52w":192.32179260253906,"off_high":-5.1281194675223585,"off_low":41.04486345248624,"trend_signals":["Golden Cross","Above 20d","Above 50d"],"macd":2.1426807263158594,"macd_signal":0.25371275905356755,"macd_histogram":1.8889679672622919,"macd_crossover":null,"bb_upper":268.9458015952169,"bb_lower":243.92919687890415,"bb_width":9.755439352957675,"bb_pct_b":1.0925068847931656,"atr":6.111454897537167,"atr_pct":2.2529877893971944,"rs_vs_bench":-2.283494027330189}}