{"AMZN":{"current":263.5199890136719,"sma_20":232.9279998779297,"sma_50":218.6315997314453,"sma_200":226.40174995422365,"rsi":80.19019249164468,"avg_vol_20":45562206.75,"current_vol":"36248435","vol_ratio":0.7955811973483923,"high_52w":263.5199890136719,"low_52w":184.4199981689453,"off_high":0.0,"off_low":42.89122200959131,"trend_signals":["Death Cross","Above 20d","Above 50d"],"macd":11.990622342360751,"macd_signal":9.366096673264384,"macd_histogram":2.624525669096368,"macd_crossover":null,"bb_upper":274.80518834230975,"bb_lower":191.0508114135496,"bb_width":35.957195774081775,"bb_pct_b":0.8652583931435984,"atr":6.606867571339119,"atr_pct":2.507159929714608,"rs_vs_bench":14.23256727536657},"GOOG":{"current":341.95001220703125,"sma_20":315.56349792480466,"sma_50":308.4891040039063,"sma_200":276.5231388092041,"rsi":69.48900971396066,"avg_vol_20":16809303.35,"current_vol":"9962967","vol_ratio":0.5927055269664104,"high_52w":344.6571960449219,"low_52w":152.27359008789062,"off_high":-0.7854714391449342,"off_low":124.56291469168193,"trend_signals":["Golden Cross","Above 20d","Above 50d"],"macd":10.152010793536817,"macd_signal":7.448967704600895,"macd_histogram":2.7030430889359227,"macd_crossover":null,"bb_upper":360.1829733383869,"bb_lower":270.94402251122244,"bb_width":28.27923743209017,"bb_pct_b":0.7956838245816141,"atr":7.6284055410165585,"atr_pct":2.2308540045900025,"rs_vs_bench":6.945001879248},"NVDA":{"current":209.1721954345703,"sma_20":188.42810974121093,"sma_50":185.0396322631836,"sma_200":182.8357019805908,"rsi":72.06439456819231,"avg_vol_20":147882652.8,"current_vol":"151238756","vol_ratio":1.0226943670299102,"high_52w":209.1721954345703,"low_52w":106.40491485595703,"off_high":0.0,"off_low":96.58132870810704,"trend_signals":["Golden Cross","Above 20d","Above 50d"],"macd":6.580349837180449,"macd_signal":4.592375610437724,"macd_histogram":1.9879742267427254,"macd_crossover":null,"bb_upper":214.63159077737612,"bb_lower":162.22462870504575,"bb_width":27.81270912514413,"bb_pct_b":0.8958269068283156,"atr":5.449858475523807,"atr_pct":2.605441160189256,"rs_vs_bench":6.900333067989891},"MSFT":{"current":420.8800964355469,"sma_20":391.7850051879883,"sma_50":393.9093463134766,"sma_200":468.6363591003418,"rsi":62.00689058878154,"avg_vol_20":33056549.5,"current_vol":"14804390","vol_ratio":0.44785043278639836,"high_52w":539.8251953125,"low_52w":356.7699890136719,"off_high":-22.034002841993484,"off_low":17.96959088378317,"trend_signals":["Death Cross","Above 20d","Above 50d"],"macd":9.553762984292632,"macd_signal":4.584679478392458,"macd_histogram":4.969083505900175,"macd_crossover":null,"bb_upper":443.078524155894,"bb_lower":340.4914862200826,"bb_width":26.18452380192232,"bb_pct_b":0.7836137179997666,"atr":10.276602973039147,"atr_pct":2.4416937412988107,"rs_vs_bench":0.0059136247647835205},"AAPL":{"current":269.94000244140625,"sma_20":261.34249954223634,"sma_50":260.1229998779297,"sma_200":253.33721855163574,"rsi":58.287299413200934,"avg_vol_20":41048356.7,"current_vol":"18136934","vol_ratio":0.4418431201169132,"high_52w":285.9224548339844,"low_52w":194.67758178710938,"off_high":-5.589785664738379,"off_low":38.66003469089752,"trend_signals":["Golden Cross","Above 20d","Above 50d"],"macd":3.930083011569934,"macd_signal":2.4731093621675555,"macd_histogram":1.4569736494023786,"macd_crossover":null,"bb_upper":277.2913906614327,"bb_lower":245.39360842304004,"bb_width":12.205355919632023,"bb_pct_b":0.7695329360177842,"atr":5.88117943928354,"atr_pct":2.1786987427178826,"rs_vs_bench":-9.466893042640901}}