{"AMZN":{"current":261.1199951171875,"sma_20":236.04049987792968,"sma_50":219.8713995361328,"sma_200":226.5983999633789,"rsi":75.90916873097174,"avg_vol_20":45880685.6,"current_vol":"44793012","vol_ratio":0.9762934318488039,"high_52w":263.989990234375,"low_52w":184.4199981689453,"off_high":-1.0871605831113018,"off_low":41.58984801527765,"trend_signals":["Death Cross","Above 20d","Above 50d"],"macd":12.273134880982155,"macd_signal":9.953503185714908,"macd_histogram":2.3196316952672476,"macd_crossover":null,"bb_upper":276.64625206150953,"bb_lower":195.43474769434982,"bb_width":34.40575003406573,"bb_pct_b":0.8088170257981265,"atr":6.4382646831988195,"atr_pct":2.4656344989242984,"rs_vs_bench":10.964848899005862},"GOOG":{"current":348.5199890136719,"sma_20":319.3199966430664,"sma_50":309.28385986328124,"sma_200":277.3760969543457,"rsi":72.55148823430514,"avg_vol_20":16808021.6,"current_vol":"17346132","vol_ratio":1.032015094507018,"high_52w":348.5199890136719,"low_52w":152.27357482910156,"off_high":0.0,"off_low":128.87752481336307,"trend_signals":["Golden Cross","Above 20d","Above 50d"],"macd":10.928463952633422,"macd_signal":8.149589395002053,"macd_histogram":2.7788745576313687,"macd_crossover":null,"bb_upper":361.70370558847696,"bb_lower":276.93628769765587,"bb_width":26.54622910621332,"bb_pct_b":0.8444718866889932,"atr":7.803520657697687,"atr_pct":2.2390453643080908,"rs_vs_bench":8.619635668651181},"NVDA":{"current":216.61000061035156,"sma_20":190.8375,"sma_50":185.6151907348633,"sma_200":183.09387733459474,"rsi":76.28291845319,"avg_vol_20":150473638.0,"current_vol":"184868860","vol_ratio":1.2285797197247268,"high_52w":216.61000061035156,"low_52w":108.70439910888672,"off_high":0.0,"off_low":99.2651653346414,"trend_signals":["Golden Cross","Above 20d","Above 50d"],"macd":7.569025858181959,"macd_signal":5.176190503252846,"macd_histogram":2.3928353549291135,"macd_crossover":null,"bb_upper":217.8494156750887,"bb_lower":163.82558432491132,"bb_width":28.3088131788445,"bb_pct_b":0.9770579939674519,"atr":5.734868764511648,"atr_pct":2.6475549366844815,"rs_vs_bench":12.165749503076292},"MSFT":{"current":424.82000732421875,"sma_20":395.37450103759767,"sma_50":394.46204650878906,"sma_200":468.286240234375,"rsi":63.562549312784725,"avg_vol_20":33339168.35,"current_vol":"30769467","vol_ratio":0.9229224519633226,"high_52w":539.8252563476562,"low_52w":356.7699890136719,"off_high":-21.304162350894572,"off_low":19.07391888501561,"trend_signals":["Death Cross","Above 20d","Above 50d"],"macd":10.261784780015603,"macd_signal":5.767834841011999,"macd_histogram":4.4939499390036035,"macd_crossover":null,"bb_upper":446.3369264050665,"bb_lower":344.41207567012884,"bb_width":25.77931820778832,"bb_pct_b":0.788894279209651,"atr":10.457195330683247,"atr_pct":2.4615590486307797,"rs_vs_bench":-0.6304694370523833},"AAPL":{"current":267.6099853515625,"sma_20":262.33899841308596,"sma_50":260.26299926757815,"sma_200":253.62204071044923,"rsi":55.24499786600763,"avg_vol_20":41719113.3,"current_vol":"41213866","vol_ratio":0.9878893087595897,"high_52w":285.9224548339844,"low_52w":194.67759704589844,"off_high":-6.4046979077088135,"off_low":37.463164438211685,"trend_signals":["Golden Cross","Above 20d","Above 50d"],"macd":3.776553246999356,"macd_signal":2.7480932245359373,"macd_histogram":1.0284600224634186,"macd_crossover":null,"bb_upper":277.4933865525582,"bb_lower":247.18461027361369,"bb_width":11.553286572825714,"bb_pct_b":0.6739095927188028,"atr":5.888951624821798,"atr_pct":2.20057245512921,"rs_vs_bench":-10.471260655590367}}