{"GOOG":{"current":348.5199890136719,"sma_20":319.3199966430664,"sma_50":309.28385986328124,"sma_200":277.37609657287595,"rsi":72.55148824372314,"avg_vol_20":16808021.6,"current_vol":"17346132","vol_ratio":1.032015094507018,"high_52w":348.5199890136719,"low_52w":152.27359008789062,"off_high":0.0,"off_low":128.87750187836906,"trend_signals":["Golden Cross","Above 20d","Above 50d"],"macd":10.928463951845345,"macd_signal":8.1495893938437,"macd_histogram":2.778874558001645,"macd_crossover":null,"bb_upper":361.70370558847526,"bb_lower":276.9362876976576,"bb_width":26.546229106212248,"bb_pct_b":0.8444718866890071,"atr":7.803520657818308,"atr_pct":2.2390453643427,"rs_vs_bench":8.619635668651181},"AMZN":{"current":261.1199951171875,"sma_20":236.04049987792968,"sma_50":219.8713995361328,"sma_200":226.5983999633789,"rsi":75.90916873097174,"avg_vol_20":45875303.9,"current_vol":"44685378","vol_ratio":0.974061732591596,"high_52w":263.989990234375,"low_52w":184.4199981689453,"off_high":-1.0871605831113018,"off_low":41.58984801527765,"trend_signals":["Death Cross","Above 20d","Above 50d"],"macd":12.273134880982155,"macd_signal":9.953503185714908,"macd_histogram":2.3196316952672476,"macd_crossover":null,"bb_upper":276.64625206150953,"bb_lower":195.43474769434982,"bb_width":34.40575003406573,"bb_pct_b":0.8088170257981265,"atr":6.4382646831988195,"atr_pct":2.4656344989242984,"rs_vs_bench":10.964848899005862},"NVDA":{"current":216.61000061035156,"sma_20":190.8375,"sma_50":185.6151907348633,"sma_200":183.09387756347655,"rsi":76.28291845315042,"avg_vol_20":150198295.6,"current_vol":"179362012","vol_ratio":1.1941680914786625,"high_52w":216.61000061035156,"low_52w":108.70439147949219,"off_high":0.0,"off_low":99.26517932002452,"trend_signals":["Golden Cross","Above 20d","Above 50d"],"macd":7.569025858176815,"macd_signal":5.1761905032453,"macd_histogram":2.392835354931515,"macd_crossover":null,"bb_upper":217.84941567508767,"bb_lower":163.82558432491234,"bb_width":28.30881317884343,"bb_pct_b":0.97705799396747,"atr":5.734868764512132,"atr_pct":2.647554936684705,"rs_vs_bench":12.165749503076292},"MSFT":{"current":424.82000732421875,"sma_20":395.37450103759767,"sma_50":394.46204650878906,"sma_200":468.28624053955076,"rsi":63.562549310511734,"avg_vol_20":33335050.6,"current_vol":"30687112","vol_ratio":0.9205659342841975,"high_52w":539.8251953125,"low_52w":356.7699890136719,"off_high":-21.30415345317585,"off_low":19.07391888501561,"trend_signals":["Death Cross","Above 20d","Above 50d"],"macd":10.261784779177276,"macd_signal":5.767834839779543,"macd_histogram":4.493949939397733,"macd_crossover":null,"bb_upper":446.3369264050674,"bb_lower":344.41207567012793,"bb_width":25.779318207788783,"bb_pct_b":0.7888942792096458,"atr":10.457195330705686,"atr_pct":2.4615590486360617,"rs_vs_bench":-0.6304694370523833},"AAPL":{"current":267.6099853515625,"sma_20":262.33899841308596,"sma_50":260.26299926757815,"sma_200":253.62204055786134,"rsi":55.24499786579166,"avg_vol_20":41719113.3,"current_vol":"41213866","vol_ratio":0.9878893087595897,"high_52w":285.9224548339844,"low_52w":194.67758178710938,"off_high":-6.4046979077088135,"off_low":37.46317521254641,"trend_signals":["Golden Cross","Above 20d","Above 50d"],"macd":3.7765532471439087,"macd_signal":2.7480932247484775,"macd_histogram":1.0284600223954312,"macd_crossover":null,"bb_upper":277.4933865525548,"bb_lower":247.18461027361712,"bb_width":11.553286572823101,"bb_pct_b":0.6739095927188417,"atr":5.888951624943384,"atr_pct":2.200572455174644,"rs_vs_bench":-10.471260655590367}}