{"NVDA":{"current":216.61000061035156,"sma_20":190.8375,"sma_50":185.6151907348633,"sma_200":183.09387741088867,"rsi":76.28291845313649,"avg_vol_20":150473638.0,"current_vol":"184868860","vol_ratio":1.2285797197247268,"high_52w":216.61000061035156,"low_52w":108.70439147949219,"off_high":0.0,"off_low":99.26517932002452,"trend_signals":["Golden Cross","Above 20d","Above 50d"],"macd":7.569025858178151,"macd_signal":5.1761905032472875,"macd_histogram":2.392835354930863,"macd_crossover":null,"bb_upper":217.84941567508804,"bb_lower":163.82558432491197,"bb_width":28.308813178843817,"bb_pct_b":0.9770579939674634,"atr":5.734868764513056,"atr_pct":2.6475549366851316,"rs_vs_bench":12.165749503076292},"AMZN":{"current":261.1199951171875,"sma_20":236.04049987792968,"sma_50":219.8713995361328,"sma_200":226.5983999633789,"rsi":75.90916873097174,"avg_vol_20":45880685.6,"current_vol":"44793012","vol_ratio":0.9762934318488039,"high_52w":263.989990234375,"low_52w":184.4199981689453,"off_high":-1.0871605831113018,"off_low":41.58984801527765,"trend_signals":["Death Cross","Above 20d","Above 50d"],"macd":12.273134880982155,"macd_signal":9.953503185714908,"macd_histogram":2.3196316952672476,"macd_crossover":null,"bb_upper":276.64625206150953,"bb_lower":195.43474769434982,"bb_width":34.40575003406573,"bb_pct_b":0.8088170257981265,"atr":6.4382646831988195,"atr_pct":2.4656344989242984,"rs_vs_bench":10.964848899005862},"GOOG":{"current":348.5199890136719,"sma_20":319.3199966430664,"sma_50":309.28385986328124,"sma_200":277.3760969543457,"rsi":72.5514882437274,"avg_vol_20":16808021.6,"current_vol":"17346132","vol_ratio":1.032015094507018,"high_52w":348.5199890136719,"low_52w":152.27357482910156,"off_high":0.0,"off_low":128.87752481336307,"trend_signals":["Golden Cross","Above 20d","Above 50d"],"macd":10.928463951840115,"macd_signal":8.149589393835967,"macd_histogram":2.778874558004148,"macd_crossover":null,"bb_upper":361.7037055884747,"bb_lower":276.93628769765814,"bb_width":26.546229106211893,"bb_pct_b":0.8444718866890116,"atr":7.8035206578361915,"atr_pct":2.2390453643478314,"rs_vs_bench":8.619635668651181},"AAPL":{"current":267.6099853515625,"sma_20":262.33899841308596,"sma_50":260.26299926757815,"sma_200":253.6220401763916,"rsi":55.244997866026274,"avg_vol_20":41719113.3,"current_vol":"41213866","vol_ratio":0.9878893087595897,"high_52w":285.9224548339844,"low_52w":194.6775665283203,"off_high":-6.4046979077088135,"off_low":37.46318598688283,"trend_signals":["Golden Cross","Above 20d","Above 50d"],"macd":3.776553247004017,"macd_signal":2.7480932245428105,"macd_histogram":1.0284600224612066,"macd_crossover":null,"bb_upper":277.49338655255593,"bb_lower":247.184610273616,"bb_width":11.55328657282397,"bb_pct_b":0.6739095927188287,"atr":5.888951624822957,"atr_pct":2.2005724551296435,"rs_vs_bench":-10.471260655590367},"MSFT":{"current":424.82000732421875,"sma_20":395.37450103759767,"sma_50":394.46204650878906,"sma_200":468.2862403869629,"rsi":63.562549312760716,"avg_vol_20":33339168.35,"current_vol":"30769467","vol_ratio":0.9229224519633226,"high_52w":539.8252563476562,"low_52w":356.7699890136719,"off_high":-21.304162350894572,"off_low":19.07391888501561,"trend_signals":["Death Cross","Above 20d","Above 50d"],"macd":10.261784780012533,"macd_signal":5.767834841007524,"macd_histogram":4.4939499390050095,"macd_crossover":null,"bb_upper":446.33692640506627,"bb_lower":344.41207567012907,"bb_width":25.77931820778821,"bb_pct_b":0.7888942792096523,"atr":10.45719533066907,"atr_pct":2.4615590486274423,"rs_vs_bench":-0.6304694370523833}}