{"GOOG":{"current":332.7699890136719,"sma_20":302.5819976806641,"sma_50":306.85035888671877,"sma_200":271.7356425476074,"rsi":70.01298697317827,"avg_vol_20":20202630.0,"current_vol":"13926500","vol_ratio":0.6893409422436584,"high_52w":344.6571960449219,"low_52w":149.34371948242188,"off_high":-3.4489942956829043,"off_low":122.82154895227431,"trend_signals":["Golden Cross","Above 20d","Above 50d"],"macd":6.929564851978569,"macd_signal":1.7772226034149257,"macd_histogram":5.152342248563643,"macd_crossover":null,"bb_upper":339.45084702824283,"bb_lower":265.7131483330853,"bb_width":24.369492983841713,"bb_pct_b":0.9093969823740959,"atr":7.948916393548632,"atr_pct":2.3887119199388054,"rs_vs_bench":0.7068054626378615},"MSFT":{"current":420.260009765625,"sma_20":378.2384979248047,"sma_50":391.91160278320314,"sma_200":470.7766078186035,"rsi":70.77958037342862,"avg_vol_20":34345315.0,"current_vol":"41526900","vol_ratio":1.2090994070079135,"high_52w":539.8252563476562,"low_52w":356.3916320800781,"off_high":-22.148879693214887,"off_low":17.920840989666168,"trend_signals":["Death Cross","Above 20d","Above 50d"],"macd":1.2380209953547592,"macd_signal":-5.382122624171978,"macd_histogram":6.620143619526737,"macd_crossover":null,"bb_upper":409.5486161573381,"bb_lower":346.9283796922713,"bb_width":16.55575432131606,"bb_pct_b":1.1710532283643222,"atr":9.808525007277844,"atr_pct":2.333918236176686,"rs_vs_bench":-0.10715121232240854},"AMZN":{"current":249.6999969482422,"sma_20":219.33050003051758,"sma_50":213.89260040283204,"sma_200":225.4340000152588,"rsi":76.17723088287961,"avg_vol_20":46419600.0,"current_vol":"41824900","vol_ratio":0.9010181044214082,"high_52w":254.0,"low_52w":167.32000732421875,"off_high":-1.6929145873062255,"off_low":49.234990448210034,"trend_signals":["Death Cross","Above 20d","Above 50d"],"macd":9.178204587967656,"macd_signal":4.565918593544914,"macd_histogram":4.612285994422742,"macd_crossover":null,"bb_upper":253.31176648160195,"bb_lower":185.34923357943322,"bb_width":30.986357525612007,"bb_pct_b":0.9468564607714244,"atr":6.601979726316683,"atr_pct":2.6439646804181347,"rs_vs_bench":11.47344605584173},"AAPL":{"current":263.3999938964844,"sma_20":255.32249908447267,"sma_50":260.6740704345703,"sma_200":251.51263092041015,"rsi":57.429774058522206,"avg_vol_20":42858315.0,"current_vol":"43263500","vol_ratio":1.0094540580981777,"high_52w":285.9224548339844,"low_52w":192.32176208496094,"off_high":-7.877122120603383,"off_low":36.9579765913977,"trend_signals":["Golden Cross","Above 20d","Above 50d"],"macd":1.281758429538172,"macd_signal":-0.21852923312622502,"macd_histogram":1.500287662664397,"macd_crossover":null,"bb_upper":266.12713066156783,"bb_lower":244.51786750737747,"bb_width":8.46351701541234,"bb_pct_b":0.8737977900669591,"atr":5.896951897413989,"atr_pct":2.2387820934162503,"rs_vs_bench":-2.3374689968002063},"NVDA":{"current":198.35000610351562,"sma_20":180.28249969482422,"sma_50":182.74199737548827,"sma_200":181.5153009033203,"rsi":68.89941741694678,"avg_vol_20":164483005.0,"current_vol":"133800000","vol_ratio":0.8134579010153663,"high_52w":207.01727294921875,"low_52w":96.88717651367188,"off_high":-4.186736073868195,"off_low":104.72266118264496,"trend_signals":["Golden Cross","Above 20d","Above 50d"],"macd":3.9018820480105205,"macd_signal":0.9562251423403716,"macd_histogram":2.945656905670149,"macd_crossover":null,"bb_upper":199.5399658891003,"bb_lower":161.02503350054815,"bb_width":21.36365562589206,"bb_pct_b":0.9691039367905429,"atr":5.270140716078816,"atr_pct":2.6569904481517463,"rs_vs_bench":2.945522029277093}}