{"AMZN":{"current":248.60499572753906,"sma_20":219.27574996948243,"sma_50":213.87070037841798,"sma_200":225.42852500915527,"rsi":75.69201862676782,"avg_vol_20":45788534.4,"current_vol":"29287588","vol_ratio":0.6396271115417052,"high_52w":254.0,"low_52w":167.32000732421875,"off_high":-2.124017430102731,"off_low":48.58055513099103,"trend_signals":["Death Cross","Above 20d","Above 50d"],"macd":9.0908540556606,"macd_signal":4.5484484774542135,"macd_histogram":4.542405578206386,"macd_crossover":null,"bb_upper":253.05391337531745,"bb_lower":185.49758656364742,"bb_width":30.808845401770213,"bb_pct_b":0.9341450629756581,"atr":6.601979757606851,"atr_pct":2.655610253642027,"rs_vs_bench":11.136330726120836},"GOOG":{"current":332.04998779296875,"sma_20":302.5459976196289,"sma_50":306.83595886230466,"sma_200":271.7320428466797,"rsi":69.23702649185546,"avg_vol_20":19958137.6,"current_vol":"9070152","vol_ratio":0.4544588368806516,"high_52w":344.6571960449219,"low_52w":149.3437042236328,"off_high":-3.6578978755197467,"off_low":122.33946152543851,"trend_signals":["Golden Cross","Above 20d","Above 50d"],"macd":6.872128847758688,"macd_signal":1.7657353906197941,"macd_histogram":5.1063934571388945,"macd_crossover":null,"bb_upper":339.2919360230926,"bb_lower":265.8000592161652,"bb_width":24.29114163966693,"bb_pct_b":0.9014592014142001,"atr":7.948909837072436,"atr_pct":2.393889513415232,"rs_vs_bench":0.6587141984142342},"NVDA":{"current":198.17999267578125,"sma_20":180.2739990234375,"sma_50":182.73859710693358,"sma_200":181.5144507598877,"rsi":68.61878823261961,"avg_vol_20":162784618.5,"current_vol":"100236270","vol_ratio":0.6157600817794711,"high_52w":207.01727294921875,"low_52w":96.88717651367188,"off_high":-4.268861311686432,"off_low":104.54718550686202,"trend_signals":["Golden Cross","Above 20d","Above 50d"],"macd":3.8883197102358054,"macd_signal":0.9535126581975433,"macd_histogram":2.934807052038262,"macd_crossover":null,"bb_upper":199.49800562707668,"bb_lower":161.04999241979834,"bb_width":21.32754219441246,"bb_pct_b":0.9657196083399721,"atr":5.270140733204978,"atr_pct":2.659269819343888,"rs_vs_bench":3.0377194548143684},"MSFT":{"current":418.2799987792969,"sma_20":378.1394973754883,"sma_50":391.87200256347654,"sma_200":470.76670837402344,"rsi":70.07466608649257,"avg_vol_20":33704951.55,"current_vol":"28989731","vol_ratio":0.8601030313600911,"high_52w":539.8251953125,"low_52w":356.3916320800781,"off_high":-22.515658325810765,"off_low":17.365269307252692,"trend_signals":["Death Cross","Above 20d","Above 50d"],"macd":1.0800713828170956,"macd_signal":-5.413712569786036,"macd_histogram":6.493783952603132,"macd_crossover":null,"bb_upper":408.89782514421216,"bb_lower":347.38116960676444,"bb_width":16.268243852972162,"bb_pct_b":1.1525143646564693,"atr":9.789952936330682,"atr_pct":2.340526194152615,"rs_vs_bench":-0.4287142718760961},"AAPL":{"current":264.3599853515625,"sma_20":255.37049865722656,"sma_50":260.6932702636719,"sma_200":251.517430267334,"rsi":58.87663104075478,"avg_vol_20":42057367.95,"current_vol":"27423059","vol_ratio":0.6520393533090793,"high_52w":285.9224548339844,"low_52w":192.32177734375,"off_high":-7.541369737798917,"off_low":37.457124722310375,"trend_signals":["Golden Cross","Above 20d","Above 50d"],"macd":1.3583389563698347,"macd_signal":-0.20321311264409936,"macd_histogram":1.561552069013934,"macd_crossover":null,"bb_upper":266.3335894441762,"bb_lower":244.40740787027693,"bb_width":8.586027630125708,"bb_pct_b":0.9099887006790521,"atr":5.896951932612686,"atr_pct":2.2306522391316332,"rs_vs_bench":-1.7644572862936858}}