{"AMZN":{"current":258.989990234375,"sma_20":232.70149993896484,"sma_50":218.5409997558594,"sma_200":226.37909996032715,"rsi":78.3060861689286,"avg_vol_20":44209625.3,"current_vol":"9196806","vol_ratio":0.2080272324769059,"high_52w":258.989990234375,"low_52w":184.4199981689453,"off_high":0.0,"off_low":40.434873010418784,"trend_signals":["Death Cross","Above 20d","Above 50d"],"macd":11.62925491837126,"macd_signal":9.293823188466485,"macd_histogram":2.3354317299047747,"macd_crossover":null,"bb_upper":273.9259212590789,"bb_lower":191.4770786188508,"bb_width":35.431160805518466,"bb_pct_b":0.8188460802308895,"atr":6.381153024045593,"atr_pct":2.4638608690130916,"rs_vs_bench":12.806204743820192},"NVDA":{"current":202.3300018310547,"sma_20":188.08600006103515,"sma_50":184.9027883911133,"sma_200":182.80149101257325,"rsi":67.11010959241469,"avg_vol_20":141410206.6,"current_vol":"21789832","vol_ratio":0.15408952807512552,"high_52w":207.01727294921875,"low_52w":106.40492248535156,"off_high":-2.264193248895636,"off_low":90.15097901970545,"trend_signals":["Golden Cross","Above 20d","Above 50d"],"macd":6.034533823126509,"macd_signal":4.4832124075021484,"macd_histogram":1.5513214156243604,"macd_crossover":null,"bb_upper":213.3094695799664,"bb_lower":162.8625305421039,"bb_width":26.821208926497516,"bb_pct_b":0.78235611598414,"atr":4.897715923651018,"atr_pct":2.4206572823246475,"rs_vs_bench":3.6620653039458375},"MSFT":{"current":420.70001220703125,"sma_20":391.7760009765625,"sma_50":393.90574462890623,"sma_200":468.635458984375,"rsi":61.93289380369852,"avg_vol_20":32483557.2,"current_vol":"3344544","vol_ratio":0.10296113751975415,"high_52w":539.8251953125,"low_52w":356.7699890136719,"off_high":-22.06736257215787,"off_low":17.91911460100684,"trend_signals":["Death Cross","Above 20d","Above 50d"],"macd":9.539397290848399,"macd_signal":4.581806339701831,"macd_histogram":4.9575909511465674,"macd_crossover":null,"bb_upper":443.04807369337124,"bb_lower":340.50392825975376,"bb_width":26.174177381465498,"bb_pct_b":0.7820639940794365,"atr":10.195881799095924,"atr_pct":2.423551581471886,"rs_vs_bench":0.8015734873349594},"GOOG":{"current":337.2850036621094,"sma_20":315.3302474975586,"sma_50":308.3958038330078,"sma_200":276.499814453125,"rsi":66.7888319608362,"avg_vol_20":16405844.1,"current_vol":"1893782","vol_ratio":0.11543337779249042,"high_52w":344.6571960449219,"low_52w":152.27357482910156,"off_high":-2.1389927346393267,"off_low":121.49936654514634,"trend_signals":["Golden Cross","Above 20d","Above 50d"],"macd":9.779873358879968,"macd_signal":7.37454021655988,"macd_histogram":2.405333142320088,"macd_crossover":null,"bb_upper":359.41449959609264,"bb_lower":271.2459953990246,"bb_width":27.960687214996927,"bb_pct_b":0.7490090578771648,"atr":7.204119652498318,"atr_pct":2.1359146046455635,"rs_vs_bench":6.087087623326724},"AAPL":{"current":271.35980224609375,"sma_20":261.4134895324707,"sma_50":260.1513958740234,"sma_200":253.34431770324707,"rsi":60.09776375961118,"avg_vol_20":40319172.5,"current_vol":"3553250","vol_ratio":0.0881280487589372,"high_52w":285.9224548339844,"low_52w":194.67759704589844,"off_high":-5.093217528628929,"off_low":39.3893320874082,"trend_signals":["Golden Cross","Above 20d","Above 50d"],"macd":4.04334339469375,"macd_signal":2.4957614385939766,"macd_histogram":1.5475819560997732,"macd_crossover":null,"bb_upper":277.5352131144979,"bb_lower":245.2917659504435,"bb_width":12.334270592432205,"bb_pct_b":0.808475476056152,"atr":5.849035710078975,"atr_pct":2.155453999326893,"rs_vs_bench":-8.050097818808723}}