{"GOOG":{"current":331.32000732421875,"sma_20":307.7109970092773,"sma_50":307.2312664794922,"sma_200":274.0861798095703,"rsi":64.25033837432302,"avg_vol_20":18505584.7,"current_vol":"5846794","vol_ratio":0.3159475420411872,"high_52w":344.6571960449219,"low_52w":149.3437042236328,"off_high":-3.8696968680046897,"off_low":121.8506692642951,"trend_signals":["Golden Cross","Above 20d","Above 50d"],"macd":9.015487058804013,"macd_signal":5.203089166445315,"macd_histogram":3.812397892358698,"macd_crossover":null,"bb_upper":351.60580286404763,"bb_lower":263.816191154507,"bb_width":28.529890892035237,"bb_pct_b":0.768927152714308,"atr":7.580089885014844,"atr_pct":2.2878455020668946,"rs_vs_bench":4.123881223564462},"NVDA":{"current":199.7209930419922,"sma_20":184.11054916381835,"sma_50":184.1821923828125,"sma_200":182.18354629516602,"rsi":67.3321616752904,"avg_vol_20":151837014.1,"current_vol":"62623782","vol_ratio":0.41244081603683225,"high_52w":207.01727294921875,"low_52w":96.88717651367188,"off_high":-3.5244788047306264,"off_low":106.13769564624407,"trend_signals":["Golden Cross","Above 20d","Above 50d"],"macd":5.582261933604713,"macd_signal":3.0656627704216497,"macd_histogram":2.516599163183063,"macd_crossover":null,"bb_upper":207.9362815484793,"bb_lower":160.2848167791574,"bb_width":25.881985027877157,"bb_pct_b":0.8275963069287197,"atr":4.9809431251684515,"atr_pct":2.4939507105901417,"rs_vs_bench":3.5555707544155926},"AMZN":{"current":251.96499633789062,"sma_20":225.65725021362306,"sma_50":215.58869995117186,"sma_200":225.8690749359131,"rsi":75.07100735775177,"avg_vol_20":45110152.2,"current_vol":"26990644","vol_ratio":0.5983274869110283,"high_52w":254.0,"low_52w":167.32000732421875,"off_high":-0.8011825441375492,"off_low":50.58868354556899,"trend_signals":["Death Cross","Above 20d","Above 50d"],"macd":10.650369988204005,"macd_signal":7.377953230079704,"macd_histogram":3.272416758124301,"macd_crossover":null,"bb_upper":264.5137043398747,"bb_lower":186.80079608737142,"bb_width":34.43847169941794,"bb_pct_b":0.8385247922879031,"atr":6.509245414528949,"atr_pct":2.583392736743443,"rs_vs_bench":11.140821628569329},"MSFT":{"current":425.2200012207031,"sma_20":383.8479995727539,"sma_50":393.1082666015625,"sma_200":469.7399041748047,"rsi":70.31611622146409,"avg_vol_20":33742221.05,"current_vol":"17425421","vol_ratio":0.5164278004752151,"high_52w":539.8252563476562,"low_52w":356.3916015625,"off_high":-21.230065429385075,"off_low":19.312576210113853,"trend_signals":["Death Cross","Above 20d","Above 50d"],"macd":7.284037212865655,"macd_signal":0.07468170810368857,"macd_histogram":7.209355504761967,"macd_crossover":null,"bb_upper":428.929806232294,"bb_lower":338.7661929132138,"bb_width":23.489405551009206,"bb_pct_b":0.9588547433379554,"atr":9.726706222905916,"atr_pct":2.287452658619752,"rs_vs_bench":3.639090726264671},"AAPL":{"current":266.30999755859375,"sma_20":258.37999801635743,"sma_50":260.2709991455078,"sma_200":252.4011449432373,"rsi":56.894546307290774,"avg_vol_20":40878014.75,"current_vol":"26166795","vol_ratio":0.6401190263282049,"high_52w":285.9224548339844,"low_52w":192.32179260253906,"off_high":-6.859362370394531,"off_low":38.47104582108491,"trend_signals":["Golden Cross","Above 20d","Above 50d"],"macd":2.9376105561913164,"macd_signal":1.1989214298517603,"macd_histogram":1.738689126339556,"macd_crossover":null,"bb_upper":272.2655256469684,"bb_lower":244.49447038574644,"bb_width":10.748144389823796,"bb_pct_b":0.7855490894258298,"atr":6.084620574171585,"atr_pct":2.2847886410395994,"rs_vs_bench":-4.610675744078407}}