{"GOOG":{"current":378.6000061035156,"sma_20":330.24549713134763,"sma_50":312.5093115234375,"sma_200":280.0131958770752,"rsi":81.80429841837055,"avg_vol_20":16599394.05,"current_vol":"34131181","vol_ratio":2.0561702973729936,"high_52w":378.6000061035156,"low_52w":152.2735595703125,"off_high":0.0,"off_low":148.63148085055212,"trend_signals":["Golden Cross","Above 20d","Above 50d"],"macd":13.94636775732073,"macd_signal":10.243003759598022,"macd_histogram":3.7033639977227075,"macd_crossover":null,"bb_upper":369.8609132250943,"bb_lower":290.630081037601,"bb_width":23.991495077366963,"bb_pct_b":1.1102991428607107,"atr":9.822952703533117,"atr_pct":2.5945463669240816,"rs_vs_bench":14.349902245420346},"NVDA":{"current":201.0301055908203,"sma_20":196.2440055847168,"sma_50":186.96959442138672,"sma_200":183.71309303283692,"rsi":55.57039277284839,"avg_vol_20":144903126.5,"current_vol":"163859330","vol_ratio":1.1308198377624379,"high_52w":216.61000061035156,"low_52w":108.89433288574219,"off_high":-7.19260190001897,"off_low":84.6102549723611,"trend_signals":["Golden Cross","Above 20d","Above 50d"],"macd":7.22849631763799,"macd_signal":6.4055051537568675,"macd_histogram":0.8229911638811229,"macd_crossover":null,"bb_upper":219.93591367865514,"bb_lower":172.55209749077846,"bb_width":24.14535722846398,"bb_pct_b":0.6010070608734138,"atr":6.3095285206512415,"atr_pct":3.1385988193697463,"rs_vs_bench":-0.897814535002416},"MSFT":{"current":408.7149963378906,"sma_20":403.5707504272461,"sma_50":395.80949951171874,"sma_200":467.081233215332,"rsi":51.621341828864054,"avg_vol_20":33210189.35,"current_vol":"49521987","vol_ratio":1.491168462729647,"high_52w":539.8251953125,"low_52w":356.7699890136719,"off_high":-24.287528650586758,"off_low":14.55980293292779,"trend_signals":["Death Cross","Above 20d","Above 50d"],"macd":9.318198009127741,"macd_signal":7.92171427579294,"macd_histogram":1.3964837333348008,"macd_crossover":null,"bb_upper":450.6472809110241,"bb_lower":356.49421994346807,"bb_width":23.33000121239696,"bb_pct_b":0.5546370543642462,"atr":11.351850751605623,"atr_pct":2.777449042320161,"rs_vs_bench":-4.7843408237413065},"AMZN":{"current":265.7799987792969,"sma_20":244.47700042724608,"sma_50":223.54720031738282,"sma_200":227.15569999694824,"rsi":76.89456300352116,"avg_vol_20":47806788.0,"current_vol":"76684460","vol_ratio":1.604049617389062,"high_52w":265.7799987792969,"low_52w":184.4199981689453,"off_high":0.0,"off_low":44.116690932736304,"trend_signals":["Death Cross","Above 20d","Above 50d"],"macd":12.431971785227262,"macd_signal":11.112327993497914,"macd_histogram":1.319643791729348,"macd_crossover":null,"bb_upper":279.8109915699779,"bb_lower":209.1430092845143,"bb_width":28.905779342009584,"bb_pct_b":0.8014519116450394,"atr":7.24090839825067,"atr_pct":2.724399289452742,"rs_vs_bench":12.47622597495548},"AAPL":{"current":274.30999755859375,"sma_20":265.29599838256837,"sma_50":260.88659912109375,"sma_200":254.56308006286622,"rsi":61.504984988035396,"avg_vol_20":40313040.0,"current_vol":"30847300","vol_ratio":0.7651940910434937,"high_52w":285.9224548339844,"low_52w":194.6775665283203,"off_high":-4.0614009424804305,"off_low":40.904780376268505,"trend_signals":["Golden Cross","Above 20d","Above 50d"],"macd":3.9440970795852763,"macd_signal":3.2754616640595495,"macd_histogram":0.6686354155257268,"macd_crossover":null,"bb_upper":278.4814858886665,"bb_lower":252.11051087647022,"bb_width":9.940208360839348,"bb_pct_b":0.8418151650387034,"atr":5.773603150756826,"atr_pct":2.1047731406594323,"rs_vs_bench":-7.038603889604732}}