{"AMZN":{"current":265.05999755859375,"sma_20":244.44100036621094,"sma_50":223.53280029296874,"sma_200":227.15209999084473,"rsi":76.54632432060447,"avg_vol_20":49122620.0,"current_vol":"100869700","vol_ratio":2.0534267105459767,"high_52w":265.05999755859375,"low_52w":185.00999450683594,"off_high":0.0,"off_low":43.26793439734956,"trend_signals":["Death Cross","Above 20d","Above 50d"],"macd":12.374535766832167,"macd_signal":11.10084075985695,"macd_histogram":1.2736950069752169,"macd_crossover":null,"bb_upper":279.6849562642783,"bb_lower":209.1970444681436,"bb_width":28.83637020407083,"bb_pct_b":0.7925182015891904,"atr":7.241623363751513,"atr_pct":2.732069505188421,"rs_vs_bench":12.209940998844248},"NVDA":{"current":199.57000732421875,"sma_20":196.1710006713867,"sma_50":186.9403924560547,"sma_200":183.70579261779784,"rsi":54.1231336899891,"avg_vol_20":148043390.0,"current_vol":"224690300","vol_ratio":1.5177327403810463,"high_52w":216.61000061035156,"low_52w":111.58370208740234,"off_high":-7.86666970043787,"off_low":78.85229078337773,"trend_signals":["Golden Cross","Above 20d","Above 50d"],"macd":7.112021231264521,"macd_signal":6.382210122537372,"macd_histogram":0.7298111087271488,"macd_crossover":null,"bb_upper":219.80975056410716,"bb_lower":172.53225077866625,"bb_width":24.10014712859481,"bb_pct_b":0.5718948055260479,"atr":6.309528509107539,"atr_pct":3.1615614959903087,"rs_vs_bench":-1.643966537511865},"MSFT":{"current":407.7799987792969,"sma_20":403.5240005493164,"sma_50":395.7907995605469,"sma_200":467.07655822753907,"rsi":51.12254835958663,"avg_vol_20":34348815.0,"current_vol":"70783800","vol_ratio":2.060734846311292,"high_52w":539.8251953125,"low_52w":356.7699890136719,"off_high":-24.460732414826126,"off_low":14.297730004322261,"trend_signals":["Death Cross","Above 20d","Above 50d"],"macd":9.24361118726631,"macd_signal":7.906796756370044,"macd_histogram":1.3368144308962666,"macd_crossover":null,"bb_upper":450.5808742594875,"bb_lower":356.4671268391453,"bb_width":23.32296153195977,"bb_pct_b":0.5452218549004518,"atr":11.351850731636908,"atr_pct":2.783817442154852,"rs_vs_bench":-4.957752996631903},"AAPL":{"current":271.3500061035156,"sma_20":265.14799880981445,"sma_50":260.8273992919922,"sma_200":254.54828033447265,"rsi":58.74758807937664,"avg_vol_20":43288260.0,"current_vol":"90134300","vol_ratio":2.0821881036567422,"high_52w":285.9224548339844,"low_52w":194.67758178710938,"off_high":-5.096643682263421,"off_low":39.38431102983998,"trend_signals":["Golden Cross","Above 20d","Above 50d"],"macd":3.7079724017735884,"macd_signal":3.2282367242629473,"macd_histogram":0.47973567751064117,"macd_crossover":null,"bb_upper":277.9688854245556,"bb_lower":252.3271121950733,"bb_width":9.670739867765183,"bb_pct_b":0.7418712324688316,"atr":5.8878892906166245,"atr_pct":2.1698504360344444,"rs_vs_bench":-8.118263336444054},"GOOG":{"current":381.94000244140625,"sma_20":330.41249694824216,"sma_50":312.5761114501953,"sma_200":280.0298959350586,"rsi":82.49583017315786,"avg_vol_20":17136890.0,"current_vol":"44509500","vol_ratio":2.597291573908685,"high_52w":381.94000244140625,"low_52w":152.27357482910156,"off_high":0.0,"off_low":150.82487415827865,"trend_signals":["Golden Cross","Above 20d","Above 50d"],"macd":14.21280620326877,"macd_signal":10.296291438170137,"macd_histogram":3.9165147650986327,"macd_crossover":null,"bb_upper":370.9046436224776,"bb_lower":289.92035027400675,"bb_width":24.510057608734062,"bb_pct_b":1.1362654208939522,"atr":9.84509537632324,"atr_pct":2.5776549493093706,"rs_vs_bench":15.561129396705175}}