{"AMZN":{"current":263.0249938964844,"sma_20":232.90325012207032,"sma_50":218.62169982910157,"sma_200":226.3992749786377,"rsi":80.00039443706771,"avg_vol_20":45489800.55,"current_vol":"34800311","vol_ratio":0.7650134882818255,"high_52w":263.0249938964844,"low_52w":184.4199981689453,"off_high":0.0,"off_low":42.62281558832346,"trend_signals":["Death Cross","Above 20d","Above 50d"],"macd":11.951135552385665,"macd_signal":9.358199315269365,"macd_histogram":2.5929362371163,"macd_crossover":null,"bb_upper":274.70482863331034,"bb_lower":191.1016716108303,"bb_width":35.89608860274023,"bb_pct_b":0.8602943339366314,"atr":6.544010079709656,"atr_pct":2.4879803180549085,"rs_vs_bench":14.050028669362892},"GOOG":{"current":340.93499755859375,"sma_20":315.5127471923828,"sma_50":308.4688037109375,"sma_200":276.5180638885498,"rsi":68.99067533244778,"avg_vol_20":16792172.45,"current_vol":"9620349","vol_ratio":0.5729067533486414,"high_52w":344.6571960449219,"low_52w":152.27357482910156,"off_high":-1.0799712087958209,"off_low":123.89636412045171,"trend_signals":["Golden Cross","Above 20d","Above 50d"],"macd":10.071040964024007,"macd_signal":7.432773738688356,"macd_histogram":2.6382672253356514,"macd_crossover":null,"bb_upper":360.00799088694737,"bb_lower":271.0175034978182,"bb_width":28.205037096288066,"bb_pct_b":0.7856737962906862,"atr":7.628405541036429,"atr_pct":2.237495591729446,"rs_vs_bench":6.64001223304529},"NVDA":{"current":209.53460693359375,"sma_20":188.44623031616212,"sma_50":185.04688049316405,"sma_200":182.83751403808594,"rsi":72.28551656941242,"avg_vol_20":147698277.5,"current_vol":"147551250","vol_ratio":0.9990045415390847,"high_52w":209.53460693359375,"low_52w":106.40491485595703,"off_high":0.0,"off_low":96.92192528629522,"trend_signals":["Golden Cross","Above 20d","Above 50d"],"macd":6.6092601561909134,"macd_signal":4.5981576742398405,"macd_histogram":2.011102481951073,"macd_crossover":null,"bb_upper":214.7105429168406,"bb_lower":162.18191771548362,"bb_width":27.874595906337884,"bb_pct_b":0.9014644688794721,"atr":5.449858475523812,"atr_pct":2.6009347836517502,"rs_vs_bench":7.182450708232338},"MSFT":{"current":419.7900085449219,"sma_20":391.73050079345705,"sma_50":393.8875445556641,"sma_200":468.6309097290039,"rsi":61.55452026586305,"avg_vol_20":33016612.3,"current_vol":"14005646","vol_ratio":0.42419997160035705,"high_52w":539.8252563476562,"low_52w":356.7699890136719,"off_high":-22.235945130627552,"off_low":17.664047277484148,"trend_signals":["Death Cross","Above 20d","Above 50d"],"macd":9.46680440700959,"macd_signal":4.567287764061801,"macd_histogram":4.899516642947789,"macd_crossover":null,"bb_upper":442.89600239522906,"bb_lower":340.56499919168505,"bb_width":26.12280713303426,"bb_pct_b":0.7742033877616968,"atr":10.276602973016304,"atr_pct":2.4480341989646477,"rs_vs_bench":-0.23385157826674074},"AAPL":{"current":269.9700012207031,"sma_20":261.3439994812012,"sma_50":260.1235998535156,"sma_200":253.33736824035645,"rsi":58.324423740392,"avg_vol_20":40999356.05,"current_vol":"17156921","vol_ratio":0.4184680603050594,"high_52w":285.9224548339844,"low_52w":194.67758178710938,"off_high":-5.579293736318734,"off_low":38.67544415870655,"trend_signals":["Golden Cross","Above 20d","Above 50d"],"macd":3.9324760765894666,"macd_signal":2.473587975177027,"macd_histogram":1.4588881014124397,"macd_crossover":null,"bb_upper":277.2963003664985,"bb_lower":245.39169859590393,"bb_width":12.207895277461494,"bb_pct_b":0.770368575716003,"atr":5.8811794392823336,"atr_pct":2.1784566480312053,"rs_vs_bench":-9.38905725234409}}