{"AMZN":{"current":221.25,"sma_20":209.70649948120118,"sma_50":213.71580017089843,"sma_200":224.60350006103516,"rsi":60.68937294979297,"avg_vol_20":42055776.55,"current_vol":"47177831","vol_ratio":1.121791936094924,"high_52w":254.0,"low_52w":167.32000732421875,"off_high":-12.893700787401574,"off_low":32.23164613618514,"trend_signals":["Death Cross","Above 20d","Above 50d"],"macd":0.10644349963803279,"macd_signal":-1.5016615810187648,"macd_histogram":1.6081050806567976,"macd_crossover":null,"bb_upper":219.19987466595072,"bb_lower":200.21312429645164,"bb_width":9.053963714272536,"bb_pct_b":1.1079766307636651,"atr":6.223107008938674,"atr_pct":2.812703732853638,"rs_vs_bench":4.181739251916971},"GOOG":{"current":314.739990234375,"sma_20":296.78699951171876,"sma_50":308.5207214355469,"sma_200":267.15505935668943,"rsi":61.80773122471986,"avg_vol_20":20301119.55,"current_vol":"20324191","vol_ratio":1.0011364619543852,"high_52w":344.6571960449219,"low_52w":149.3437042236328,"off_high":-8.680278884021192,"off_low":110.74875025402586,"trend_signals":["Golden Cross","Above 20d","Above 50d"],"macd":-2.063536511657958,"macd_signal":-5.036085320860156,"macd_histogram":2.9725488092021983,"macd_crossover":null,"bb_upper":319.88130563505416,"bb_lower":273.69269338838336,"bb_width":15.562882579985457,"bb_pct_b":0.8886886799451365,"atr":8.471276932390198,"atr_pct":2.6915159163860802,"rs_vs_bench":2.1866783165002235},"MSFT":{"current":374.3299865722656,"sma_20":380.26549835205077,"sma_50":397.9440264892578,"sma_200":473.7225532531738,"rsi":40.94667300220732,"avg_vol_20":31301681.5,"current_vol":"31084630","vol_ratio":0.9930658198026837,"high_52w":539.8251953125,"low_52w":356.3916015625,"off_high":-30.65718498826841,"off_low":5.033335502609982,"trend_signals":["Death Cross","Below 20d","Below 50d"],"macd":-9.325830392111754,"macd_signal":-10.500924110158381,"macd_histogram":1.175093718046627,"macd_crossover":null,"bb_upper":409.47151314943034,"bb_lower":351.0594835546712,"bb_width":15.360854415638078,"bb_pct_b":0.39838545551381266,"atr":8.795599856514468,"atr_pct":2.349691494677103,"rs_vs_bench":-7.407917821189935},"AAPL":{"current":258.8999938964844,"sma_20":253.06499938964845,"sma_50":260.7072802734375,"sma_200":249.70316627502442,"rsi":53.82856658686145,"avg_vol_20":41061160.75,"current_vol":"38148615","vol_ratio":0.9290681096978,"high_52w":285.9224548339844,"low_52w":189.59365844726562,"off_high":-9.450975423805065,"off_low":36.5551970550196,"trend_signals":["Golden Cross","Above 20d","Below 50d"],"macd":-1.1441083744527987,"macd_signal":-2.3473511163725664,"macd_histogram":1.2032427419197678,"macd_crossover":null,"bb_upper":260.70318304853527,"bb_lower":245.42681573076166,"bb_width":6.036538974025532,"bb_pct_b":0.8819621763118426,"atr":6.190022704550142,"atr_pct":2.3908933373807226,"rs_vs_bench":-0.5948031194946246},"NVDA":{"current":182.0800018310547,"sma_20":177.2519989013672,"sma_50":182.22177459716798,"sma_200":180.3223387145996,"rsi":54.603843190737614,"avg_vol_20":170539250.55,"current_vol":"141319411","vol_ratio":0.8286620853805552,"high_52w":207.01727294921875,"low_52w":96.88717651367188,"off_high":-12.045985710709834,"off_low":87.92992879234245,"trend_signals":["Golden Cross","Above 20d","Below 50d"],"macd":-1.4506146615189266,"macd_signal":-2.4424798358862967,"macd_histogram":0.9918651743673701,"macd_crossover":null,"bb_upper":187.82325258603126,"bb_lower":166.68074521670312,"bb_width":11.927937343653316,"bb_pct_b":0.7283552676770769,"atr":5.476699861439011,"atr_pct":3.0078535843385144,"rs_vs_bench":-1.9857796431424934}}