{"AMZN":{"current":249.1800994873047,"sma_20":219.30450515747071,"sma_50":213.88220245361327,"sma_200":225.4314005279541,"rsi":75.94929441938199,"avg_vol_20":45707780.75,"current_vol":"27672515","vol_ratio":0.6054224148697046,"high_52w":254.0,"low_52w":167.32000732421875,"off_high":-1.8975986270453986,"off_low":48.924270009422294,"trend_signals":["Death Cross","Above 20d","Above 50d"],"macd":9.13673127866187,"macd_signal":4.557623922054468,"macd_histogram":4.579107356607402,"macd_crossover":null,"bb_upper":253.18860936646837,"bb_lower":185.42040094847306,"bb_width":30.901421003337177,"bb_pct_b":0.9408496996934147,"atr":6.601979757606851,"atr_pct":2.649481146845441,"rs_vs_bench":11.450646476535287},"GOOG":{"current":332.739990234375,"sma_20":302.5804977416992,"sma_50":306.8497589111328,"sma_200":271.7354925537109,"rsi":69.98030955833332,"avg_vol_20":19920973.2,"current_vol":"8326864","vol_ratio":0.41799483973001883,"high_52w":344.6571960449219,"low_52w":149.34371948242188,"off_high":-3.457698242573067,"off_low":122.80146188105307,"trend_signals":["Golden Cross","Above 20d","Above 50d"],"macd":6.927171777566741,"macd_signal":1.7767439765932158,"macd_histogram":5.150427800973525,"macd_crossover":null,"bb_upper":339.444178047931,"bb_lower":265.7168174354674,"bb_width":24.366197148436736,"bb_pct_b":0.9090678445849223,"atr":7.948909837042344,"atr_pct":2.388925308149255,"rs_vs_bench":0.9232344555873739},"NVDA":{"current":198.1699981689453,"sma_20":180.27349929809571,"sma_50":182.73839721679687,"sma_200":181.5144009399414,"rsi":68.60236213192441,"avg_vol_20":162484602.65,"current_vol":"94235953","vol_ratio":0.5799685106347521,"high_52w":207.01727294921875,"low_52w":96.88717651367188,"off_high":-4.273689173001361,"off_low":104.53686989318062,"trend_signals":["Golden Cross","Above 20d","Above 50d"],"macd":3.8875224274725326,"macd_signal":0.9533532014332294,"macd_histogram":2.934169226039303,"macd_crossover":null,"bb_upper":199.4955464739891,"bb_lower":161.05145212220233,"bb_width":21.325427476290663,"bb_pct_b":0.9655201058213464,"atr":5.270140733354697,"atr_pct":2.659403937048916,"rs_vs_bench":3.0709523056912778},"MSFT":{"current":419.4198913574219,"sma_20":378.19649200439454,"sma_50":391.8948004150391,"sma_200":470.77240783691406,"rsi":70.48458230414101,"avg_vol_20":33629337.2,"current_vol":"27477444","vol_ratio":0.8170676643606285,"high_52w":539.8251953125,"low_52w":356.3916015625,"off_high":-22.304498752670586,"off_low":17.68512207318911,"trend_signals":["Death Cross","Above 20d","Above 50d"],"macd":1.1710029844909968,"macd_signal":-5.395526249451089,"macd_histogram":6.566529233942086,"macd_crossover":null,"bb_upper":409.2706005717296,"bb_lower":347.1223834370595,"bb_width":16.432785191975793,"bb_pct_b":1.1633078349407775,"atr":9.789952936330694,"atr_pct":2.3341651500233396,"rs_vs_bench":-0.09686768462018325},"AAPL":{"current":264.0799865722656,"sma_20":255.35649871826172,"sma_50":260.68767028808594,"sma_200":251.51603065490724,"rsi":58.447153337114386,"avg_vol_20":41989930.5,"current_vol":"26074310","vol_ratio":0.6209657813079733,"high_52w":285.9224548339844,"low_52w":192.32176208496094,"off_high":-7.639297960840878,"off_low":37.31154691459433,"trend_signals":["Golden Cross","Above 20d","Above 50d"],"macd":1.3360028714083114,"macd_signal":-0.20768032964075506,"macd_histogram":1.5436832010490664,"macd_crossover":null,"bb_upper":266.2718654513833,"bb_lower":244.44113198514015,"bb_width":8.549119985518477,"bb_pct_b":0.8995966451376007,"atr":5.896951932612459,"atr_pct":2.2330173555195767,"rs_vs_bench":-1.8380945262560067}}