{"AMZN":{"current":259.6099853515625,"sma_20":241.5449996948242,"sma_50":222.25879974365233,"sma_200":226.94139991760255,"rsi":73.5857913774571,"avg_vol_20":42978899.4,"current_vol":"4481488","vol_ratio":0.10427181855661945,"high_52w":263.989990234375,"low_52w":184.4199981689453,"off_high":-1.6591556668204932,"off_low":40.771059499597435,"trend_signals":["Death Cross","Above 20d","Above 50d"],"macd":12.017685249937415,"macd_signal":10.727693010986359,"macd_histogram":1.289992238951056,"macd_crossover":null,"bb_upper":278.07526906666106,"bb_lower":205.01473032298736,"bb_width":30.247174992643505,"bb_pct_b":0.747260504334873,"atr":5.992023484709862,"atr_pct":2.308086677249912,"rs_vs_bench":10.621731577943926},"GOOG":{"current":346.2200012207031,"sma_20":326.00599670410156,"sma_50":310.99003234863284,"sma_200":279.0281889343262,"rsi":69.78651985030393,"avg_vol_20":15094840.5,"current_vol":"1539010","vol_ratio":0.10195602928033588,"high_52w":348.5199890136719,"low_52w":152.27357482910156,"off_high":-0.6599299510704751,"off_low":127.36709347585091,"trend_signals":["Golden Cross","Above 20d","Above 50d"],"macd":11.373965097225266,"macd_signal":9.299772497194276,"macd_histogram":2.0741926000309903,"macd_crossover":null,"bb_upper":361.45863984789844,"bb_lower":290.5533535603047,"bb_width":21.749687737170902,"bb_pct_b":0.7850845906553852,"atr":7.464058633041142,"atr_pct":2.1558715864838396,"rs_vs_bench":4.735087494109713},"NVDA":{"current":211.36990356445312,"sma_20":195.08599548339845,"sma_50":186.75078674316407,"sma_200":183.57190017700196,"rsi":68.31773676082521,"avg_vol_20":139616730.65,"current_vol":"12183513","vol_ratio":0.08726399009114742,"high_52w":216.61000061035156,"low_52w":108.89433288574219,"off_high":-2.4191390199589975,"off_low":94.10551308141429,"trend_signals":["Golden Cross","Above 20d","Above 50d"],"macd":8.172611746992914,"macd_signal":6.233579185551857,"macd_histogram":1.9390325614410564,"macd_crossover":null,"bb_upper":220.61666055845996,"bb_lower":169.55533040833694,"bb_width":26.17375482212318,"bb_pct_b":0.8189088108981714,"atr":5.701140684537706,"atr_pct":2.6972338958366677,"rs_vs_bench":7.599945774299719},"MSFT":{"current":424.3299865722656,"sma_20":401.5970001220703,"sma_50":395.6063995361328,"sma_200":467.5515010070801,"rsi":61.67728544702171,"avg_vol_20":30516511.5,"current_vol":"3073730","vol_ratio":0.10072350504414634,"high_52w":539.8252563476562,"low_52w":356.7699890136719,"off_high":-21.394936308983993,"off_low":18.93656967767117,"trend_signals":["Death Cross","Above 20d","Above 50d"],"macd":10.740158759387498,"macd_signal":7.570519198803218,"macd_histogram":3.1696395605842795,"macd_crossover":null,"bb_upper":450.9866405623684,"bb_lower":352.20735968177223,"bb_width":24.59661821442167,"bb_pct_b":0.7301392179365511,"atr":10.084028128032424,"atr_pct":2.376458993504354,"rs_vs_bench":2.211962438737558},"AAPL":{"current":268.57000732421875,"sma_20":264.2819984436035,"sma_50":260.65539916992185,"sma_200":254.2259085083008,"rsi":55.48160260624053,"avg_vol_20":39399600.95,"current_vol":"2389919","vol_ratio":0.06065845699891536,"high_52w":285.9224548339844,"low_52w":194.67759704589844,"off_high":-6.06893485152854,"off_low":37.956298721366984,"trend_signals":["Golden Cross","Above 20d","Above 50d"],"macd":3.5875611306511814,"macd_signal":3.0827756549732688,"macd_histogram":0.5047854756779127,"macd_crossover":null,"bb_upper":277.29534848950436,"bb_lower":251.26864839770272,"bb_width":9.848079038707441,"bb_pct_b":0.6647542279847426,"atr":5.712616930264523,"atr_pct":2.1270494748016406,"rs_vs_bench":-7.605420139336694}}