{"GOOG":{"current":332.7699890136719,"sma_20":302.5819976806641,"sma_50":306.85035888671877,"sma_200":271.7356427001953,"rsi":70.01298695919532,"avg_vol_20":20167762.15,"current_vol":"13229143","vol_ratio":0.655954929535898,"high_52w":344.6571960449219,"low_52w":149.3437042236328,"off_high":-3.4489942956829043,"off_low":122.82157171846342,"trend_signals":["Golden Cross","Above 20d","Above 50d"],"macd":6.929564853332806,"macd_signal":1.7772226054044247,"macd_histogram":5.152342247928382,"macd_crossover":null,"bb_upper":339.4508470282469,"bb_lower":265.7131483330812,"bb_width":24.369492983844417,"bb_pct_b":0.9093969823740505,"atr":7.948909853849276,"atr_pct":2.388709954707693,"rs_vs_bench":0.7068054626378615},"NVDA":{"current":198.35000610351562,"sma_20":180.28249969482422,"sma_50":182.74199737548827,"sma_200":181.51530120849608,"rsi":68.89941741688509,"avg_vol_20":164195550.6,"current_vol":"128050912","vol_ratio":0.7798683431559442,"high_52w":207.01727294921875,"low_52w":96.88717651367188,"off_high":-4.186736073868195,"off_low":104.72266118264496,"trend_signals":["Golden Cross","Above 20d","Above 50d"],"macd":3.90188204800171,"macd_signal":0.9562251423273925,"macd_histogram":2.9456569056743174,"macd_crossover":null,"bb_upper":199.53996588909996,"bb_lower":161.0250335005485,"bb_width":21.363655625891685,"bb_pct_b":0.9691039367905512,"atr":5.270140716079691,"atr_pct":2.6569904481521878,"rs_vs_bench":2.945522029277093},"MSFT":{"current":420.260009765625,"sma_20":378.2384979248047,"sma_50":391.91160278320314,"sma_200":470.77660842895506,"rsi":70.77958036771729,"avg_vol_20":34249251.25,"current_vol":"39605625","vol_ratio":1.156393893428546,"high_52w":539.8251953125,"low_52w":356.3916320800781,"off_high":-22.148870891003853,"off_low":17.920840989666168,"trend_signals":["Death Cross","Above 20d","Above 50d"],"macd":1.2380209939153133,"macd_signal":-5.382122626287496,"macd_histogram":6.62014362020281,"macd_crossover":null,"bb_upper":409.54861615733836,"bb_lower":346.928379692271,"bb_width":16.555754321316208,"bb_pct_b":1.171053228364316,"atr":9.808525007301895,"atr_pct":2.3339182361824093,"rs_vs_bench":-0.10715121232240854},"AAPL":{"current":263.3999938964844,"sma_20":255.32249908447267,"sma_50":260.6740704345703,"sma_200":251.5126303100586,"rsi":57.42977405856677,"avg_vol_20":42654666.8,"current_vol":"39190536","vol_ratio":0.9187865933581739,"high_52w":285.9224548339844,"low_52w":192.32177734375,"off_high":-7.877122120603383,"off_low":36.957965725166616,"trend_signals":["Golden Cross","Above 20d","Above 50d"],"macd":1.2817584295459028,"macd_signal":-0.21852923311479966,"macd_histogram":1.5002876626607025,"macd_crossover":null,"bb_upper":266.12713066155897,"bb_lower":244.5178675073864,"bb_width":8.46351701540537,"bb_pct_b":0.8737977900672655,"atr":5.896951897415918,"atr_pct":2.2387820934169826,"rs_vs_bench":-2.3374689968002063},"AMZN":{"current":249.6999969482422,"sma_20":219.33050003051758,"sma_50":213.89260040283204,"sma_200":225.4340000152588,"rsi":76.17723088287961,"avg_vol_20":46314950.8,"current_vol":"39731916","vol_ratio":0.8578637203259213,"high_52w":254.0,"low_52w":167.32000732421875,"off_high":-1.6929145873062255,"off_low":49.234990448210034,"trend_signals":["Death Cross","Above 20d","Above 50d"],"macd":9.178204587967656,"macd_signal":4.565918593544914,"macd_histogram":4.612285994422742,"macd_crossover":null,"bb_upper":253.31176648160195,"bb_lower":185.34923357943322,"bb_width":30.986357525612007,"bb_pct_b":0.9468564607714244,"atr":6.601979726316683,"atr_pct":2.6439646804181347,"rs_vs_bench":11.47344605584173}}