{"GOOG":{"current":346.9200134277344,"sma_20":319.23999786376953,"sma_50":309.2518603515625,"sma_200":277.36809684753416,"rsi":71.86088728549987,"avg_vol_20":16193311.7,"current_vol":"5051934","vol_ratio":0.31197657981226906,"high_52w":346.9200134277344,"low_52w":152.27357482910156,"off_high":0.0,"off_low":127.82680042619792,"trend_signals":["Golden Cross","Above 20d","Above 50d"],"macd":10.800830572565815,"macd_signal":8.12406271899765,"macd_histogram":2.6767678535681654,"macd_crossover":null,"bb_upper":361.3970790566305,"bb_lower":277.08291667090856,"bb_width":26.410901813657333,"bb_pct_b":0.8282961578546415,"atr":7.635663078856693,"atr_pct":2.2009866203487998,"rs_vs_bench":8.340155354391523},"AMZN":{"current":261.19500732421875,"sma_20":236.04425048828125,"sma_50":219.87289978027343,"sma_200":226.59877502441407,"rsi":76.01938112395482,"avg_vol_20":44211113.2,"current_vol":"11401564","vol_ratio":0.2578890956312767,"high_52w":263.989990234375,"low_52w":184.4199981689453,"off_high":-1.0587457909577611,"off_low":41.63052267517139,"trend_signals":["Death Cross","Above 20d","Above 50d"],"macd":12.27911876074532,"macd_signal":9.95469996166754,"macd_histogram":2.3244187990777796,"macd_crossover":null,"bb_upper":276.65976905845815,"bb_lower":195.42873191810435,"bb_width":34.41347839327552,"bb_pct_b":0.8096200383663839,"atr":6.4382646831988195,"atr_pct":2.4649263970069177,"rs_vs_bench":11.308468593342003},"NVDA":{"current":210.22500610351562,"sma_20":190.51825027465821,"sma_50":185.48749084472655,"sma_200":183.06195220947265,"rsi":72.78527514673794,"avg_vol_20":143241514.25,"current_vol":"40226385","vol_ratio":0.28082909630369257,"high_52w":210.22500610351562,"low_52w":108.70439147949219,"off_high":0.0,"off_low":93.3914566305042,"trend_signals":["Golden Cross","Above 20d","Above 50d"],"macd":7.059681567131889,"macd_signal":5.07432164516163,"macd_histogram":1.9853599219702591,"macd_crossover":null,"bb_upper":216.37380955691356,"bb_lower":164.66269099240287,"bb_width":27.14234383843123,"bb_pct_b":0.8810932034717607,"atr":5.323439495450762,"atr_pct":2.5322579811601855,"rs_vs_bench":8.606329575267413},"MSFT":{"current":419.94000244140625,"sma_20":395.13050079345703,"sma_50":394.3644464111328,"sma_200":468.2618403625488,"rsi":60.32656152191537,"avg_vol_20":32169135.6,"current_vol":"7368812","vol_ratio":0.22906465662073927,"high_52w":539.8252563476562,"low_52w":356.7699890136719,"off_high":-22.208159491715584,"off_low":17.706089461833525,"trend_signals":["Death Cross","Above 20d","Above 50d"],"macd":9.872496641212877,"macd_signal":5.689977213247804,"macd_histogram":4.182519427965072,"macd_crossover":null,"bb_upper":445.54308713582657,"bb_lower":344.7179144510875,"bb_width":25.51692984527218,"bb_pct_b":0.746064558952195,"atr":10.281481655306349,"atr_pct":2.448321568684306,"rs_vs_bench":-1.6836628784130383},"AAPL":{"current":267.44000244140625,"sma_20":262.33049926757815,"sma_50":260.259599609375,"sma_200":253.62119064331054,"rsi":55.04236466408998,"avg_vol_20":40119904.6,"current_vol":"9229692","vol_ratio":0.23005269060385553,"high_52w":285.9224548339844,"low_52w":194.67758178710938,"off_high":-6.464148610961535,"off_low":37.37586012028164,"trend_signals":["Golden Cross","Above 20d","Above 50d"],"macd":3.762993356875029,"macd_signal":2.7453812466947016,"macd_histogram":1.0176121101803273,"macd_crossover":null,"bb_upper":277.4726260980977,"bb_lower":247.18837243705863,"bb_width":11.544312897506058,"bb_pct_b":0.6687181474246303,"atr":5.888951624943384,"atr_pct":2.201971122937602,"rs_vs_bench":-10.233891988012477}}