{"AMZN":{"current":255.0800018310547,"sma_20":230.12900009155274,"sma_50":217.44279998779297,"sma_200":226.19684997558593,"rsi":76.36590875920977,"avg_vol_20":46087085.0,"current_vol":"38951800","vol_ratio":0.8451782099041413,"high_52w":255.36000061035156,"low_52w":184.4199981689453,"off_high":-0.1096486445127008,"off_low":38.31471877435898,"trend_signals":["Death Cross","Above 20d","Above 50d"],"macd":11.248209161494088,"macd_signal":8.70996525599029,"macd_histogram":2.5382439055037977,"macd_crossover":null,"bb_upper":270.86450877953627,"bb_lower":189.39349140356921,"bb_width":35.40232536688347,"bb_pct_b":0.8062561699010057,"atr":6.4266268500388835,"atr_pct":2.5194553880767905,"rs_vs_bench":9.377091163344112},"GOOG":{"current":337.75,"sma_20":312.50299682617185,"sma_50":307.87231994628905,"sma_200":275.6996932220459,"rsi":67.3155694554961,"avg_vol_20":17775215.0,"current_vol":"13391000","vol_ratio":0.7533523504497696,"high_52w":344.6571960449219,"low_52w":152.27357482910156,"off_high":-2.004077130605335,"off_low":121.80473557481055,"trend_signals":["Golden Cross","Above 20d","Above 50d"],"macd":9.711337659295566,"macd_signal":6.773206930979858,"macd_histogram":2.9381307283157083,"macd_crossover":null,"bb_upper":357.8922112806512,"bb_lower":267.1137823716925,"bb_width":29.04881867723456,"bb_pct_b":0.7781167671358165,"atr":7.473666379072707,"atr_pct":2.2127805711540214,"rs_vs_bench":6.777708478438239},"NVDA":{"current":199.63999938964844,"sma_20":186.53150024414063,"sma_50":184.65698272705077,"sma_200":182.60410552978516,"rsi":64.6450315985577,"avg_vol_20":149628325.0,"current_vol":"112939600","vol_ratio":0.7548009375898581,"high_52w":207.01727294921875,"low_52w":106.40491485595703,"off_high":-3.563602908333139,"off_low":87.62291164830688,"trend_signals":["Golden Cross","Above 20d","Above 50d"],"macd":5.9091064919171,"macd_signal":4.095382053756469,"macd_histogram":1.813724438160631,"macd_crossover":null,"bb_upper":211.89051305973052,"bb_lower":161.17248742855074,"bb_width":27.190059354477825,"bb_pct_b":0.7584583879670806,"atr":4.999078546056761,"atr_pct":2.5040465644861993,"rs_vs_bench":3.0555645999067025},"AAPL":{"current":273.42999267578125,"sma_20":260.48999938964846,"sma_50":260.23419982910156,"sma_200":253.04001586914063,"rsi":62.948689603666416,"avg_vol_20":42231345.0,"current_vol":"33285900","vol_ratio":0.7881799644316325,"high_52w":285.9224548339844,"low_52w":194.67759704589844,"off_high":-4.369178407291111,"off_low":40.4527263665144,"trend_signals":["Golden Cross","Above 20d","Above 50d"],"macd":3.9196846492876602,"macd_signal":2.1088659495689965,"macd_histogram":1.8108186997186637,"macd_crossover":null,"bb_upper":276.3262431641275,"bb_lower":244.65375561516942,"bb_width":12.15881132602771,"bb_pct_b":0.9085562672060619,"atr":6.0428087206800045,"atr_pct":2.2100021513898973,"rs_vs_bench":-5.407235580172021},"MSFT":{"current":415.75,"sma_20":389.0395004272461,"sma_50":393.56072692871095,"sma_200":469.0349690246582,"rsi":59.77969587305021,"avg_vol_20":34158160.0,"current_vol":"38151200","vol_ratio":1.1168985683069579,"high_52w":539.8251953125,"low_52w":356.7699890136719,"off_high":-22.984328332558462,"off_low":16.531662640510923,"trend_signals":["Death Cross","Above 20d","Above 50d"],"macd":9.20626044371511,"macd_signal":3.342408601912055,"macd_histogram":5.863851841803054,"macd_crossover":null,"bb_upper":439.6494710193395,"bb_lower":338.42952983515266,"bb_width":26.01790848307854,"bb_pct_b":0.763885744846953,"atr":10.590956860104663,"atr_pct":2.5474340012278205,"rs_vs_bench":0.07286608081300727}}