{"GOOG":{"current":341.8399963378906,"sma_20":315.55799713134763,"sma_50":308.4869036865234,"sma_200":276.5225888824463,"rsi":69.43577131236528,"avg_vol_20":16843342.3,"current_vol":"10643746","vol_ratio":0.6319260043774091,"high_52w":344.6571960449219,"low_52w":152.27357482910156,"off_high":-0.8173918140574853,"off_low":124.49068836897123,"trend_signals":["Golden Cross","Above 20d","Above 50d"],"macd":10.143234598839626,"macd_signal":7.447212465651425,"macd_histogram":2.696022133188201,"macd_crossover":null,"bb_upper":360.16380077093,"bb_lower":270.9521934917653,"bb_width":28.271065252715278,"bb_pct_b":0.7946029110797237,"atr":7.628405541036468,"atr_pct":2.2315719701495067,"rs_vs_bench":7.001708672043236},"AMZN":{"current":263.4700012207031,"sma_20":232.92550048828124,"sma_50":218.63059997558594,"sma_200":226.4015000152588,"rsi":80.17118914704638,"avg_vol_20":45687937.9,"current_vol":"38763058","vol_ratio":0.848430894054424,"high_52w":263.4700012207031,"low_52w":184.4199981689453,"off_high":0.0,"off_low":42.864116601574246,"trend_signals":["Death Cross","Above 20d","Above 50d"],"macd":11.986634712152409,"macd_signal":9.365299147222714,"macd_histogram":2.6213355649296943,"macd_crossover":null,"bb_upper":274.79500644186686,"bb_lower":191.05599453469563,"bb_width":35.950985071033145,"bb_pct_b":0.8647583132015212,"atr":6.606867571339119,"atr_pct":2.507635609643729,"rs_vs_bench":14.304384394170789},"AAPL":{"current":270.05999755859375,"sma_20":261.3484992980957,"sma_50":260.1253997802734,"sma_200":253.33781860351561,"rsi":58.43608100772007,"avg_vol_20":41153325.5,"current_vol":"20236310","vol_ratio":0.4917296416300549,"high_52w":285.9224548339844,"low_52w":194.67758178710938,"off_high":-5.5478179510597965,"off_low":38.72167256213363,"trend_signals":["Golden Cross","Above 20d","Above 50d"],"macd":3.9396552716312385,"macd_signal":2.475023814180737,"macd_histogram":1.4646314574505017,"macd_crossover":null,"bb_upper":277.31109276433244,"bb_lower":245.38590583185893,"bb_width":12.215561603841255,"bb_pct_b":0.7728722710042127,"atr":5.881179439281974,"atr_pct":2.1777306866804516,"rs_vs_bench":-9.321769725831277},"MSFT":{"current":422.57501220703125,"sma_20":391.8697509765625,"sma_50":393.94324462890626,"sma_200":468.6448338317871,"rsi":62.68949109085213,"avg_vol_20":33144793.45,"current_vol":"16569269","vol_ratio":0.49990563450019027,"high_52w":539.8252563476562,"low_52w":356.7699890136719,"off_high":-21.72003676410315,"off_low":18.444663290004932,"trend_signals":["Death Cross","Above 20d","Above 50d"],"macd":9.688969941323137,"macd_signal":4.611720870942524,"macd_histogram":5.077249070380613,"macd_crossover":null,"bb_upper":443.3708510753553,"bb_lower":340.3686508777697,"bb_width":26.284805076405625,"bb_pct_b":0.7981029645150094,"atr":10.333132426846669,"atr_pct":2.445277673395459,"rs_vs_bench":0.5778797996789571},"NVDA":{"current":207.9468994140625,"sma_20":188.36684494018556,"sma_50":185.01512634277344,"sma_200":182.8295757293701,"rsi":71.28993564368,"avg_vol_20":148529525.85,"current_vol":"164176217","vol_ratio":1.1053439783131174,"high_52w":207.9468994140625,"low_52w":106.40492248535156,"off_high":0.0,"off_low":95.42977388352489,"trend_signals":["Golden Cross","Above 20d","Above 50d"],"macd":6.482605425184261,"macd_signal":4.572826727906655,"macd_histogram":1.9097786972776056,"macd_crossover":null,"bb_upper":214.37108539998596,"bb_lower":162.36260448038516,"bb_width":27.61020971398427,"bb_pct_b":0.8764781075637544,"atr":5.44985847561863,"atr_pct":2.6207933328050768,"rs_vs_bench":6.265794178338432}}