{"AMZN":{"current":224.81500244140625,"sma_20":210.31474990844725,"sma_50":213.31850036621094,"sma_200":224.68522506713867,"rsi":63.495571992849804,"avg_vol_20":41019021.8,"current_vol":"9610036","vol_ratio":0.23428242747612282,"high_52w":254.0,"low_52w":167.32000732421875,"off_high":-11.490156519131398,"off_low":34.36229536242997,"trend_signals":["Death Cross","Above 20d","Above 50d"],"macd":1.172984668874193,"macd_signal":-0.9667323310401734,"macd_histogram":2.1397169999143664,"macd_crossover":null,"bb_upper":221.92502801902273,"bb_lower":198.70447179787178,"bb_width":11.040859583675974,"bb_pct_b":1.1244575881326702,"atr":6.157375760034094,"atr_pct":2.7388633735148065,"rs_vs_bench":5.911492132375407},"GOOG":{"current":310.9700012207031,"sma_20":296.9144989013672,"sma_50":308.04483825683593,"sma_200":267.88172462463376,"rsi":58.40879869598177,"avg_vol_20":19776073.55,"current_vol":"2493671","vol_ratio":0.12609535425195664,"high_52w":344.6571960449219,"low_52w":149.3437042236328,"off_high":-9.774116197425348,"off_low":108.22437935183736,"trend_signals":["Golden Cross","Above 20d","Above 50d"],"macd":-0.8068289213358639,"macd_signal":-4.190234040970716,"macd_histogram":3.383405119634852,"macd_crossover":null,"bb_upper":320.3054712291299,"bb_lower":273.5235265736045,"bb_width":15.756032402804971,"bb_pct_b":0.8004471580399729,"atr":8.17827716109367,"atr_pct":2.62992479306367,"rs_vs_bench":1.1758778752594345},"NVDA":{"current":181.67990112304688,"sma_20":177.03449401855468,"sma_50":182.08517669677735,"sma_200":180.5100080871582,"rsi":54.05759804633976,"avg_vol_20":164508123.9,"current_vol":"18684178","vol_ratio":0.11357602018097053,"high_52w":207.01727294921875,"low_52w":96.88717651367188,"off_high":-12.23925494970032,"off_low":87.5169735154887,"trend_signals":["Golden Cross","Above 20d","Below 50d"],"macd":-0.9590278449921357,"macd_signal":-2.145789438006413,"macd_histogram":1.1867615930142774,"macd_crossover":null,"bb_upper":187.0073628974381,"bb_lower":167.06162513967126,"bb_width":11.266582746115205,"bb_pct_b":0.7329022451266953,"atr":5.202642198558213,"atr_pct":2.8636311261720717,"rs_vs_bench":-2.180665746945809},"MSFT":{"current":367.6700134277344,"sma_20":378.4049987792969,"sma_50":395.70771484375,"sma_200":473.14493774414063,"rsi":36.45856147215791,"avg_vol_20":30376309.9,"current_vol":"5079898","vol_ratio":0.16723222855979622,"high_52w":539.8251953125,"low_52w":356.3916015625,"off_high":-31.89091272131278,"off_low":3.1646121333351602,"trend_signals":["Death Cross","Below 20d","Below 50d"],"macd":-9.147343237839323,"macd_signal":-10.23020793569015,"macd_histogram":1.0828646978508267,"macd_crossover":null,"bb_upper":405.68619265716325,"bb_lower":351.1238049014305,"bb_width":14.419045184853921,"bb_pct_b":0.3032530137863221,"atr":8.676626607082001,"atr_pct":2.35989509348099,"rs_vs_bench":-9.891339174644052},"AAPL":{"current":256.9200134277344,"sma_20":252.87050018310546,"sma_50":260.68510986328124,"sma_200":249.98332344055177,"rsi":51.19092207188626,"avg_vol_20":40085243.1,"current_vol":"3840962","vol_ratio":0.09581985047260447,"high_52w":285.9224548339844,"low_52w":189.5936737060547,"off_high":-10.143464046253287,"off_low":35.51085772306,"trend_signals":["Golden Cross","Above 20d","Below 50d"],"macd":-0.881293514422282,"macd_signal":-2.054139595988998,"macd_histogram":1.1728460815667159,"macd_crossover":null,"bb_upper":259.8478066065729,"bb_lower":245.89319375963805,"bb_width":5.518481925266165,"bb_pct_b":0.7901917300785885,"atr":6.030740830534203,"atr_pct":2.347322324202863,"rs_vs_bench":-0.9298501522120528}}