{"AMZN":{"current":263.3500061035156,"sma_20":241.73200073242188,"sma_50":222.3336001586914,"sma_200":226.9601000213623,"rsi":75.66393246698789,"avg_vol_20":44943917.95,"current_vol":"43781859","vol_ratio":0.9741442445829314,"high_52w":263.989990234375,"low_52w":184.4199981689453,"off_high":-0.24242742321070043,"off_low":42.799050384038786,"trend_signals":["Death Cross","Above 20d","Above 50d"],"macd":12.316034483711462,"macd_signal":10.787362857741169,"macd_histogram":1.5286716259702935,"macd_crossover":null,"bb_upper":278.68745889133965,"bb_lower":204.77654257350412,"bb_width":30.57556140432108,"bb_pct_b":0.792487313756616,"atr":6.435594302929728,"atr_pct":2.4437418468864864,"rs_vs_bench":11.948113153018223},"NVDA":{"current":209.05990600585938,"sma_20":194.97049560546876,"sma_50":186.7045867919922,"sma_200":183.56035041809082,"rsi":65.17036355069993,"avg_vol_20":143491806.85,"current_vol":"89685037","vol_ratio":0.6250185217456546,"high_52w":216.61000061035156,"low_52w":108.89433288574219,"off_high":-3.48557064919346,"off_low":91.98419280938734,"trend_signals":["Golden Cross","Above 20d","Above 50d"],"macd":7.988338437393082,"macd_signal":6.1967245235272586,"macd_histogram":1.7916139138658238,"macd_crossover":null,"bb_upper":220.21022322741362,"bb_lower":169.7307679835239,"bb_width":25.890817524533094,"bb_pct_b":0.7791117759159271,"atr":5.902868415500869,"atr_pct":2.823529641946471,"rs_vs_bench":5.835820493855202},"GOOG":{"current":348.95001220703125,"sma_20":326.14249725341796,"sma_50":311.04463256835936,"sma_200":279.0418384552002,"rsi":72.05812968643055,"avg_vol_20":15633781.65,"current_vol":"12317833","vol_ratio":0.7878984928768018,"high_52w":348.95001220703125,"low_52w":152.27357482910156,"off_high":0.0,"off_low":129.15992653266463,"trend_signals":["Golden Cross","Above 20d","Above 50d"],"macd":11.59174375209301,"macd_signal":9.343328229041239,"macd_histogram":2.2484155230517704,"macd_crossover":null,"bb_upper":361.94216286119905,"bb_lower":290.34283164563686,"bb_width":21.953389030417693,"bb_pct_b":0.8185436870205857,"atr":7.884773964965328,"atr_pct":2.259571196199675,"rs_vs_bench":5.211069105857245},"MSFT":{"current":424.80999755859375,"sma_20":401.6210006713867,"sma_50":395.6159997558594,"sma_200":467.5539013671875,"rsi":62.02195711659343,"avg_vol_20":31379618.55,"current_vol":"20335871","vol_ratio":0.6480598534872885,"high_52w":539.8251953125,"low_52w":356.7699890136719,"off_high":-21.30600771372388,"off_low":19.071113221441532,"trend_signals":["Death Cross","Above 20d","Above 50d"],"macd":10.778450233360047,"macd_signal":7.578177492682887,"macd_histogram":3.2002727406771605,"macd_crossover":null,"bb_upper":451.0575987167512,"bb_lower":352.1844026260222,"bb_width":24.618532378895395,"bb_pct_b":0.7345326924187636,"atr":10.190456001928686,"atr_pct":2.3988267838548514,"rs_vs_bench":1.8921567414395426},"AAPL":{"current":270.29998779296875,"sma_20":264.36849746704104,"sma_50":260.6899987792969,"sma_200":254.2345581817627,"rsi":57.708495551872765,"avg_vol_20":40087978.95,"current_vol":"16157479","vol_ratio":0.40305047605798544,"high_52w":285.9224548339844,"low_52w":194.67758178710938,"off_high":-5.463882523702632,"off_low":38.84494830460583,"trend_signals":["Golden Cross","Above 20d","Above 50d"],"macd":3.7255652707322042,"macd_signal":3.1103764831468106,"macd_histogram":0.6151887875853936,"macd_crossover":null,"bb_upper":277.52407752193693,"bb_lower":251.21291741214512,"bb_width":9.952456651183276,"bb_pct_b":0.7254362901968847,"atr":5.7361895796438995,"atr_pct":2.122156803069273,"rs_vs_bench":-7.378428084913936}}