{"AMZN":{"current":249.91000366210938,"sma_20":225.55450057983398,"sma_50":215.54760009765624,"sma_200":225.85879997253417,"rsi":74.01278276502005,"avg_vol_20":45918795.0,"current_vol":"42833300","vol_ratio":0.9328054013612509,"high_52w":254.0,"low_52w":173.17999267578125,"off_high":-1.6102347786970963,"off_low":44.30651012324394,"trend_signals":["Death Cross","Above 20d","Above 50d"],"macd":10.486438924633063,"macd_signal":7.345166986988957,"macd_histogram":3.141271937644106,"macd_crossover":null,"bb_upper":264.12787979252937,"bb_lower":186.98112136713863,"bb_width":34.2031563223386,"bb_pct_b":0.8157035185843846,"atr":6.515673749123832,"atr_pct":2.6072080563582976,"rs_vs_bench":10.255388438438338},"GOOG":{"current":330.4700012207031,"sma_20":307.6684967041016,"sma_50":307.2142663574219,"sma_200":274.08192916870115,"rsi":63.4203286970547,"avg_vol_20":18943570.0,"current_vol":"14581900","vol_ratio":0.7697545921914402,"high_52w":344.6571960449219,"low_52w":152.27357482910156,"off_high":-4.116320502523215,"off_low":117.0238674645903,"trend_signals":["Golden Cross","Above 20d","Above 50d"],"macd":8.947680288772858,"macd_signal":5.189527792953834,"macd_histogram":3.758152495819024,"macd_crossover":null,"bb_upper":351.46859809549585,"bb_lower":263.8683953127073,"bb_width":28.472269251225136,"bb_pct_b":0.7602905449104911,"atr":7.663660101055783,"atr_pct":2.319018389792554,"rs_vs_bench":3.936132066168385},"NVDA":{"current":199.8800048828125,"sma_20":184.11849975585938,"sma_50":184.1853726196289,"sma_200":182.1843413543701,"rsi":67.60890107958215,"avg_vol_20":154100615.0,"current_vol":"107561800","vol_ratio":0.6979972143524541,"high_52w":207.01727294921875,"low_52w":98.86669921875,"off_high":-3.447667899749128,"off_low":102.17121281713166,"trend_signals":["Golden Cross","Above 20d","Above 50d"],"macd":5.594946630779333,"macd_signal":3.0681996995952936,"macd_histogram":2.5267469311840394,"macd_crossover":null,"bb_upper":207.9662614240671,"bb_lower":160.27073808765164,"bb_width":25.904796856187517,"bb_pct_b":0.830460890758677,"atr":4.980943109321591,"atr_pct":2.491966673826061,"rs_vs_bench":3.752498125989966},"MSFT":{"current":424.1600036621094,"sma_20":383.79499969482424,"sma_50":393.0870666503906,"sma_200":469.7346043395996,"rsi":69.92258190808106,"avg_vol_20":34474610.0,"current_vol":"31992100","vol_ratio":0.9279901933625935,"high_52w":539.8251953125,"low_52w":356.7699890136719,"off_high":-21.426415931444822,"off_low":18.888924720025997,"trend_signals":["Death Cross","Above 20d","Above 50d"],"macd":7.199478970747236,"macd_signal":0.057770018620435515,"macd_histogram":7.141708952126801,"macd_crossover":null,"bb_upper":428.6740491010248,"bb_lower":338.91595028862366,"bb_width":23.386990159791708,"bb_pct_b":0.9497087672461733,"atr":9.729570507696996,"atr_pct":2.293844403926326,"rs_vs_bench":3.4608780273322814},"AAPL":{"current":266.1700134277344,"sma_20":258.3729988098145,"sma_50":260.2681994628906,"sma_200":252.40044479370118,"rsi":56.72387613540125,"avg_vol_20":42083255.0,"current_vol":"50154100","vol_ratio":1.1917828124274132,"high_52w":285.9224548339844,"low_52w":194.6775665283203,"off_high":-6.9083211452276085,"off_low":36.723515798115265,"trend_signals":["Golden Cross","Above 20d","Above 50d"],"macd":2.926443704018652,"macd_signal":1.1966880252144088,"macd_histogram":1.7297556788042434,"macd_crossover":null,"bb_upper":272.24182706145416,"bb_lower":244.50417055817482,"bb_width":10.73550898547906,"bb_pct_b":0.7810985353790818,"atr":6.0846205857627975,"atr_pct":2.2859902614141703,"rs_vs_bench":-4.56013728522533}}