{"MSFT":{"current":432.0299987792969,"sma_20":386.75950012207034,"sma_50":393.47450378417966,"sma_200":469.4205278015137,"rsi":72.80528937533796,"avg_vol_20":32896623.0,"current_vol":"11173860","vol_ratio":0.33966586783087127,"high_52w":539.8251953125,"low_52w":356.7699890136719,"off_high":-19.968537494957317,"off_low":21.094826382030956,"trend_signals":["Death Cross","Above 20d","Above 50d"],"macd":9.080150453751457,"macd_signal":1.8622461056441035,"macd_histogram":7.2179043481073535,"macd_crossover":null,"bb_upper":436.1681074181681,"bb_lower":337.35089282597255,"bb_width":25.550041966908775,"bb_pct_b":0.9581236057305539,"atr":9.668885068939607,"atr_pct":2.2380124288264924,"rs_vs_bench":5.397630457597911},"AMZN":{"current":252.67999267578125,"sma_20":227.82649993896484,"sma_50":216.4267999267578,"sma_200":226.00484992980958,"rsi":75.52118102205631,"avg_vol_20":44739618.1,"current_vol":"11767862","vol_ratio":0.2630300056137493,"high_52w":254.0,"low_52w":173.17999267578125,"off_high":-0.5196879229207677,"off_low":45.90599570519433,"trend_signals":["Death Cross","Above 20d","Above 50d"],"macd":10.78256405840375,"macd_signal":8.032646401271917,"macd_histogram":2.7499176571318333,"macd_crossover":null,"bb_upper":267.20237685249555,"bb_lower":188.45062302543414,"bb_width":34.56654684514714,"bb_pct_b":0.8155928792569445,"atr":6.318839517531839,"atr_pct":2.500728075308942,"rs_vs_bench":8.311989066350888},"GOOG":{"current":335.4100036621094,"sma_20":309.97899627685547,"sma_50":307.43903381347656,"sma_200":274.8731742858887,"rsi":66.15667202919684,"avg_vol_20":17781851.65,"current_vol":"4176833","vol_ratio":0.23489302926447483,"high_52w":344.6571960449219,"low_52w":152.27357482910156,"off_high":-2.68301155145684,"off_low":120.26803011523437,"trend_signals":["Golden Cross","Above 20d","Above 50d"],"macd":9.250188506055508,"macd_signal":6.001659935585948,"macd_histogram":3.24852857046956,"macd_crossover":null,"bb_upper":354.545611849685,"bb_lower":265.41238070402596,"bb_width":28.754603446115528,"bb_pct_b":0.7853145460832142,"atr":7.559113822888074,"atr_pct":2.2536936109106316,"rs_vs_bench":4.78242490050893},"NVDA":{"current":201.375,"sma_20":185.42724990844727,"sma_50":184.4122784423828,"sma_200":182.40014762878417,"rsi":68.9029842072564,"avg_vol_20":148879523.5,"current_vol":"43245970","vol_ratio":0.29047627896256667,"high_52w":207.01727294921875,"low_52w":98.86669921875,"off_high":-2.7255082964032655,"off_low":103.68334493947519,"trend_signals":["Golden Cross","Above 20d","Above 50d"],"macd":5.847212567240376,"macd_signal":3.624002273281784,"macd_histogram":2.2232102939585925,"macd_crossover":null,"bb_upper":210.07376270920813,"bb_lower":160.7807371076864,"bb_width":26.583485235238957,"bb_pct_b":0.8235295439251838,"atr":4.807303443751653,"atr_pct":2.38723945065259,"rs_vs_bench":1.6615347356853984},"AAPL":{"current":272.739990234375,"sma_20":259.4279983520508,"sma_50":260.23059936523435,"sma_200":252.7175798034668,"rsi":62.421525402849404,"avg_vol_20":40662543.0,"current_vol":"16738060","vol_ratio":0.411633379643767,"high_52w":285.9224548339844,"low_52w":194.67758178710938,"off_high":-4.610503434318767,"off_low":40.09830393960366,"trend_signals":["Golden Cross","Above 20d","Above 50d"],"macd":3.459750694844388,"macd_signal":1.6493005593643386,"macd_histogram":1.8104501354800493,"macd_crossover":null,"bb_upper":274.3131910426199,"bb_lower":244.54280566148165,"bb_width":11.475394163408314,"bb_pct_b":0.9471555108170805,"atr":6.132147686930098,"atr_pct":2.248349309413896,"rs_vs_bench":-3.075417456927898}}