{"GOOG":{"current":383.2200012207031,"sma_20":334.8504974365234,"sma_50":314.1735858154297,"sma_200":281.02921073913575,"rsi":82.76614751975218,"avg_vol_20":17864786.75,"current_vol":"27930335","vol_ratio":1.5634295214858918,"high_52w":383.2200012207031,"low_52w":152.27357482910156,"off_high":0.0,"off_low":151.66546569278057,"trend_signals":["Golden Cross","Above 20d","Above 50d"],"macd":16.30898409920428,"macd_signal":11.498829955516706,"macd_histogram":4.8101541436875745,"macd_crossover":null,"bb_upper":378.1129744696231,"bb_lower":291.58802040342374,"bb_width":25.839876221955333,"bb_pct_b":1.0590237441463728,"atr":9.721876108658803,"atr_pct":2.5368916230079033,"rs_vs_bench":14.190248752881638},"AMZN":{"current":268.260009765625,"sma_20":247.36550064086913,"sma_50":224.80080047607422,"sma_200":227.3774500274658,"rsi":78.12439331294203,"avg_vol_20":50003609.3,"current_vol":"48967586","vol_ratio":0.979281029619596,"high_52w":268.260009765625,"low_52w":185.00999450683594,"off_high":0.0,"off_low":44.99757728262246,"trend_signals":["Death Cross","Above 20d","Above 50d"],"macd":12.553996085398865,"macd_signal":11.391471826105793,"macd_histogram":1.1625242592930718,"macd_crossover":null,"bb_upper":280.1145021729217,"bb_lower":214.61649910881656,"bb_width":26.478228732145077,"bb_pct_b":0.8190098651451361,"atr":7.47663594991614,"atr_pct":2.7870855430328105,"rs_vs_bench":11.514008017435296},"NVDA":{"current":198.4499969482422,"sma_20":197.2240005493164,"sma_50":187.15159576416016,"sma_200":183.84133491516113,"rsi":52.9832358179993,"avg_vol_20":147282234.4,"current_vol":"127371188","vol_ratio":0.8648102639051217,"high_52w":216.61000061035156,"low_52w":113.51325988769531,"off_high":-8.383732796703352,"off_low":74.82538792787669,"trend_signals":["Golden Cross","Above 20d","Above 50d"],"macd":6.243172908541169,"macd_signal":6.354402664764176,"macd_histogram":-0.11122975622300668,"macd_crossover":"bearish","bb_upper":219.15473600321604,"bb_lower":175.29326509541676,"bb_width":22.239418521901246,"bb_pct_b":0.5279515568801361,"atr":6.278848235516286,"atr_pct":3.1639447377536998,"rs_vs_bench":-2.8392523092855004},"MSFT":{"current":414.44000244140625,"sma_20":405.5730010986328,"sma_50":396.11039978027344,"sma_200":466.63525939941405,"rsi":54.495386144317145,"avg_vol_20":34706879.0,"current_vol":"31134780","vol_ratio":0.8970780691631766,"high_52w":539.8252563476562,"low_52w":356.7699890136719,"off_high":-23.227007708861226,"off_low":16.164479974105777,"trend_signals":["Death Cross","Above 20d","Above 50d"],"macd":8.48891927975302,"macd_signal":8.023221211000411,"macd_histogram":0.46569806875260866,"macd_crossover":null,"bb_upper":450.6448872257124,"bb_lower":360.5011149715532,"bb_width":22.226275420201556,"bb_pct_b":0.5983651018927082,"atr":11.207431838283393,"atr_pct":2.704235057490114,"rs_vs_bench":-3.4082787780225434},"AAPL":{"current":280.1400146484375,"sma_20":266.35899963378904,"sma_50":261.2185998535156,"sma_200":254.90136840820313,"rsi":66.43622166593416,"avg_vol_20":45610172.0,"current_vol":"76013740","vol_ratio":1.6665962145461761,"high_52w":285.9224548339844,"low_52w":194.67758178710938,"off_high":-2.0223805747975767,"off_low":43.899473209393975,"trend_signals":["Golden Cross","Above 20d","Above 50d"],"macd":4.361253353363566,"macd_signal":3.454840091218,"macd_histogram":0.9064132621455654,"macd_crossover":null,"bb_upper":280.05537616350256,"bb_lower":252.66262310407552,"bb_width":10.28414774687122,"bb_pct_b":1.0030898130155566,"atr":6.6001818554509315,"atr_pct":2.3560296674267858,"rs_vs_bench":-6.333283271736079}}