{"GOOG":{"current":347.2300109863281,"sma_20":323.0244964599609,"sma_50":310.11236877441405,"sma_200":278.207734375,"rsi":71.03771986855179,"avg_vol_20":16232883.5,"current_vol":"11176670","vol_ratio":0.688520311255853,"high_52w":348.5199890136719,"low_52w":152.2735595703125,"off_high":-0.37013028463430436,"off_low":128.0304026294166,"trend_signals":["Golden Cross","Above 20d","Above 50d"],"macd":11.286226565487254,"macd_signal":8.77691682910206,"macd_histogram":2.5093097363851946,"macd_crossover":null,"bb_upper":361.1509094887655,"bb_lower":284.89808343115635,"bb_width":23.605895804580477,"bb_pct_b":0.8174376056315592,"atr":7.648216436553734,"atr_pct":2.202636924967547,"rs_vs_bench":7.066050508658694},"AMZN":{"current":259.07000732421875,"sma_20":238.9465003967285,"sma_50":221.07699981689453,"sma_200":226.76864997863768,"rsi":72.8027643698012,"avg_vol_20":45050681.75,"current_vol":"29640335","vol_ratio":0.6579331066393906,"high_52w":263.989990234375,"low_52w":184.4199981689453,"off_high":-1.8637005538688047,"off_low":40.47826152068785,"trend_signals":["Death Cross","Above 20d","Above 50d"],"macd":12.161705204315439,"macd_signal":10.395143589435015,"macd_histogram":1.7665616148804233,"macd_crossover":null,"bb_upper":277.23088449212435,"bb_lower":200.66211630133267,"bb_width":32.04431454893156,"bb_pct_b":0.7628161246808505,"atr":6.297674435877698,"atr_pct":2.4308774685740975,"rs_vs_bench":10.41234734028189},"MSFT":{"current":426.6700134277344,"sma_20":398.76000213623047,"sma_50":394.98732482910157,"sma_200":467.9175250244141,"rsi":64.3542851614128,"avg_vol_20":32056983.25,"current_vol":"19061665","vol_ratio":0.5946181788643509,"high_52w":539.8251953125,"low_52w":356.7699890136719,"off_high":-20.961448792559803,"off_low":19.59246196893087,"trend_signals":["Death Cross","Above 20d","Above 50d"],"macd":10.613396369547957,"macd_signal":6.736947145734712,"macd_histogram":3.8764492238132444,"macd_crossover":null,"bb_upper":448.5188141686916,"bb_lower":349.0011901037693,"bb_width":24.956771875761895,"bb_pct_b":0.7804529504572603,"atr":10.232963490457259,"atr_pct":2.398332005628614,"rs_vs_bench":1.2841882538007212},"NVDA":{"current":213.80499267578125,"sma_20":193.2692497253418,"sma_50":186.23528839111327,"sma_200":183.3384393310547,"rsi":71.91049611564755,"avg_vol_20":147956233.25,"current_vol":"134185265","vol_ratio":0.9069253930874859,"high_52w":216.61000061035156,"low_52w":108.70439910888672,"off_high":-1.2949577243278325,"off_low":96.68476568424582,"trend_signals":["Golden Cross","Above 20d","Above 50d"],"macd":8.089998053478894,"macd_signal":5.758952013298055,"macd_histogram":2.331046040180839,"macd_crossover":null,"bb_upper":219.29039084725864,"bb_lower":167.24810860342498,"bb_width":26.927347375638817,"bb_pct_b":0.894597278693954,"atr":5.9266127295893805,"atr_pct":2.7719711571827657,"rs_vs_bench":8.615541567749663},"AAPL":{"current":270.2099914550781,"sma_20":263.5179977416992,"sma_50":260.5515991210938,"sma_200":253.92049362182618,"rsi":57.80382195207879,"avg_vol_20":40877379.05,"current_vol":"22385181","vol_ratio":0.5476178150418869,"high_52w":285.9224548339844,"low_52w":194.67758178710938,"off_high":-5.495358308961569,"off_low":38.79871990117875,"trend_signals":["Golden Cross","Above 20d","Above 50d"],"macd":3.7506375243314096,"macd_signal":2.948602084665064,"macd_histogram":0.8020354396663456,"macd_crossover":null,"bb_upper":277.11554237169963,"bb_lower":249.9204531116988,"bb_width":10.32001210280047,"bb_pct_b":0.7460736072384085,"atr":5.869027642386014,"atr_pct":2.172024657852716,"rs_vs_bench":-7.509153092780641}}