{"GOOG":{"current":337.75,"sma_20":312.50299682617185,"sma_50":307.87231994628905,"sma_200":275.69969276428225,"rsi":67.31556945554925,"avg_vol_20":17775215.0,"current_vol":"13391000","vol_ratio":0.7533523504497696,"high_52w":344.6571960449219,"low_52w":152.27357482910156,"off_high":-2.004077130605335,"off_low":121.80473557481055,"trend_signals":["Golden Cross","Above 20d","Above 50d"],"macd":9.711337659305684,"macd_signal":6.77320693099474,"macd_histogram":2.938130728310944,"macd_crossover":null,"bb_upper":357.89221128064696,"bb_lower":267.11378237169674,"bb_width":29.048818677231836,"bb_pct_b":0.7781167671358425,"atr":7.473666379089292,"atr_pct":2.212780571158932,"rs_vs_bench":6.777708478438239},"AMZN":{"current":255.0800018310547,"sma_20":230.12900009155274,"sma_50":217.44279998779297,"sma_200":226.19684997558593,"rsi":76.36590875920977,"avg_vol_20":46087085.0,"current_vol":"38951800","vol_ratio":0.8451782099041413,"high_52w":255.36000061035156,"low_52w":184.4199981689453,"off_high":-0.1096486445127008,"off_low":38.31471877435898,"trend_signals":["Death Cross","Above 20d","Above 50d"],"macd":11.248209161494088,"macd_signal":8.70996525599029,"macd_histogram":2.5382439055037977,"macd_crossover":null,"bb_upper":270.86450877953627,"bb_lower":189.39349140356921,"bb_width":35.40232536688347,"bb_pct_b":0.8062561699010057,"atr":6.4266268500388835,"atr_pct":2.5194553880767905,"rs_vs_bench":9.377091163344112},"AAPL":{"current":273.42999267578125,"sma_20":260.48999938964846,"sma_50":260.23419982910156,"sma_200":253.04001586914063,"rsi":62.94868960366653,"avg_vol_20":42231345.0,"current_vol":"33285900","vol_ratio":0.7881799644316325,"high_52w":285.9224548339844,"low_52w":194.67759704589844,"off_high":-4.369178407291111,"off_low":40.4527263665144,"trend_signals":["Golden Cross","Above 20d","Above 50d"],"macd":3.9196846492876602,"macd_signal":2.108865949569033,"macd_histogram":1.8108186997186273,"macd_crossover":null,"bb_upper":276.3262431641275,"bb_lower":244.65375561516942,"bb_width":12.15881132602771,"bb_pct_b":0.9085562672060619,"atr":6.042808720680002,"atr_pct":2.2100021513898964,"rs_vs_bench":-5.407235580172021},"MSFT":{"current":415.75,"sma_20":389.0395004272461,"sma_50":393.56072692871095,"sma_200":469.03496871948244,"rsi":59.77969587307022,"avg_vol_20":34158160.0,"current_vol":"38151200","vol_ratio":1.1168985683069579,"high_52w":539.8251953125,"low_52w":356.7699890136719,"off_high":-22.984328332558462,"off_low":16.531662640510923,"trend_signals":["Death Cross","Above 20d","Above 50d"],"macd":9.206260443717099,"macd_signal":3.3424086019149892,"macd_histogram":5.863851841802109,"macd_crossover":null,"bb_upper":439.64947101934047,"bb_lower":338.4295298351517,"bb_width":26.01790848307904,"bb_pct_b":0.7638857448469479,"atr":10.590956860114076,"atr_pct":2.5474340012300845,"rs_vs_bench":0.07286608081300727},"NVDA":{"current":199.63999938964844,"sma_20":186.53150024414063,"sma_50":184.65698272705077,"sma_200":182.60410568237305,"rsi":64.6450315985824,"avg_vol_20":149628325.0,"current_vol":"112939600","vol_ratio":0.7548009375898581,"high_52w":207.01727294921875,"low_52w":106.40491485595703,"off_high":-3.563602908333139,"off_low":87.62291164830688,"trend_signals":["Golden Cross","Above 20d","Above 50d"],"macd":5.909106491914088,"macd_signal":4.095382053752043,"macd_histogram":1.813724438162045,"macd_crossover":null,"bb_upper":211.89051305973038,"bb_lower":161.17248742855088,"bb_width":27.19005935447767,"bb_pct_b":0.7584583879670821,"atr":4.9990785460568885,"atr_pct":2.5040465644862633,"rs_vs_bench":3.0555645999067025}}