{"AMZN":{"current":246.24989318847656,"sma_20":215.53549423217774,"sma_50":213.5047982788086,"sma_200":225.1425994873047,"rsi":75.21819397514615,"avg_vol_20":43157426.45,"current_vol":"9586329","vol_ratio":0.2221246674916131,"high_52w":254.0,"low_52w":167.32000732421875,"off_high":-3.0512231541430856,"off_low":47.17301124145546,"trend_signals":["Death Cross","Above 20d","Above 50d"],"macd":6.648821501908117,"macd_signal":2.181210307691279,"macd_histogram":4.467611194216838,"macd_crossover":null,"bb_upper":242.18524017265656,"bb_lower":188.88574829169892,"bb_width":24.728869864720618,"bb_pct_b":1.0762606334953106,"atr":6.556315735285423,"atr_pct":2.6624643976057696,"rs_vs_bench":11.185541526158403},"GOOG":{"current":323.52899169921875,"sma_20":299.6529479980469,"sma_50":307.0668865966797,"sma_200":270.1384912109375,"rsi":66.76606720675227,"avg_vol_20":19348246.55,"current_vol":"2260131","vol_ratio":0.1168132209892684,"high_52w":344.6571960449219,"low_52w":149.3437042236328,"off_high":-6.1302083891349595,"off_low":116.63383359954325,"trend_signals":["Golden Cross","Above 20d","Above 50d"],"macd":3.4775124001270683,"macd_signal":-0.9443503779487308,"macd_histogram":4.421862778075799,"macd_crossover":null,"bb_upper":328.93315618417626,"bb_lower":270.37273981191754,"bb_width":19.54274662188219,"bb_pct_b":0.9077164265601505,"atr":7.772921279496421,"atr_pct":2.402542423994823,"rs_vs_bench":1.3203478857826356},"NVDA":{"current":192.60499572753906,"sma_20":178.3427490234375,"sma_50":182.03810119628906,"sma_200":181.0881135559082,"rsi":65.03819898732397,"avg_vol_20":158675380.65,"current_vol":"25518113","vol_ratio":0.16081961105413614,"high_52w":207.01727294921875,"low_52w":96.88717651367188,"off_high":-6.961871836276683,"off_low":98.7930731992797,"trend_signals":["Golden Cross","Above 20d","Above 50d"],"macd":1.747091015441697,"macd_signal":-0.5713951282528877,"macd_histogram":2.3184861436945847,"macd_crossover":null,"bb_upper":192.15041624077313,"bb_lower":164.53508180610189,"bb_width":15.484416712137861,"bb_pct_b":1.0164611255330376,"atr":5.190408750589726,"atr_pct":2.6948463776776226,"rs_vs_bench":2.6247941895394034},"MSFT":{"current":393.42999267578125,"sma_20":376.2404983520508,"sma_50":391.9419915771484,"sma_200":471.55887252807617,"rsi":57.99695946120289,"avg_vol_20":31047922.75,"current_vol":"6192655","vol_ratio":0.19945472841657338,"high_52w":539.8251953125,"low_52w":356.3916320800781,"off_high":-27.119001467127124,"off_low":10.392601077508163,"trend_signals":["Death Cross","Above 20d","Above 50d"],"macd":-4.864605521513795,"macd_signal":-8.323753760593572,"macd_histogram":3.459148239079777,"macd_crossover":null,"bb_upper":398.55219483429306,"bb_lower":353.9288018698085,"bb_width":11.860337512824078,"bb_pct_b":0.8852126246296749,"atr":8.929194441987129,"atr_pct":2.2695764451658165,"rs_vs_bench":-4.740060243932209},"AAPL":{"current":260.94000244140625,"sma_20":254.14500045776367,"sma_50":260.899384765625,"sma_200":250.89911827087403,"rsi":55.96349885732413,"avg_vol_20":39361710.4,"current_vol":"4534208","vol_ratio":0.1151933682231451,"high_52w":285.9224548339844,"low_52w":192.32179260253906,"off_high":-8.737492271141743,"off_low":35.6788530879996,"trend_signals":["Golden Cross","Above 20d","Above 50d"],"macd":0.4054747114255406,"macd_signal":-0.9494767222039897,"macd_histogram":1.3549514336295303,"macd_crossover":null,"bb_upper":263.17805804179164,"bb_lower":245.1119428737357,"bb_width":7.1085857032463435,"bb_pct_b":0.8761186021695097,"atr":5.541632578918936,"atr_pct":2.1237190645628594,"rs_vs_bench":-0.6035041116242645}}