{"AMZN":{"current":262.5249938964844,"sma_20":241.6907501220703,"sma_50":222.3170999145508,"sma_200":226.95597496032715,"rsi":75.25213615251178,"avg_vol_20":45247905.25,"current_vol":"49787905","vol_ratio":1.1003361310300657,"high_52w":263.989990234375,"low_52w":184.4199981689453,"off_high":-0.5549438963916682,"off_low":42.35169531668028,"trend_signals":["Death Cross","Above 20d","Above 50d"],"macd":12.250221544119228,"macd_signal":10.774200269822721,"macd_histogram":1.4760212742965066,"macd_crossover":null,"bb_upper":278.5463127043933,"bb_lower":204.83518753974732,"bb_width":30.498115930136688,"bb_pct_b":0.7826472086523891,"atr":6.435594302929728,"atr_pct":2.451421560823779,"rs_vs_bench":11.605094995257282},"NVDA":{"current":209.07000732421875,"sma_20":194.97100067138672,"sma_50":186.70478881835936,"sma_200":183.56040069580078,"rsi":65.18349519102398,"avg_vol_20":143942642.55,"current_vol":"98255151","vol_ratio":0.6825993274777489,"high_52w":216.61000061035156,"low_52w":108.89433288574219,"off_high":-3.4809072826217813,"off_low":91.9934690665549,"trend_signals":["Golden Cross","Above 20d","Above 50d"],"macd":7.989144240649438,"macd_signal":6.196885684283161,"macd_histogram":1.792258556366277,"macd_crossover":null,"bb_upper":220.2119157841539,"bb_lower":169.73008555861955,"bb_width":25.891968575685155,"bb_pct_b":0.7792887379447779,"atr":5.902868415424955,"atr_pct":2.8233932217120863,"rs_vs_bench":5.890349371974345},"MSFT":{"current":423.4289855957031,"sma_20":401.5519500732422,"sma_50":395.58837951660155,"sma_200":467.54699630737304,"rsi":61.04055925942846,"avg_vol_20":31522815.9,"current_vol":"23134918","vol_ratio":0.733910259584392,"high_52w":539.8252563476562,"low_52w":356.7699890136719,"off_high":-21.561842352368938,"off_low":18.684025740594677,"trend_signals":["Death Cross","Above 20d","Above 50d"],"macd":10.668284037608146,"macd_signal":7.5561442544443,"macd_histogram":3.1121397831638458,"macd_crossover":null,"bb_upper":450.8558521181209,"bb_lower":352.24804802836354,"bb_width":24.55667419166349,"bb_pct_b":0.7218590680971603,"atr":10.190456001904137,"atr_pct":2.406650547923082,"rs_vs_bench":1.5670549768501463},"GOOG":{"current":347.9599914550781,"sma_20":326.09299621582034,"sma_50":311.0248321533203,"sma_200":279.03688842773437,"rsi":71.57802616199031,"avg_vol_20":15721853.2,"current_vol":"14037364","vol_ratio":0.8928568293717436,"high_52w":348.5199890136719,"low_52w":152.2735595703125,"off_high":-0.16067874906646523,"off_low":128.50979016774556,"trend_signals":["Golden Cross","Above 20d","Above 50d"],"macd":11.512767737694219,"macd_signal":9.32753302616409,"macd_histogram":2.1852347115301285,"macd_crossover":null,"bb_upper":361.7623773993115,"bb_lower":290.42361503232917,"bb_width":21.876815262774834,"bb_pct_b":0.8065233333705615,"atr":7.884773964957287,"atr_pct":2.266000160531449,"rs_vs_bench":4.924136371189402},"AAPL":{"current":269.95001220703125,"sma_20":264.35099868774415,"sma_50":260.6829992675781,"sma_200":254.23280799865722,"rsi":57.24368659695974,"avg_vol_20":40182990.6,"current_vol":"18017412","vol_ratio":0.44838404834905443,"high_52w":285.9224548339844,"low_52w":194.6775665283203,"off_high":-5.586284797473227,"off_low":38.66518727403593,"trend_signals":["Golden Cross","Above 20d","Above 50d"],"macd":3.6976469902526787,"macd_signal":3.1047928268985476,"macd_histogram":0.5928541633541311,"macd_crossover":null,"bb_upper":277.4742501816574,"bb_lower":251.2277471938309,"bb_width":9.928656641403236,"bb_pct_b":0.7133241720576643,"atr":5.736189579540093,"atr_pct":2.1249080645126512,"rs_vs_bench":-7.466553840524792}}