{"GOOG":{"current":336.9599914550781,"sma_20":312.46349639892577,"sma_50":307.8565197753906,"sma_200":275.6957425689697,"rsi":66.498586137998,"avg_vol_20":17439499.75,"current_vol":"6702495","vol_ratio":0.38432839795189655,"high_52w":344.6571960449219,"low_52w":152.27357482910156,"off_high":-2.2332928713435343,"off_low":121.28592688078173,"trend_signals":["Golden Cross","Above 20d","Above 50d"],"macd":9.648317050811386,"macd_signal":6.7606028298426315,"macd_histogram":2.8877142209687543,"macd_crossover":null,"bb_upper":357.7614827794481,"bb_lower":267.16551001840344,"bb_width":28.994098128307357,"bb_pct_b":0.7703927592980777,"atr":7.3415230864731145,"atr_pct":2.1787521583113083,"rs_vs_bench":6.729835234641012},"AMZN":{"current":255.1649932861328,"sma_20":230.13324966430665,"sma_50":217.44449981689453,"sma_200":226.19727493286132,"rsi":76.50401170352171,"avg_vol_20":45152485.15,"current_vol":"20346003","vol_ratio":0.45060649336152875,"high_52w":255.36000061035156,"low_52w":180.60000610351562,"off_high":-0.07636564996579381,"off_low":41.28736692283294,"trend_signals":["Death Cross","Above 20d","Above 50d"],"macd":11.254989130862441,"macd_signal":8.711321280655222,"macd_histogram":2.5436678502072194,"macd_crossover":null,"bb_upper":270.879734251669,"bb_lower":189.3867650769443,"bb_width":35.411210372076944,"bb_pct_b":0.807164456950353,"atr":6.372341533381934,"atr_pct":2.497341602904055,"rs_vs_bench":9.65157197679445},"MSFT":{"current":414.760009765625,"sma_20":388.99000091552733,"sma_50":393.5409271240234,"sma_200":469.0300187683105,"rsi":59.15826979252996,"avg_vol_20":33355573.75,"current_vol":"22197875","vol_ratio":0.6654922252686479,"high_52w":539.8251953125,"low_52w":356.7699890136719,"off_high":-23.16771922334523,"off_low":16.254175669952687,"trend_signals":["Death Cross","Above 20d","Above 50d"],"macd":9.127286916036837,"macd_signal":3.3266139627923543,"macd_histogram":5.800672953244483,"macd_crossover":null,"bb_upper":439.4917948284197,"bb_lower":338.48820700263497,"bb_width":25.965600038063336,"bb_pct_b":0.7551395391473308,"atr":10.370600279315381,"atr_pct":2.5003857737335045,"rs_vs_bench":0.03588374265182104},"AAPL":{"current":272.2799987792969,"sma_20":260.43249969482423,"sma_50":260.21119995117186,"sma_200":253.03426582336425,"rsi":61.57009783656463,"avg_vol_20":41308847.8,"current_vol":"14889456","vol_ratio":0.3604422973036784,"high_52w":285.9224548339844,"low_52w":194.67758178710938,"off_high":-4.7713832278786015,"off_low":39.86202020787889,"trend_signals":["Golden Cross","Above 20d","Above 50d"],"macd":3.8279472599234055,"macd_signal":2.0905184913693207,"macd_histogram":1.7374287685540848,"macd_crossover":null,"bb_upper":276.0781210110876,"bb_lower":244.78687837856089,"bb_width":12.01510666648514,"bb_pct_b":0.8786202811951404,"atr":6.011373429787563,"atr_pct":2.2077910447840963,"rs_vs_bench":-5.628447367660461},"NVDA":{"current":199.50999450683594,"sma_20":186.525,"sma_50":184.65438262939452,"sma_200":182.60345588684083,"rsi":64.42832739149547,"avg_vol_20":147099804.1,"current_vol":"62713982","vol_ratio":0.42633627137508884,"high_52w":207.01727294921875,"low_52w":102.68579864501953,"off_high":-3.6264019593303916,"off_low":94.29171038201063,"trend_signals":["Golden Cross","Above 20d","Above 50d"],"macd":5.898735747092758,"macd_signal":4.09330792392436,"macd_histogram":1.8054278231683973,"macd_crossover":null,"bb_upper":211.86992782465862,"bb_lower":161.1800721753414,"bb_width":27.17590438242446,"bb_pct_b":0.7561655451668432,"atr":4.856863357187182,"atr_pct":2.4343960156947264,"rs_vs_bench":3.213173878108556}}