{"AMZN":{"current":270.3999938964844,"sma_20":247.4724998474121,"sma_50":224.8436001586914,"sma_200":227.38814994812012,"rsi":79.06632511787748,"avg_vol_20":48421815.0,"current_vol":"17436900","vol_ratio":0.3601042216199455,"high_52w":270.3999938964844,"low_52w":185.00999450683594,"off_high":0.0,"off_low":46.15426297225979,"trend_signals":["Death Cross","Above 20d","Above 50d"],"macd":12.724707069299143,"macd_signal":11.425614021745389,"macd_histogram":1.2990930475537539,"macd_crossover":null,"bb_upper":280.52155309532117,"bb_lower":214.42344659950305,"bb_width":26.709273368383652,"bb_pct_b":0.8468706633906803,"atr":7.47663593179828,"atr_pct":2.7650281436990403,"rs_vs_bench":12.720205846309906},"GOOG":{"current":378.70001220703125,"sma_20":334.62449798583987,"sma_50":314.08318603515625,"sma_200":281.00661140441895,"rsi":79.34555622317733,"avg_vol_20":16991235.45,"current_vol":"10520309","vol_ratio":0.6191609215797196,"high_52w":381.94000244140625,"low_52w":152.27359008789062,"off_high":-0.8482982179569029,"off_low":148.69710629955583,"trend_signals":["Golden Cross","Above 20d","Above 50d"],"macd":15.948415186725583,"macd_signal":11.426716187872891,"macd_histogram":4.521698998852692,"macd_crossover":null,"bb_upper":376.8580557324226,"bb_lower":292.39094023925713,"bb_width":25.24235852473055,"bb_pct_b":1.021806787929886,"atr":9.669017483918825,"atr_pct":2.553212878861191,"rs_vs_bench":12.872260306938667},"NVDA":{"current":198.73500061035156,"sma_20":197.23825073242188,"sma_50":187.15729583740233,"sma_200":183.84275993347168,"rsi":53.268721084299166,"avg_vol_20":143075260.55,"current_vol":"43780611","vol_ratio":0.3059970733703479,"high_52w":216.61000061035156,"low_52w":111.58370208740234,"off_high":-8.252158233522378,"off_low":78.10396759796025,"trend_signals":["Golden Cross","Above 20d","Above 50d"],"macd":6.265908255198184,"macd_signal":6.358949749073129,"macd_histogram":-0.09304149387494487,"macd_crossover":"bearish","bb_upper":219.17271048014985,"bb_lower":175.3037909846939,"bb_width":22.241588197296256,"bb_pct_b":0.5341186857379682,"atr":6.2788482500854155,"atr_pct":3.159407366997219,"rs_vs_bench":-2.4782945112945747},"MSFT":{"current":411.4949951171875,"sma_20":405.4257507324219,"sma_50":396.05149963378904,"sma_200":466.62053436279297,"rsi":53.06315641375336,"avg_vol_20":33634276.05,"current_vol":"9808321","vol_ratio":0.2916168311581661,"high_52w":539.8251953125,"low_52w":356.7699890136719,"off_high":-23.77254735600536,"off_low":15.339016113661538,"trend_signals":["Death Cross","Above 20d","Above 50d"],"macd":8.253989959942771,"macd_signal":7.976235397082839,"macd_histogram":0.2777545628599327,"macd_crossover":null,"bb_upper":450.3947892330449,"bb_lower":360.45671223179886,"bb_width":22.183612372615304,"bb_pct_b":0.5674824789135923,"atr":11.147432124683569,"atr_pct":2.7090079483248513,"rs_vs_bench":-3.9975601610934497},"AAPL":{"current":282.5799865722656,"sma_20":266.48099822998046,"sma_50":261.2673992919922,"sma_200":254.91356811523437,"rsi":68.08726815177063,"avg_vol_20":43360308.35,"current_vol":"32730367","vol_ratio":0.7548462694454062,"high_52w":285.9224548339844,"low_52w":194.67758178710938,"off_high":-1.1690121587895195,"off_low":45.152813168432694,"trend_signals":["Golden Cross","Above 20d","Above 50d"],"macd":4.555894956045506,"macd_signal":3.493768370755845,"macd_histogram":1.0621265852896613,"macd_crossover":null,"bb_upper":280.72667965856516,"bb_lower":252.23531680139573,"bb_width":10.691705242180383,"bb_pct_b":1.0650480260628918,"atr":6.600181866487233,"atr_pct":2.3356862411058734,"rs_vs_bench":-5.190180714525017}}