{"AMZN":{"current":262.5,"sma_20":241.6895004272461,"sma_50":222.31660003662108,"sma_200":226.95584999084474,"rsi":75.23944310065967,"avg_vol_20":44472380.7,"current_vol":"34351114","vol_ratio":0.7724145516680199,"high_52w":263.989990234375,"low_52w":184.4199981689453,"off_high":-0.5644116404005168,"off_low":42.338142612671746,"trend_signals":["Death Cross","Above 20d","Above 50d"],"macd":12.248227729015042,"macd_signal":10.773801506801885,"macd_histogram":1.4744262222131574,"macd_crossover":null,"bb_upper":278.5420900772455,"bb_lower":204.83691077724666,"bb_width":30.49581350025826,"bb_pct_b":0.7823478590025522,"atr":6.435594302929728,"atr_pct":2.451654972544658,"rs_vs_bench":11.920091596148884},"GOOG":{"current":347.260009765625,"sma_20":326.05799713134763,"sma_50":311.0108325195313,"sma_200":279.03338844299316,"rsi":71.05097949259721,"avg_vol_20":15506041.15,"current_vol":"9763023","vol_ratio":0.6296270534532923,"high_52w":348.5199890136719,"low_52w":152.27357482910156,"off_high":-0.36152280723199726,"off_low":128.05008036053468,"trend_signals":["Golden Cross","Above 20d","Above 50d"],"macd":11.456928742521995,"macd_signal":9.316365227126944,"macd_histogram":2.1405635153950513,"macd_crossover":null,"bb_upper":361.63829938345646,"bb_lower":290.4776948792388,"bb_width":21.824523590983002,"bb_pct_b":0.7979459320503768,"atr":7.884773964965366,"atr_pct":2.2705678002736365,"rs_vs_bench":5.013640214180247},"MSFT":{"current":422.82000732421875,"sma_20":401.521501159668,"sma_50":395.5761999511719,"sma_200":467.54395217895507,"rsi":60.61759594094032,"avg_vol_20":31127263.95,"current_vol":"15288779","vol_ratio":0.49117002459832326,"high_52w":539.8252563476562,"low_52w":356.7699890136719,"off_high":-21.67465261167481,"off_low":18.513333616750973,"trend_signals":["Death Cross","Above 20d","Above 50d"],"macd":10.619704574344269,"macd_signal":7.546428361776999,"macd_histogram":3.0732762125672695,"macd_crossover":null,"bb_upper":450.76923608657063,"bb_lower":352.27376623276535,"bb_width":24.530559277481338,"bb_pct_b":0.7162384340738074,"atr":10.190456001897797,"atr_pct":2.4101167932868766,"rs_vs_bench":1.7290517673560934},"AAPL":{"current":270.0801086425781,"sma_20":264.3575035095215,"sma_50":260.68560119628904,"sma_200":254.2334585571289,"rsi":57.41559307272548,"avg_vol_20":39928970.2,"current_vol":"12977304","vol_ratio":0.32500973441083136,"high_52w":285.9224548339844,"low_52w":194.67758178710938,"off_high":-5.540784196402069,"off_low":38.732003019189726,"trend_signals":["Golden Cross","Above 20d","Above 50d"],"macd":3.7080250536106973,"macd_signal":3.1068684397270654,"macd_histogram":0.601156613883632,"macd_crossover":null,"bb_upper":277.4925640138664,"bb_lower":251.22244300517661,"bb_width":9.937346456951845,"bb_pct_b":0.7178370298014105,"atr":5.736189579642933,"atr_pct":2.123884505405824,"rs_vs_bench":-7.0887951274712035},"NVDA":{"current":209.48500061035156,"sma_20":194.99175033569335,"sma_50":186.71308868408204,"sma_200":183.56247566223144,"rsi":65.72759625164218,"avg_vol_20":142409190.75,"current_vol":"68032715","vol_ratio":0.4777269967036871,"high_52w":216.61000061035156,"low_52w":108.89433288574219,"off_high":-3.2893218133620663,"off_low":92.37456629644312,"trend_signals":["Golden Cross","Above 20d","Above 50d"],"macd":8.022249118097733,"macd_signal":6.203506659673801,"macd_histogram":1.818742458423932,"macd_crossover":null,"bb_upper":220.28210058353386,"bb_lower":169.70140008785285,"bb_width":25.93991818043709,"bb_pct_b":0.7865371600754275,"atr":5.832568994462503,"atr_pct":2.7842418204018617,"rs_vs_bench":6.453342657919547}}