{"AMZN":{"current":252.17999267578125,"sma_20":225.6680000305176,"sma_50":215.59299987792969,"sma_200":225.87014991760253,"rsi":75.17676147555319,"avg_vol_20":44697614.85,"current_vol":"18739897","vol_ratio":0.419259440641048,"high_52w":254.0,"low_52w":167.32000732421875,"off_high":-0.7165383166215551,"off_low":50.717177645783806,"trend_signals":["Death Cross","Above 20d","Above 50d"],"macd":10.667520693220922,"macd_signal":7.381383371083088,"macd_histogram":3.286137322137834,"macd_crossover":null,"bb_upper":264.5552058277837,"bb_lower":186.78079423325147,"bb_width":34.4640851091048,"bb_pct_b":0.840883230123049,"atr":6.509245414528949,"atr_pct":2.581190262344742,"rs_vs_bench":11.00825400292862},"MSFT":{"current":425.0491943359375,"sma_20":383.83945922851564,"sma_50":393.1048504638672,"sma_200":469.73905090332033,"rsi":70.25339999891877,"avg_vol_20":33454882.3,"current_vol":"11678646","vol_ratio":0.3490864470923576,"high_52w":539.8251953125,"low_52w":356.3916015625,"off_high":-21.26169767050604,"off_low":19.264649467728017,"trend_signals":["Death Cross","Above 20d","Above 50d"],"macd":7.270411591285779,"macd_signal":0.0719565823367565,"macd_histogram":7.198455008949022,"macd_crossover":null,"bb_upper":428.88831833276663,"bb_lower":338.79060012426464,"bb_width":23.472760822868672,"bb_pct_b":0.9573893315705874,"atr":9.726706222925134,"atr_pct":2.2883718761357383,"rs_vs_bench":3.3569557457499464},"NVDA":{"current":201.2165069580078,"sma_20":184.18532485961913,"sma_50":184.2121026611328,"sma_200":182.19102409362793,"rsi":70.0280388740895,"avg_vol_20":150802546.6,"current_vol":"41934432","vol_ratio":0.27807509186983453,"high_52w":207.01727294921875,"low_52w":96.88717651367188,"off_high":-2.802068594843225,"off_low":107.68125793160448,"trend_signals":["Golden Cross","Above 20d","Above 50d"],"macd":5.70156218901144,"macd_signal":3.089522821500595,"macd_histogram":2.612039367510845,"macd_crossover":null,"bb_upper":208.22576116050413,"bb_lower":160.14488855873412,"bb_width":26.10461644455979,"bb_pct_b":0.8542194884741279,"atr":4.868735439969044,"atr_pct":2.4196501139864774,"rs_vs_bench":4.1728642959436115},"GOOG":{"current":334.9100036621094,"sma_20":307.8904968261719,"sma_50":307.30306640625,"sma_200":274.10412910461423,"rsi":68.00954761195399,"avg_vol_20":18398888.5,"current_vol":"3712870","vol_ratio":0.20179860321453658,"high_52w":344.6571960449219,"low_52w":149.3437042236328,"off_high":-2.82808323594151,"off_low":124.25451772684217,"trend_signals":["Golden Cross","Above 20d","Above 50d"],"macd":9.301868534152504,"macd_signal":5.260365462912447,"macd_histogram":4.041503071240057,"macd_crossover":null,"bb_upper":352.2190253639635,"bb_lower":263.5619682883803,"bb_width":28.794996269611083,"bb_pct_b":0.8047643101090352,"atr":7.368659743919097,"atr_pct":2.200190995594547,"rs_vs_bench":5.128925061542034},"AAPL":{"current":267.54010009765625,"sma_20":258.44150314331057,"sma_50":260.29560119628906,"sma_200":252.4072957611084,"rsi":58.43966488571316,"avg_vol_20":40310156.55,"current_vol":"14809631","vol_ratio":0.3673920487416217,"high_52w":285.9224548339844,"low_52w":192.32176208496094,"off_high":-6.429139938310023,"off_low":39.11067431852383,"trend_signals":["Golden Cross","Above 20d","Above 50d"],"macd":3.035738393868769,"macd_signal":1.218546997137544,"macd_histogram":1.817191396731225,"macd_crossover":null,"bb_upper":272.484927064508,"bb_lower":244.39807922211315,"bb_width":10.867777621158687,"bb_pct_b":0.8239451078811373,"atr":5.938905677942224,"atr_pct":2.219818889121456,"rs_vs_bench":-4.358151786715037}}