{"GOOG":{"current":349.3699951171875,"sma_20":319.3624969482422,"sma_50":309.30085998535156,"sma_200":277.3803469848633,"rsi":72.90476765500881,"avg_vol_20":16551262.4,"current_vol":"12210948","vol_ratio":0.7377653561942199,"high_52w":349.3699951171875,"low_52w":152.2735595703125,"off_high":0.0,"off_low":129.4357576607812,"trend_signals":["Golden Cross","Above 20d","Above 50d"],"macd":10.996270707332428,"macd_signal":8.163150745945039,"macd_histogram":2.833119961387389,"macd_crossover":null,"bb_upper":361.8710123853991,"bb_lower":276.8539815110853,"bb_width":26.62085613893863,"bb_pct_b":0.8529586702846317,"atr":7.803520657688448,"atr_pct":2.233597838037279,"rs_vs_bench":8.94784491257965},"AMZN":{"current":260.9849853515625,"sma_20":236.03374938964845,"sma_50":219.8686993408203,"sma_200":226.59772491455078,"rsi":75.7116074610607,"avg_vol_20":45438244.7,"current_vol":"35944194","vol_ratio":0.7910559537965602,"high_52w":263.989990234375,"low_52w":184.4199981689453,"off_high":-1.138302584936877,"off_low":41.51664024661619,"trend_signals":["Death Cross","Above 20d","Above 50d"],"macd":12.262364871188709,"macd_signal":9.951349183756218,"macd_histogram":2.3110156874324908,"macd_crossover":null,"bb_upper":276.62198760579184,"bb_lower":195.44551117350505,"bb_width":34.39189380425395,"bb_pct_b":0.8073702759533679,"atr":6.4382646831988195,"atr_pct":2.4669099927438696,"rs_vs_bench":10.914674449727137},"AAPL":{"current":267.6700134277344,"sma_20":262.34199981689454,"sma_50":260.2641998291016,"sma_200":253.62234085083008,"rsi":55.3169130547312,"avg_vol_20":40962311.3,"current_vol":"26077826","vol_ratio":0.6366297499428457,"high_52w":285.9224548339844,"low_52w":194.67759704589844,"off_high":-6.383703377493714,"off_low":37.49399904737204,"trend_signals":["Golden Cross","Above 20d","Above 50d"],"macd":3.781341811480388,"macd_signal":2.7490509374321954,"macd_histogram":1.0322908740481926,"macd_crossover":null,"bb_upper":277.50080665128183,"bb_lower":247.18319298250728,"bb_width":11.556523046227893,"bb_pct_b":0.6757398741553123,"atr":5.888951624821812,"atr_pct":2.2000789514704877,"rs_vs_bench":-10.42991002926914},"NVDA":{"current":216.35000610351562,"sma_20":190.8245002746582,"sma_50":185.60999084472655,"sma_200":183.09257720947267,"rsi":76.15814700507953,"avg_vol_20":149190331.75,"current_vol":"159202735","vol_ratio":1.067111609261503,"high_52w":216.35000610351562,"low_52w":108.70439147949219,"off_high":0.0,"off_low":99.02600360384844,"trend_signals":["Golden Cross","Above 20d","Above 50d"],"macd":7.548285555735873,"macd_signal":5.172042442882435,"macd_histogram":2.3762431128534383,"macd_crossover":null,"bb_upper":217.78439190803056,"bb_lower":163.86460864128583,"bb_width":28.256216151037584,"bb_pct_b":0.9733977824536325,"atr":5.703440018609244,"atr_pct":2.6362097793888464,"rs_vs_bench":12.025350555440717},"MSFT":{"current":425.5400085449219,"sma_20":395.41050109863284,"sma_50":394.4764465332031,"sma_200":468.2898403930664,"rsi":63.8527004178937,"avg_vol_20":32897224.65,"current_vol":"21930593","vol_ratio":0.6666396096729699,"high_52w":539.8252563476562,"low_52w":356.7699890136719,"off_high":-21.170785630884378,"off_low":19.275729923744972,"trend_signals":["Death Cross","Above 20d","Above 50d"],"macd":10.319220774826647,"macd_signal":5.779322039970559,"macd_histogram":4.539898734856088,"macd_crossover":null,"bb_upper":446.4614475395762,"bb_lower":344.35955465768944,"bb_width":25.821745400843078,"bb_pct_b":0.7950925452591107,"atr":10.45719533066897,"atr_pct":2.4573941628722467,"rs_vs_bench":-0.41287833822229913}}