{"AMZN":{"current":248.4499969482422,"sma_20":217.33649978637695,"sma_50":213.6700003051758,"sma_200":225.28220001220703,"rsi":75.57905138645474,"avg_vol_20":45226077.95,"current_vol":"23338259","vol_ratio":0.5160354392393205,"high_52w":254.0,"low_52w":167.32000732421875,"off_high":-2.1850405715581935,"off_low":48.48791900111294,"trend_signals":["Death Cross","Above 20d","Above 50d"],"macd":8.158623082430125,"macd_signal":3.4120492793329302,"macd_histogram":4.746573803097196,"macd_crossover":null,"bb_upper":248.35333790841565,"bb_lower":186.31966166433824,"bb_width":28.542686711643544,"bb_pct_b":1.0015581704274017,"atr":6.66367024437839,"atr_pct":2.68209713271463,"rs_vs_bench":11.818964242475971},"GOOG":{"current":332.7900085449219,"sma_20":301.1744979858398,"sma_50":306.97056274414064,"sma_200":270.94834953308106,"rsi":71.19761720224943,"avg_vol_20":19777009.05,"current_vol":"6715481","vol_ratio":0.33955999024028355,"high_52w":344.6571960449219,"low_52w":149.3437042236328,"off_high":-3.4431857614408425,"off_low":122.83497672361851,"trend_signals":["Golden Cross","Above 20d","Above 50d"],"macd":5.63909194013371,"macd_signal":0.4623337060139734,"macd_histogram":5.1767582341197365,"macd_crossover":null,"bb_upper":334.9393159276608,"bb_lower":267.40968004401884,"bb_width":22.422096271516644,"bb_pct_b":0.9681723830638992,"atr":7.96745820194264,"atr_pct":2.39413984716045,"rs_vs_bench":2.0845455941335356},"MSFT":{"current":409.3399963378906,"sma_20":376.7209976196289,"sma_50":391.6742736816406,"sma_200":471.1385934448242,"rsi":66.47821569582231,"avg_vol_20":32497565.85,"current_vol":"23896317","vol_ratio":0.7353263659899623,"high_52w":539.8251953125,"low_52w":356.3916015625,"off_high":-24.17175043100251,"off_low":14.856802052364054,"trend_signals":["Death Cross","Above 20d","Above 50d"],"macd":-2.0203280344411496,"macd_signal":-7.067153028623315,"macd_histogram":5.046824994182165,"macd_crossover":null,"bb_upper":401.46320585957983,"bb_lower":351.978789379678,"bb_width":13.135561010025171,"bb_pct_b":1.1591771923088143,"atr":9.508136884428318,"atr_pct":2.3227969339648413,"rs_vs_bench":-2.0844081596913533},"AAPL":{"current":264.9100036621094,"sma_20":254.57350006103516,"sma_50":260.76023254394534,"sma_200":251.21076850891114,"rsi":60.72026721442314,"avg_vol_20":41268263.2,"current_vol":"25774164","vol_ratio":0.6245517015118774,"high_52w":285.9224548339844,"low_52w":192.32179260253906,"off_high":-7.349003485604337,"off_low":37.74310236884303,"trend_signals":["Golden Cross","Above 20d","Above 50d"],"macd":0.8433045761021276,"macd_signal":-0.6178517172605664,"macd_histogram":1.461156293362694,"macd_crossover":null,"bb_upper":264.57944028390057,"bb_lower":244.56755983816979,"bb_width":7.860944065636384,"bb_pct_b":1.0165183566384601,"atr":5.841771331184868,"atr_pct":2.205190914056987,"rs_vs_bench":-0.5744075680051752},"NVDA":{"current":197.19500732421875,"sma_20":179.3012496948242,"sma_50":182.34810211181642,"sma_200":181.30499504089354,"rsi":68.58178420090377,"avg_vol_20":162161130.95,"current_vol":"116633819","vol_ratio":0.7192464576234506,"high_52w":207.01727294921875,"low_52w":96.88717651367188,"off_high":-4.74465994313885,"off_low":103.53055421776307,"trend_signals":["Golden Cross","Above 20d","Above 50d"],"macd":3.001809618503245,"macd_signal":0.19308739300573824,"macd_histogram":2.8087222254975064,"macd_crossover":null,"bb_upper":196.19969206533378,"bb_lower":162.40280732431464,"bb_width":18.84921873023328,"bb_pct_b":1.0294499113309388,"atr":5.336195268498612,"atr_pct":2.7060498847849077,"rs_vs_bench":2.746029257710303}}