{"AMZN":{"current":239.67999267578125,"sma_20":212.26399917602538,"sma_50":213.4286001586914,"sma_200":224.86394996643065,"rsi":72.06884656520727,"avg_vol_20":42923666.6,"current_vol":"26325432","vol_ratio":0.6133080905068813,"high_52w":254.0,"low_52w":167.32000732421875,"off_high":-5.63779815914124,"off_low":43.246463174812895,"trend_signals":["Death Cross","Above 20d","Above 50d"],"macd":3.725188466213609,"macd_signal":0.08441758252822629,"macd_histogram":3.640770883685383,"macd_crossover":null,"bb_upper":231.5145884074264,"bb_lower":193.01340994462436,"bb_width":18.13834593348727,"bb_pct_b":1.2120819308490483,"atr":6.688685224235086,"atr_pct":2.7906731594751726,"rs_vs_bench":11.986616835299913},"NVDA":{"current":189.89840698242188,"sma_20":177.4839195251465,"sma_50":182.0975540161133,"sma_200":180.7312735748291,"rsi":62.45441054858107,"avg_vol_20":165211694.5,"current_vol":"72048090","vol_ratio":0.43609558159940065,"high_52w":207.01727294921875,"low_52w":96.88717651367188,"off_high":-8.26929353426278,"off_low":95.99952626922207,"trend_signals":["Golden Cross","Above 20d","Above 50d"],"macd":0.23000787436382097,"macd_signal":-1.6421659533983974,"macd_histogram":1.8721738277622184,"macd_crossover":null,"bb_upper":188.92973936275428,"bb_lower":166.0380996875387,"bb_width":12.897866880820272,"bb_pct_b":1.0423153445280007,"atr":5.386746441683307,"atr_pct":2.8366464612743894,"rs_vs_bench":1.9255332261337577},"MSFT":{"current":372.6549987792969,"sma_20":377.2147491455078,"sma_50":393.6581506347656,"sma_200":472.5988165283203,"rsi":39.69430817831408,"avg_vol_20":30768253.45,"current_vol":"9776069","vol_ratio":0.3177323345924271,"high_52w":539.8252563476562,"low_52w":356.3916320800781,"off_high":-30.9674761606002,"off_low":4.563341345670123,"trend_signals":["Death Cross","Below 20d","Below 50d"],"macd":-8.173009125356373,"macd_signal":-9.7498451251165,"macd_histogram":1.576835999760128,"macd_crossover":null,"bb_upper":401.9366391114465,"bb_lower":352.49285917956917,"bb_width":13.107594558240548,"bb_pct_b":0.40777909026184317,"atr":8.39110428390974,"atr_pct":2.2517085001935886,"rs_vs_bench":-9.215398935381947},"AAPL":{"current":261.4200134277344,"sma_20":253.3319999694824,"sma_50":260.86090393066405,"sma_200":250.3098117828369,"rsi":56.74567891929566,"avg_vol_20":39677150.7,"current_vol":"8364014","vol_ratio":0.21080178017924053,"high_52w":285.9224548339844,"low_52w":189.5936737060547,"off_high":-8.569610743051607,"off_low":37.88435463993328,"trend_signals":["Golden Cross","Above 20d","Above 50d"],"macd":-0.08649047932016174,"macd_signal":-1.6150442127888083,"macd_histogram":1.5285537334686465,"macd_crossover":null,"bb_upper":261.7097493562794,"bb_lower":244.9542505826854,"bb_width":6.614047485360105,"bb_pct_b":0.9827080093251742,"atr":5.895125954758419,"atr_pct":2.255040032115995,"rs_vs_bench":1.0905804074710312},"GOOG":{"current":316.78448486328125,"sma_20":297.86322326660155,"sma_50":307.7676623535156,"sma_200":268.6558317565918,"rsi":62.993787661719495,"avg_vol_20":19796807.8,"current_vol":"3759356","vol_ratio":0.1898970802757402,"high_52w":344.6571960449219,"low_52w":149.34368896484375,"off_high":-8.087082324550611,"off_low":112.11775807804902,"trend_signals":["Golden Cross","Above 20d","Above 50d"],"macd":0.9833869838748797,"macd_signal":-3.086586807594354,"macd_histogram":4.069973791469234,"macd_crossover":null,"bb_upper":323.48001167759355,"bb_lower":272.24643485560955,"bb_width":17.200370109514175,"bb_pct_b":0.8693136956340848,"atr":8.068603766427275,"atr_pct":2.54703249431851,"rs_vs_bench":1.6561668355016046}}