{"GOOG":{"current":383.2200012207031,"sma_20":334.8504974365234,"sma_50":314.1735858154297,"sma_200":281.02921073913575,"rsi":82.76614751975218,"avg_vol_20":17868650.0,"current_vol":"28007600","vol_ratio":1.5674155574148019,"high_52w":383.2200012207031,"low_52w":152.27357482910156,"off_high":0.0,"off_low":151.66546569278057,"trend_signals":["Golden Cross","Above 20d","Above 50d"],"macd":16.30898409920428,"macd_signal":11.498829955516706,"macd_histogram":4.8101541436875745,"macd_crossover":null,"bb_upper":378.1129744696231,"bb_lower":291.58802040342374,"bb_width":25.839876221955333,"bb_pct_b":1.0590237441463728,"atr":9.722588912090723,"atr_pct":2.537077626721084,"rs_vs_bench":14.190248752881638},"MSFT":{"current":414.44000244140625,"sma_20":405.5730010986328,"sma_50":396.11039978027344,"sma_200":466.63525939941405,"rsi":54.49538614351409,"avg_vol_20":34716645.0,"current_vol":"31330100","vol_ratio":0.9024518354236131,"high_52w":539.8251953125,"low_52w":356.7699890136719,"off_high":-23.226999028548377,"off_low":16.164479974105777,"trend_signals":["Death Cross","Above 20d","Above 50d"],"macd":8.488919279139054,"macd_signal":8.023221210097795,"macd_histogram":0.46569806904125954,"macd_crossover":null,"bb_upper":450.64488722571207,"bb_lower":360.50111497155353,"bb_width":22.22627542020139,"bb_pct_b":0.5983651018927089,"atr":11.20743183831061,"atr_pct":2.7042350574966814,"rs_vs_bench":-3.4082787780225434},"NVDA":{"current":198.4499969482422,"sma_20":197.2240005493164,"sma_50":187.15159576416016,"sma_200":183.84133476257324,"rsi":52.983235818189485,"avg_vol_20":147326550.0,"current_vol":"128257500","vol_ratio":0.8705660995930469,"high_52w":216.61000061035156,"low_52w":113.51325988769531,"off_high":-8.383732796703352,"off_low":74.82538792787669,"trend_signals":["Golden Cross","Above 20d","Above 50d"],"macd":6.243172908610774,"macd_signal":6.354402664866518,"macd_histogram":-0.11122975625574405,"macd_crossover":"bearish","bb_upper":219.15473600321536,"bb_lower":175.29326509541744,"bb_width":22.239418521900557,"bb_pct_b":0.527951556880137,"atr":6.278848235448232,"atr_pct":3.1639447377194068,"rs_vs_bench":-2.8392523092855004},"AMZN":{"current":268.260009765625,"sma_20":247.36550064086913,"sma_50":224.80080047607422,"sma_200":227.3774500274658,"rsi":78.12439331294203,"avg_vol_20":50094230.0,"current_vol":"50780000","vol_ratio":1.0136896005787492,"high_52w":268.260009765625,"low_52w":185.00999450683594,"off_high":0.0,"off_low":44.99757728262246,"trend_signals":["Death Cross","Above 20d","Above 50d"],"macd":12.553996085398865,"macd_signal":11.391471826105793,"macd_histogram":1.1625242592930718,"macd_crossover":null,"bb_upper":280.1145021729217,"bb_lower":214.61649910881656,"bb_width":26.478228732145077,"bb_pct_b":0.8190098651451361,"atr":7.480080076590247,"atr_pct":2.7883694193277218,"rs_vs_bench":11.514008017435296},"AAPL":{"current":280.1400146484375,"sma_20":266.35899963378904,"sma_50":261.2185998535156,"sma_200":254.901368560791,"rsi":66.43622166503155,"avg_vol_20":45801715.0,"current_vol":"79844600","vol_ratio":1.743266600388217,"high_52w":285.9224548339844,"low_52w":194.67758178710938,"off_high":-2.0223805747975767,"off_low":43.899473209393975,"trend_signals":["Golden Cross","Above 20d","Above 50d"],"macd":4.3612533534684985,"macd_signal":3.454840091372321,"macd_histogram":0.9064132620961773,"macd_crossover":null,"bb_upper":280.0553761635016,"bb_lower":252.66262310407652,"bb_width":10.284147746870484,"bb_pct_b":1.0030898130155919,"atr":6.600896838798387,"atr_pct":2.356284890997168,"rs_vs_bench":-6.333283271736079}}