{"GOOG":{"current":334.989990234375,"sma_20":309.95799560546874,"sma_50":307.4306335449219,"sma_200":274.8710749053955,"rsi":65.94004589818482,"avg_vol_20":17832083.8,"current_vol":"5181476","vol_ratio":0.29057041555625707,"high_52w":344.6571960449219,"low_52w":152.27359008789062,"off_high":-2.804875662392052,"off_low":119.99217989214183,"trend_signals":["Golden Cross","Above 20d","Above 50d"],"macd":9.216683160373464,"macd_signal":5.994958865155233,"macd_histogram":3.2217242952182303,"macd_crossover":null,"bb_upper":354.4745216290237,"bb_lower":265.4414695819138,"bb_width":28.724231447294546,"bb_pct_b":0.781153954103035,"atr":7.559113823065996,"atr_pct":2.256519312047885,"rs_vs_bench":4.697787326621983},"AMZN":{"current":253.16000366210938,"sma_20":227.85050048828126,"sma_50":216.43640014648437,"sma_200":226.0072499847412,"rsi":75.76494714343785,"avg_vol_20":44891578.95,"current_vol":"14807079","vol_ratio":0.3298409043819119,"high_52w":254.0,"low_52w":173.17999267578125,"off_high":-0.33070721964197836,"off_low":46.18317032502861,"trend_signals":["Death Cross","Above 20d","Above 50d"],"macd":10.82085553309659,"macd_signal":8.040304696210484,"macd_histogram":2.780550836886107,"macd_crossover":null,"bb_upper":267.2906944720427,"bb_lower":188.41030650451984,"bb_width":34.61936129105839,"bb_pct_b":0.8208592633221926,"atr":6.318839517531839,"atr_pct":2.4959865010768225,"rs_vs_bench":8.599119182940694},"MSFT":{"current":431.6300048828125,"sma_20":386.73950042724607,"sma_50":393.46650390625,"sma_200":469.4185272216797,"rsi":72.67216914277827,"avg_vol_20":33022016.2,"current_vol":"13681724","vol_ratio":0.4143212793893548,"high_52w":539.8252563476562,"low_52w":356.7699890136719,"off_high":-20.042643465196495,"off_low":20.9827110391485,"trend_signals":["Death Cross","Above 20d","Above 50d"],"macd":9.048242109790692,"macd_signal":1.8558644381953593,"macd_histogram":7.192377671595333,"macd_crossover":null,"bb_upper":436.0712152288547,"bb_lower":337.4077856256374,"bb_width":25.511598762014227,"bb_pct_b":0.9549862561649954,"atr":9.714600400952945,"atr_pct":2.2506777311717374,"rs_vs_bench":5.350226713753692},"NVDA":{"current":201.10000610351562,"sma_20":185.41350021362305,"sma_50":184.40677856445313,"sma_200":182.39877265930176,"rsi":68.67276484865273,"avg_vol_20":149291307.5,"current_vol":"51481650","vol_ratio":0.3448402379354873,"high_52w":207.01727294921875,"low_52w":98.86669921875,"off_high":-2.8583445049798466,"off_low":103.40519881074086,"trend_signals":["Golden Cross","Above 20d","Above 50d"],"macd":5.825275732191699,"macd_signal":3.6196149062701437,"macd_histogram":2.205660825921555,"macd_crossover":null,"bb_upper":210.02283130898815,"bb_lower":160.80416911825796,"bb_width":26.54534979061568,"bb_pct_b":0.818710529536639,"atr":4.807303443756456,"atr_pct":2.3905038775990444,"rs_vs_bench":1.5680314174731933},"AAPL":{"current":272.7300109863281,"sma_20":259.42749938964846,"sma_50":260.23039978027344,"sma_200":252.71753021240235,"rsi":62.414009047788,"avg_vol_20":40852302.45,"current_vol":"20533249","vol_ratio":0.5026215847963791,"high_52w":285.9224548339844,"low_52w":194.67759704589844,"off_high":-4.61399362820811,"off_low":40.09316692049961,"trend_signals":["Golden Cross","Above 20d","Above 50d"],"macd":3.458954629290986,"macd_signal":1.64914134602231,"macd_histogram":1.8098132832686757,"macd_crossover":null,"bb_upper":274.3108137777858,"bb_lower":244.5441850015111,"bb_width":11.473968197784071,"bb_pct_b":0.946893455643265,"atr":6.173932790712417,"atr_pct":2.263752627877067,"rs_vs_bench":-3.018968059980054}}