{"MSFT":{"current":423.7300109863281,"sma_20":391.92750091552733,"sma_50":393.9663446044922,"sma_200":468.6506086730957,"rsi":63.14076629379137,"avg_vol_20":33281493.3,"current_vol":"19146466","vol_ratio":0.5752886695141171,"high_52w":539.8252563476562,"low_52w":356.7699890136719,"off_high":-21.506078864631874,"off_low":18.768400940273665,"trend_signals":["Death Cross","Above 20d","Above 50d"],"macd":9.781106596084896,"macd_signal":4.630148201898891,"macd_histogram":5.150958394186006,"macd_crossover":null,"bb_upper":443.5759525224857,"bb_lower":340.279049308569,"bb_width":26.356125296800858,"bb_pct_b":0.8078747676001596,"atr":10.455889384869748,"atr_pct":2.4675829216182454,"rs_vs_bench":0.856289696549787},"NVDA":{"current":208.42999267578125,"sma_20":188.3909996032715,"sma_50":185.0247882080078,"sma_200":182.83199081420898,"rsi":71.6003510236523,"avg_vol_20":149330363.6,"current_vol":"179570772","vol_ratio":1.202506761993848,"high_52w":208.42999267578125,"low_52w":106.40491485595703,"off_high":0.0,"off_low":95.88380194461703,"trend_signals":["Golden Cross","Above 20d","Above 50d"],"macd":6.521142779502043,"macd_signal":4.580534198905582,"macd_histogram":1.9406085805964608,"macd_crossover":null,"bb_upper":214.4726009986019,"bb_lower":162.3093982079411,"bb_width":27.68879771353736,"bb_pct_b":0.8841595607717839,"atr":5.449858475523685,"atr_pct":2.614718930591287,"rs_vs_bench":6.508845871811243},"AMZN":{"current":264.0400085449219,"sma_20":232.9540008544922,"sma_50":218.6420001220703,"sma_200":226.40435005187987,"rsi":80.38574388221804,"avg_vol_20":45887626.55,"current_vol":"42617231","vol_ratio":0.9287303398349331,"high_52w":264.0400085449219,"low_52w":184.4199981689453,"off_high":0.0,"off_low":43.17319768273583,"trend_signals":["Death Cross","Above 20d","Above 50d"],"macd":12.032105381890688,"macd_signal":9.37439328117037,"macd_histogram":2.6577121007203175,"macd_crossover":null,"bb_upper":274.9117329766968,"bb_lower":190.9962687322876,"bb_width":36.022332278733636,"bb_pct_b":0.8704443271610783,"atr":6.631510515675057,"atr_pct":2.511555181436384,"rs_vs_bench":14.545003934186362},"GOOG":{"current":342.2300109863281,"sma_20":315.5774978637695,"sma_50":308.4947039794922,"sma_200":276.52453903198244,"rsi":69.6236725220706,"avg_vol_20":16924286.05,"current_vol":"12211521","vol_ratio":0.7215383245073431,"high_52w":344.6571960449219,"low_52w":152.27359008789062,"off_high":-0.7042316500124362,"off_low":124.74679344513831,"trend_signals":["Golden Cross","Above 20d","Above 50d"],"macd":10.174346877630455,"macd_signal":7.453434920321881,"macd_histogram":2.7209119573085747,"macd_crossover":null,"bb_upper":360.2319946545956,"bb_lower":270.9230010729434,"bb_width":28.30017798677321,"bb_pct_b":0.7984303377933727,"atr":7.6284055411856375,"atr_pct":2.2290288099515587,"rs_vs_bench":7.098846813781503},"AAPL":{"current":270.1549987792969,"sma_20":261.35324935913087,"sma_50":260.1272998046875,"sma_200":253.33829360961914,"rsi":58.55441254720925,"avg_vol_20":41325454.15,"current_vol":"23565183","vol_ratio":0.5702340962658241,"high_52w":285.9224548339844,"low_52w":194.67758178710938,"off_high":-5.5145917321682845,"off_low":38.77047182285539,"trend_signals":["Golden Cross","Above 20d","Above 50d"],"macd":3.9472337165875615,"macd_signal":2.476539503172001,"macd_histogram":1.4706942134155603,"macd_crossover":null,"bb_upper":277.3268106283873,"bb_lower":245.37968808987443,"bb_width":12.223732674780589,"bb_pct_b":0.7755099276798818,"atr":5.881179439281974,"atr_pct":2.176964877887232,"rs_vs_bench":-9.328913709318474}}