{"GOOG":{"current":335.3999938964844,"sma_20":306.09599609375,"sma_50":307.0623175048828,"sma_200":273.33030097961426,"rsi":68.55702536237504,"avg_vol_20":19156073.4,"current_vol":"9573168","vol_ratio":0.49974584039754205,"high_52w":344.6571960449219,"low_52w":149.34368896484375,"off_high":-2.6859158185778704,"off_low":124.5826363479204,"trend_signals":["Golden Cross","Above 20d","Above 50d"],"macd":8.934403806939258,"macd_signal":4.24998969335567,"macd_histogram":4.684414113583588,"macd_crossover":null,"bb_upper":348.6909429219669,"bb_lower":263.5010492655331,"bb_width":27.83110355691884,"bb_pct_b":0.8439844392917757,"atr":7.673171750418589,"atr_pct":2.2877674090795557,"rs_vs_bench":2.174915754866836},"AMZN":{"current":248.27999877929688,"sma_20":223.56600036621094,"sma_50":214.75580017089842,"sma_200":225.72629997253418,"rsi":73.10728718081502,"avg_vol_20":45812738.2,"current_vol":"36029664","vol_ratio":0.7864551523357755,"high_52w":254.0,"low_52w":167.32000732421875,"off_high":-2.2519689845287894,"off_low":48.386318378650685,"trend_signals":["Death Cross","Above 20d","Above 50d"],"macd":10.237980822201393,"macd_signal":6.559849040548629,"macd_histogram":3.6781317816527643,"macd_crossover":null,"bb_upper":260.93439449257426,"bb_lower":186.19760623984766,"bb_width":33.42940703430058,"bb_pct_b":0.830680498732621,"atr":6.4933898311545875,"atr_pct":2.615349550137039,"rs_vs_bench":8.158308055603468},"AAPL":{"current":273.0899963378906,"sma_20":257.64099884033203,"sma_50":260.50279907226565,"sma_200":252.13430572509765,"rsi":66.5642683222166,"avg_vol_20":41139407.8,"current_vol":"27442656","vol_ratio":0.6670649255189328,"high_52w":285.9224548339844,"low_52w":192.32176208496094,"off_high":-4.4880904871723635,"off_low":41.99640923487855,"trend_signals":["Golden Cross","Above 20d","Above 50d"],"macd":2.8753182869992884,"macd_signal":0.7648874609276455,"macd_histogram":2.110430826071643,"macd_crossover":null,"bb_upper":271.33446695409305,"bb_lower":243.94753072657102,"bb_width":10.629882802346433,"bb_pct_b":1.064100977532251,"atr":5.963849749881912,"atr_pct":2.1838404298423733,"rs_vs_bench":-1.4026897383550239},"NVDA":{"current":202.05999755859375,"sma_20":182.90649948120117,"sma_50":183.8957717895508,"sma_200":181.9815087890625,"rsi":71.64596647112609,"avg_vol_20":157642745.05,"current_vol":"115430701","vol_ratio":0.7322297068817757,"high_52w":207.01727294921875,"low_52w":96.88717651367188,"off_high":-2.3946192122050696,"off_low":108.55184847922656,"trend_signals":["Golden Cross","Above 20d","Above 50d"],"macd":5.343800214567295,"macd_signal":2.436512979835923,"macd_histogram":2.9072872347313723,"macd_crossover":null,"bb_upper":205.827327885675,"bb_lower":159.98567107672733,"bb_width":25.062891115938285,"bb_pct_b":0.9178186263471628,"atr":5.075651766101194,"atr_pct":2.511952799875367,"rs_vs_bench":5.050634044013247},"MSFT":{"current":418.07000732421875,"sma_20":381.73699951171875,"sma_50":392.6083966064453,"sma_200":470.0935998535156,"rsi":67.44275320568667,"avg_vol_20":34082692.8,"current_vol":"22811956","vol_ratio":0.6693120210266955,"high_52w":539.8252563476562,"low_52w":356.3916320800781,"off_high":-22.55456698102786,"off_low":17.30634776247553,"trend_signals":["Death Cross","Above 20d","Above 50d"],"macd":5.495647212399717,"macd_signal":-1.7276571681214696,"macd_histogram":7.223304380521187,"macd_crossover":null,"bb_upper":422.3991616549753,"bb_lower":341.0748373684622,"bb_width":21.303757401178114,"bb_pct_b":0.9467667961739895,"atr":9.710308211475775,"atr_pct":2.322651240548166,"rs_vs_bench":-0.8348367228643081}}