{"AMZN":{"current":258.0199890136719,"sma_20":244.08899993896483,"sma_50":223.3920001220703,"sma_200":227.1168999481201,"rsi":68.04473407270694,"avg_vol_20":46473619.3,"current_vol":"50021086","vol_ratio":1.0763329121646439,"high_52w":263.989990234375,"low_52w":184.4199981689453,"off_high":-2.2614498433833994,"off_low":39.908899021516284,"trend_signals":["Death Cross","Above 20d","Above 50d"],"macd":11.81293966717169,"macd_signal":10.9885215698868,"macd_histogram":0.8244180972848909,"macd_crossover":null,"bb_upper":278.5988485144566,"bb_lower":209.57915136347304,"bb_width":28.276447184527836,"bb_pct_b":0.7018407737175723,"atr":7.24090839825067,"atr_pct":2.8063362167909367,"rs_vs_bench":9.590636425807908},"GOOG":{"current":371.94500732421875,"sma_20":329.9127471923828,"sma_50":312.37621154785154,"sma_200":279.9799209594727,"rsi":80.24959093709431,"avg_vol_20":15947712.75,"current_vol":"21097555","vol_ratio":1.3229204294515526,"high_52w":371.94500732421875,"low_52w":152.27357482910156,"off_high":0.0,"off_low":144.2610333024998,"trend_signals":["Golden Cross","Above 20d","Above 50d"],"macd":13.415484663183634,"macd_signal":10.136827139968052,"macd_histogram":3.278657523215582,"macd_crossover":null,"bb_upper":367.89622511102334,"bb_lower":291.9292692737423,"bb_width":23.026377878324976,"bb_pct_b":1.05329662309844,"atr":9.310808887384646,"atr_pct":2.5032756735644406,"rs_vs_bench":12.903538044178077},"NVDA":{"current":200.87010192871094,"sma_20":196.23600540161132,"sma_50":186.96639434814452,"sma_200":183.7122930908203,"rsi":55.40803095766994,"avg_vol_20":141891709.0,"current_vol":"103630980","vol_ratio":0.7303526099611641,"high_52w":216.61000061035156,"low_52w":108.89433288574219,"off_high":-7.266469062965522,"off_low":84.46332017982488,"trend_signals":["Golden Cross","Above 20d","Above 50d"],"macd":7.215732492737459,"macd_signal":6.402952388772973,"macd_histogram":0.812780103964486,"macd_crossover":null,"bb_upper":219.92121576558426,"bb_lower":172.55079503763838,"bb_width":24.139515391683016,"bb_pct_b":0.597826796889008,"atr":6.309528520652432,"atr_pct":3.1410988793602006,"rs_vs_bench":-0.17430861225018468},"MSFT":{"current":402.9200134277344,"sma_20":403.28100128173827,"sma_50":395.69359985351565,"sma_200":467.0522579956055,"rsi":48.677732521917854,"avg_vol_20":32243482.25,"current_vol":"30187845","vol_ratio":0.9362464254306776,"high_52w":539.8251953125,"low_52w":356.7699890136719,"off_high":-25.361021136761213,"off_low":12.935511908288333,"trend_signals":["Death Cross","Below 20d","Above 50d"],"macd":8.855920170141815,"macd_signal":7.829258707996887,"macd_histogram":1.0266614621449275,"macd_crossover":null,"bb_upper":450.29551143307657,"bb_lower":356.26649113039997,"bb_width":23.316005466120753,"bb_pct_b":0.4961608889166144,"atr":11.200422528931234,"atr_pct":2.7798129047119384,"rs_vs_bench":-5.522337225305973},"AAPL":{"current":271.79998779296875,"sma_20":265.1704978942871,"sma_50":260.8363989257812,"sma_200":254.55053047180175,"rsi":59.19195828869916,"avg_vol_20":39537127.65,"current_vol":"15329053","vol_ratio":0.3877128641134354,"high_52w":285.9224548339844,"low_52w":194.67759704589844,"off_high":-4.939264755968739,"off_low":39.615442103945554,"trend_signals":["Golden Cross","Above 20d","Above 50d"],"macd":3.7438683803293884,"macd_signal":3.2354159242036924,"macd_histogram":0.508452456125696,"macd_crossover":null,"bb_upper":278.03870288364345,"bb_lower":252.30229290493077,"bb_width":9.705608347491495,"bb_pct_b":0.7575918670927717,"atr":5.617174404941154,"atr_pct":2.0666573426117227,"rs_vs_bench":-7.205678225630052}}