{"GOOG":{"current":336.3500061035156,"sma_20":306.14349670410155,"sma_50":307.0813177490234,"sma_200":273.33505027770997,"rsi":69.5652233857253,"avg_vol_20":19087012.65,"current_vol":"8191953","vol_ratio":0.42918989735148527,"high_52w":344.6571960449219,"low_52w":149.34371948242188,"off_high":-2.4102760762678255,"off_low":125.21871510177893,"trend_signals":["Golden Cross","Above 20d","Above 50d"],"macd":9.010188256523463,"macd_signal":4.265146583298524,"macd_histogram":4.745041673224939,"macd_crossover":null,"bb_upper":348.8779295384664,"bb_lower":263.4090638697367,"bb_width":27.917909930759805,"bb_pct_b":0.8534212038860095,"atr":7.673171750413332,"atr_pct":2.281305667065106,"rs_vs_bench":2.531736674874363},"AMZN":{"current":248.3000030517578,"sma_20":223.56700057983397,"sma_50":214.75620025634765,"sma_200":225.72639999389648,"rsi":73.13632800235023,"avg_vol_20":45262917.8,"current_vol":"25033256","vol_ratio":0.5530632406556875,"high_52w":254.0,"low_52w":167.32000732421875,"off_high":-2.2440932867095227,"off_low":48.3982740752711,"trend_signals":["Death Cross","Above 20d","Above 50d"],"macd":10.239576604619941,"macd_signal":6.560168197032339,"macd_histogram":3.6794084075876023,"macd_crossover":null,"bb_upper":260.9381809459604,"bb_lower":186.19582021370752,"bb_width":33.43175000711387,"bb_pct_b":0.830910105455781,"atr":6.4933898311545875,"atr_pct":2.615138844682595,"rs_vs_bench":8.20693987794565},"MSFT":{"current":417.0400085449219,"sma_20":381.6854995727539,"sma_50":392.5877966308594,"sma_200":470.08844955444334,"rsi":66.5806403906264,"avg_vol_20":33869066.7,"current_vol":"18539434","vol_ratio":0.54738544065048,"high_52w":539.8251953125,"low_52w":356.3916015625,"off_high":-22.74536050443123,"off_low":17.01735021715601,"trend_signals":["Death Cross","Above 20d","Above 50d"],"macd":5.413482066402082,"macd_signal":-1.74409019885793,"macd_histogram":7.157572265260012,"macd_crossover":null,"bb_upper":422.1560638945783,"bb_lower":341.21493525092944,"bb_width":21.20623621653212,"bb_pct_b":0.9367928834773187,"atr":9.710308211527558,"atr_pct":2.328387687648343,"rs_vs_bench":-1.064653583441988},"NVDA":{"current":200.87950134277344,"sma_20":182.84747467041015,"sma_50":183.87216186523438,"sma_200":181.9756064605713,"rsi":69.93153886453733,"avg_vol_20":156375615.95,"current_vol":"90088119","vol_ratio":0.576100809916586,"high_52w":207.01727294921875,"low_52w":96.88717651367188,"off_high":-2.96485965591427,"off_low":107.33342488768581,"trend_signals":["Golden Cross","Above 20d","Above 50d"],"macd":5.249629576125358,"macd_signal":2.417678851966018,"macd_histogram":2.8319507241593396,"macd_crossover":null,"bb_upper":205.56581138120674,"bb_lower":160.12913795961356,"bb_width":24.849494642184474,"bb_pct_b":0.8968606263281986,"atr":5.040651373861373,"atr_pct":2.5092910626356995,"rs_vs_bench":4.4176351070030595},"AAPL":{"current":272.9507141113281,"sma_20":257.63403472900393,"sma_50":260.50001342773436,"sma_200":252.13360893249512,"rsi":66.45532293738668,"avg_vol_20":40896814.5,"current_vol":"22590790","vol_ratio":0.5523850763486726,"high_52w":285.9224548339844,"low_52w":192.32177734375,"off_high":-4.536803774361847,"off_low":41.923976515391935,"trend_signals":["Golden Cross","Above 20d","Above 50d"],"macd":2.86420745411408,"macd_signal":0.7626652943543457,"macd_histogram":2.1015421597597346,"macd_crossover":null,"bb_upper":271.2945230125619,"bb_lower":243.97354644544598,"bb_width":10.604568063320476,"bb_pct_b":1.0606197620607618,"atr":5.963849749882114,"atr_pct":2.184954807427119,"rs_vs_bench":-1.4189602216108543}}