{"NVDA":{"current":196.4600067138672,"sma_20":178.5354995727539,"sma_50":182.11520141601562,"sma_200":181.10738876342774,"rsi":68.03205319405704,"avg_vol_20":165059699.15,"current_vol":"152798383","vol_ratio":0.925715869996483,"high_52w":207.01727294921875,"low_52w":96.88717651367188,"off_high":-5.099703075472961,"off_low":102.77193926292657,"trend_signals":["Golden Cross","Above 20d","Above 50d"],"macd":2.0546132527964858,"macd_signal":-0.5098906891281918,"macd_histogram":2.5645039419246776,"macd_crossover":null,"bb_upper":193.25874107164563,"bb_lower":163.81225807386218,"bb_width":16.49334898003514,"bb_pct_b":1.1087147026170334,"atr":5.418979942301113,"atr_pct":2.7583120009730777,"rs_vs_bench":3.668817735863339},"AMZN":{"current":249.02000427246094,"sma_20":215.67399978637695,"sma_50":213.5602005004883,"sma_200":225.1564500427246,"rsi":76.33136168089538,"avg_vol_20":46183662.65,"current_vol":"70019853","vol_ratio":1.5161173666679726,"high_52w":254.0,"low_52w":167.32000732421875,"off_high":-1.9606282391886072,"off_low":48.828587958360984,"trend_signals":["Death Cross","Above 20d","Above 50d"],"macd":6.8697990354248475,"macd_signal":2.2254058285586313,"macd_histogram":4.644393206866216,"macd_crossover":null,"bb_upper":243.01568566751163,"bb_lower":188.33231390524227,"bb_width":25.354642570005065,"bb_pct_b":1.1098015431647577,"atr":6.927029071394877,"atr_pct":2.7817159073757733,"rs_vs_bench":11.397838459116905},"MSFT":{"current":393.0060119628906,"sma_20":376.21929931640625,"sma_50":391.93351196289063,"sma_200":471.55675231933594,"rsi":57.732715533659594,"avg_vol_20":32507417.2,"current_vol":"35200044","vol_ratio":1.0828311515317803,"high_52w":539.8251953125,"low_52w":356.3916015625,"off_high":-27.197541838449585,"off_low":10.273645686336296,"trend_signals":["Death Cross","Above 20d","Above 50d"],"macd":-4.898427335665815,"macd_signal":-8.330518111863537,"macd_histogram":3.4320907761977217,"macd_crossover":null,"bb_upper":398.462930187885,"bb_lower":353.9756684449275,"bb_width":11.824821805737026,"bb_pct_b":0.8773375116561718,"atr":8.944915330209838,"atr_pct":2.276025062704246,"rs_vs_bench":-5.9211414204529795},"AAPL":{"current":258.7900085449219,"sma_20":254.03750076293946,"sma_50":260.8563848876953,"sma_200":250.88836799621583,"rsi":53.00430452468429,"avg_vol_20":41155822.3,"current_vol":"39378346","vol_ratio":0.9568110609710744,"high_52w":285.9224548339844,"low_52w":192.32177734375,"off_high":-9.489442270218495,"off_low":34.56094890510949,"trend_signals":["Golden Cross","Above 20d","Below 50d"],"macd":0.2339652281916642,"macd_signal":-0.9837786170897825,"macd_histogram":1.2177438452814466,"macd_crossover":null,"bb_upper":262.77645817078485,"bb_lower":245.2985433550941,"bb_width":6.880053048546027,"bb_pct_b":0.7719150328914437,"atr":5.678054799967914,"atr_pct":2.1940780603909182,"rs_vs_bench":-2.524122060294709},"GOOG":{"current":330.5799865722656,"sma_20":300.00549774169923,"sma_50":307.2079064941406,"sma_200":270.1737464904785,"rsi":70.1946402511051,"avg_vol_20":20090892.55,"current_vol":"17081351","vol_ratio":0.8502036909256179,"high_52w":344.6571960449219,"low_52w":149.34368896484375,"off_high":-4.084408982083594,"off_low":121.35517668248157,"trend_signals":["Golden Cross","Above 20d","Above 50d"],"macd":4.039984937852239,"macd_signal":-0.8318558548517683,"macd_histogram":4.871840792704007,"macd_crossover":null,"bb_upper":330.634863544285,"bb_lower":269.37613193911346,"bb_width":20.41920300337779,"bb_pct_b":0.9991041771420756,"atr":8.255779122576698,"atr_pct":2.497362047890326,"rs_vs_bench":2.52427007780871}}