{"GOOG":{"current":346.5799865722656,"sma_20":322.9919952392578,"sma_50":310.0993682861328,"sma_200":278.20448417663573,"rsi":70.2986130443588,"avg_vol_20":16074761.2,"current_vol":"8014224","vol_ratio":0.49855944360778437,"high_52w":348.5199890136719,"low_52w":152.27359008789062,"off_high":-0.5566402222427899,"off_low":127.60347764324958,"trend_signals":["Golden Cross","Above 20d","Above 50d"],"macd":11.234372766072397,"macd_signal":8.766546069216034,"macd_histogram":2.4678266968563634,"macd_crossover":null,"bb_upper":361.03253888461,"bb_lower":284.9514515939056,"bb_width":23.55509994430265,"bb_pct_b":0.8100375161947746,"atr":7.648216436562332,"atr_pct":2.2067680572685338,"rs_vs_bench":7.284286702680287},"NVDA":{"current":209.8699951171875,"sma_20":193.0724998474121,"sma_50":186.1565884399414,"sma_200":183.31876441955566,"rsi":66.55858082677841,"avg_vol_20":146103618.7,"current_vol":"97132974","vol_ratio":0.6648225065489087,"high_52w":216.61000061035156,"low_52w":108.70438385009766,"off_high":-3.1115855566097834,"off_low":93.06488633116791,"trend_signals":["Golden Cross","Above 20d","Above 50d"],"macd":7.7760951143283705,"macd_signal":5.696171425463622,"macd_histogram":2.0799236888647483,"macd_crossover":null,"bb_upper":218.49241652647945,"bb_lower":167.65258316834476,"bb_width":26.331991038762183,"bb_pct_b":0.8304002818311302,"atr":5.926612729590724,"atr_pct":2.823944759841164,"rs_vs_bench":6.804071634222897},"MSFT":{"current":427.3299865722656,"sma_20":398.79300079345705,"sma_50":395.0005242919922,"sma_200":467.9208248901367,"rsi":64.62846739286493,"avg_vol_20":31741498.15,"current_vol":"12751963","vol_ratio":0.40174420689717827,"high_52w":539.8251953125,"low_52w":356.7699890136719,"off_high":-20.839191967524208,"off_low":19.777447580068124,"trend_signals":["Death Cross","Above 20d","Above 50d"],"macd":10.666043799880981,"macd_signal":6.747476631801354,"macd_histogram":3.918567168079627,"macd_crossover":null,"bb_upper":448.6305590948117,"bb_lower":348.9554424921024,"bb_width":24.994199096872578,"bb_pct_b":0.7862999989511213,"atr":10.184035093414789,"atr_pct":2.3831782026587476,"rs_vs_bench":1.9073135358142146},"AMZN":{"current":260.239990234375,"sma_20":239.00499954223633,"sma_50":221.10039947509765,"sma_200":226.77449989318848,"rsi":74.54378302153188,"avg_vol_20":44583663.75,"current_vol":"20299975","vol_ratio":0.4553231675582068,"high_52w":263.989990234375,"low_52w":184.4199981689453,"off_high":-1.4205084051371355,"off_low":41.112673689526744,"trend_signals":["Death Cross","Above 20d","Above 50d"],"macd":12.255037174356403,"macd_signal":10.413809983443208,"macd_histogram":1.8412271909131945,"macd_crossover":null,"bb_upper":277.42219839580014,"bb_lower":200.58780068867256,"bb_width":32.147611076876075,"bb_pct_b":0.7763734905957203,"atr":6.297674435877698,"atr_pct":2.419948767368898,"rs_vs_bench":11.418945986453302},"AAPL":{"current":270.1600036621094,"sma_20":263.51549835205077,"sma_50":260.55059936523435,"sma_200":253.92024368286133,"rsi":57.75738761955873,"avg_vol_20":40584604.25,"current_vol":"16529685","vol_ratio":0.40728954502494624,"high_52w":285.9224548339844,"low_52w":194.67758178710938,"off_high":-5.512841298535709,"off_low":38.773042680150084,"trend_signals":["Golden Cross","Above 20d","Above 50d"],"macd":3.7466498939915596,"macd_signal":2.9478045584299815,"macd_histogram":0.7988453355615781,"macd_crossover":null,"bb_upper":277.1078811467699,"bb_lower":249.9231155573316,"bb_width":10.316192314852028,"bb_pct_b":0.7444201804204674,"atr":5.869027642274102,"atr_pct":2.172426548237143,"rs_vs_bench":-7.084013526278387}}