{"GOOG":{"current":337.44000244140625,"sma_20":310.0804962158203,"sma_50":307.4796337890625,"sma_200":274.88332435607913,"rsi":67.1659794538777,"avg_vol_20":17967984.3,"current_vol":"7857586","vol_ratio":0.43731037765877834,"high_52w":344.6571960449219,"low_52w":152.27357482910156,"off_high":-2.0940208666279965,"off_low":121.60115622170109,"trend_signals":["Golden Cross","Above 20d","Above 50d"],"macd":9.41212573060568,"macd_signal":6.034047380484267,"macd_histogram":3.378078350121413,"macd_crossover":null,"bb_upper":354.8995123640782,"bb_lower":265.2614800675624,"bb_width":28.907987890385243,"bb_pct_b":0.8052220751018139,"atr":7.63339796772138,"atr_pct":2.2621496895724027,"rs_vs_bench":5.234195408400598},"AMZN":{"current":254.65499877929688,"sma_20":227.9252502441406,"sma_50":216.46630004882812,"sma_200":226.01472496032716,"rsi":76.49398567049454,"avg_vol_20":45410129.65,"current_vol":"25088993","vol_ratio":0.5524977178742762,"high_52w":254.65499877929688,"low_52w":173.17999267578125,"off_high":0.0,"off_low":47.04643119834805,"trend_signals":["Death Cross","Above 20d","Above 50d"],"macd":10.940114402843761,"macd_signal":8.064156470159919,"macd_histogram":2.8759579326838427,"macd_crossover":null,"bb_upper":267.5725391518432,"bb_lower":188.27796133643798,"bb_width":34.78972940929948,"bb_pct_b":0.837094278973048,"atr":6.398839168759518,"atr_pct":2.5127483063096014,"rs_vs_bench":8.995651666819992},"MSFT":{"current":432.260009765625,"sma_20":386.77100067138673,"sma_50":393.47910400390623,"sma_200":469.42167739868165,"rsi":72.88125266479365,"avg_vol_20":33326840.3,"current_vol":"19721806","vol_ratio":0.5917694513632005,"high_52w":539.8251953125,"low_52w":356.7699890136719,"off_high":-19.925929074986296,"off_low":21.15929676726824,"trend_signals":["Death Cross","Above 20d","Above 50d"],"macd":9.098498908503302,"macd_signal":1.8659157965970203,"macd_histogram":7.232583111906282,"macd_crossover":null,"bb_upper":436.2240628188457,"bb_lower":337.31793852392775,"bb_width":25.572269928001102,"bb_pct_b":0.9599210556325035,"atr":9.714600400980963,"atr_pct":2.247397441703733,"rs_vs_bench":5.210401207189673},"AAPL":{"current":272.7900085449219,"sma_20":259.4304992675781,"sma_50":260.2315997314453,"sma_200":252.71783020019532,"rsi":62.45915387689988,"avg_vol_20":41279118.9,"current_vol":"29013878","vol_ratio":0.7028705741100496,"high_52w":285.9224548339844,"low_52w":194.67759704589844,"off_high":-4.593009771368819,"off_low":40.12398585370209,"trend_signals":["Golden Cross","Above 20d","Above 50d"],"macd":3.463740759321297,"macd_signal":1.650098572028372,"macd_histogram":1.813642187292925,"macd_crossover":null,"bb_upper":274.3251230256309,"bb_lower":244.5358755095253,"bb_width":11.482554133074684,"bb_pct_b":0.9484674972108963,"atr":6.190717458681167,"atr_pct":2.2694076999750914,"rs_vs_bench":-3.304837770227765},"NVDA":{"current":201.69000244140625,"sma_20":185.44300003051757,"sma_50":184.41857849121095,"sma_200":182.4017226409912,"rsi":69.16257467935857,"avg_vol_20":150788838.25,"current_vol":"81048765","vol_ratio":0.5374984378195513,"high_52w":207.01727294921875,"low_52w":98.86669921875,"off_high":-2.5733459010056987,"off_low":104.00195822776683,"trend_signals":["Golden Cross","Above 20d","Above 50d"],"macd":5.8723409671246145,"macd_signal":3.629027953258632,"macd_histogram":2.2433130138659827,"macd_crossover":null,"bb_upper":210.13278800479262,"bb_lower":160.75321205624252,"bb_width":26.62789964594183,"bb_pct_b":0.8290227204019911,"atr":4.851411153363829,"atr_pct":2.405380085596078,"rs_vs_bench":1.5886087874717774}}