{"GOOG":{"current":335.3999938964844,"sma_20":306.09599609375,"sma_50":307.0623175048828,"sma_200":273.3303003692627,"rsi":68.55702535148266,"avg_vol_20":19323450.0,"current_vol":"12872700","vol_ratio":0.6661698609720313,"high_52w":344.6571960449219,"low_52w":149.3437042236328,"off_high":-2.6859158185778704,"off_low":124.58261340179695,"trend_signals":["Golden Cross","Above 20d","Above 50d"],"macd":8.934403808117281,"macd_signal":4.249989695086725,"macd_histogram":4.684414113030556,"macd_crossover":null,"bb_upper":348.6909429219648,"bb_lower":263.5010492655352,"bb_width":27.83110355691747,"bb_pct_b":0.8439844392917927,"atr":7.673171750238723,"atr_pct":2.2877674090259283,"rs_vs_bench":2.168116770624696},"AMZN":{"current":248.27999877929688,"sma_20":223.56600036621094,"sma_50":214.75580017089842,"sma_200":225.72629997253418,"rsi":73.10728718081502,"avg_vol_20":45974490.0,"current_vol":"39132900","vol_ratio":0.8511872562371002,"high_52w":254.0,"low_52w":167.32000732421875,"off_high":-2.2519689845287894,"off_low":48.386318378650685,"trend_signals":["Death Cross","Above 20d","Above 50d"],"macd":10.237980822201393,"macd_signal":6.559849040548629,"macd_histogram":3.6781317816527643,"macd_crossover":null,"bb_upper":260.93439449257426,"bb_lower":186.19760623984766,"bb_width":33.42940703430058,"bb_pct_b":0.830680498732621,"atr":6.493033429438627,"atr_pct":2.6152060018376546,"rs_vs_bench":8.151509071361328},"NVDA":{"current":202.05999755859375,"sma_20":182.90649948120117,"sma_50":183.8957717895508,"sma_200":181.9815087890625,"rsi":71.64596647121998,"avg_vol_20":157847640.0,"current_vol":"119047400","vol_ratio":0.7541918270048257,"high_52w":207.01727294921875,"low_52w":96.88717651367188,"off_high":-2.3946192122050696,"off_low":108.55184847922656,"trend_signals":["Golden Cross","Above 20d","Above 50d"],"macd":5.3438002145690575,"macd_signal":2.4365129798384952,"macd_histogram":2.9072872347305623,"macd_crossover":null,"bb_upper":205.82732788567424,"bb_lower":159.9856710767281,"bb_width":25.062891115937447,"bb_pct_b":0.9178186263471768,"atr":5.075631057739002,"atr_pct":2.5119425512549363,"rs_vs_bench":5.043835059771107},"AAPL":{"current":273.04998779296875,"sma_20":257.6389984130859,"sma_50":260.5019989013672,"sma_200":252.13410530090331,"rsi":66.53304648476345,"avg_vol_20":41596980.0,"current_vol":"36472700","vol_ratio":0.8768112492781928,"high_52w":285.9224548339844,"low_52w":192.32177734375,"off_high":-4.502083282857161,"off_low":41.97559504919074,"trend_signals":["Golden Cross","Above 20d","Above 50d"],"macd":2.872126722165092,"macd_signal":0.7642491479645113,"macd_histogram":2.1078775742005806,"macd_crossover":null,"bb_upper":271.3229722472397,"bb_lower":243.95502457893213,"bb_width":10.622595118316342,"bb_pct_b":1.063103582579886,"atr":5.964207241511579,"atr_pct":2.184291341567004,"rs_vs_bench":-1.4253973249463527},"MSFT":{"current":418.07000732421875,"sma_20":381.73699951171875,"sma_50":392.6083966064453,"sma_200":470.0935989379883,"rsi":67.44275320555022,"avg_vol_20":34354955.0,"current_vol":"27501100","vol_ratio":0.8004987926777957,"high_52w":539.8252563476562,"low_52w":356.3916320800781,"off_high":-22.55456698102786,"off_low":17.30634776247553,"trend_signals":["Death Cross","Above 20d","Above 50d"],"macd":5.4956472124232505,"macd_signal":-1.7276571680868031,"macd_histogram":7.223304380510053,"macd_crossover":null,"bb_upper":422.3991616549771,"bb_lower":341.0748373684604,"bb_width":21.30375740117907,"bb_pct_b":0.9467667961739695,"atr":9.71030821150683,"atr_pct":2.322651240555594,"rs_vs_bench":-0.8416357071064482}}