{"NVDA":{"current":199.8800048828125,"sma_20":184.11849975585938,"sma_50":184.1853726196289,"sma_200":182.18434120178222,"rsi":67.60890108121157,"avg_vol_20":154081760.15,"current_vol":"107184703","vol_ratio":0.6956352451818743,"high_52w":207.01727294921875,"low_52w":98.86669921875,"off_high":-3.447667899749128,"off_low":102.17121281713166,"trend_signals":["Golden Cross","Above 20d","Above 50d"],"macd":5.594946630911608,"macd_signal":3.0681996997897474,"macd_histogram":2.52674693112186,"macd_crossover":null,"bb_upper":207.96626142406737,"bb_lower":160.27073808765138,"bb_width":25.904796856187794,"bb_pct_b":0.8304608907586735,"atr":4.980943109201659,"atr_pct":2.491966673766059,"rs_vs_bench":3.752498125989966},"AMZN":{"current":249.91000366210938,"sma_20":225.55450057983398,"sma_50":215.54760009765624,"sma_200":225.85879997253417,"rsi":74.01278276502005,"avg_vol_20":45905722.65,"current_vol":"42571853","vol_ratio":0.9273757288297476,"high_52w":254.0,"low_52w":173.17999267578125,"off_high":-1.6102347786970963,"off_low":44.30651012324394,"trend_signals":["Death Cross","Above 20d","Above 50d"],"macd":10.486438924633063,"macd_signal":7.345166986988957,"macd_histogram":3.141271937644106,"macd_crossover":null,"bb_upper":264.12787979252937,"bb_lower":186.98112136713863,"bb_width":34.2031563223386,"bb_pct_b":0.8157035185843846,"atr":6.509245439274502,"atr_pct":2.604635806446277,"rs_vs_bench":10.255388438438338},"AAPL":{"current":266.1700134277344,"sma_20":258.3729988098145,"sma_50":260.2681994628906,"sma_200":252.4004453277588,"rsi":56.72387613537281,"avg_vol_20":42043723.65,"current_vol":"49363473","vol_ratio":1.1740985030473152,"high_52w":285.9224548339844,"low_52w":194.67759704589844,"off_high":-6.9083211452276085,"off_low":36.72349436539451,"trend_signals":["Golden Cross","Above 20d","Above 50d"],"macd":2.9264437040123426,"macd_signal":1.1966880252051442,"macd_histogram":1.7297556788071984,"macd_crossover":null,"bb_upper":272.24182706145655,"bb_lower":244.5041705581724,"bb_width":10.73550898548092,"bb_pct_b":0.7810985353790336,"atr":6.084620585761226,"atr_pct":2.28599026141358,"rs_vs_bench":-4.56013728522533},"MSFT":{"current":424.1600036621094,"sma_20":383.79499969482424,"sma_50":393.0870666503906,"sma_200":469.73460510253904,"rsi":69.92258191282278,"avg_vol_20":34463981.1,"current_vol":"31779522","vol_ratio":0.9221082703065897,"high_52w":539.8252563476562,"low_52w":356.7699890136719,"off_high":-21.426424815339978,"off_low":18.888924720025997,"trend_signals":["Death Cross","Above 20d","Above 50d"],"macd":7.199478971865972,"macd_signal":0.057770020264782396,"macd_histogram":7.141708951601189,"macd_crossover":null,"bb_upper":428.67404910102607,"bb_lower":338.9159502886224,"bb_width":23.386990159792358,"bb_pct_b":0.9497087672461607,"atr":9.726706214948285,"atr_pct":2.2931691180144105,"rs_vs_bench":3.4608780273322814},"GOOG":{"current":330.4700012207031,"sma_20":307.6684967041016,"sma_50":307.2142663574219,"sma_200":274.0819290924072,"rsi":63.42032869705474,"avg_vol_20":18935040.2,"current_vol":"14411304","vol_ratio":0.7610918090366664,"high_52w":344.6571960449219,"low_52w":152.27359008789062,"off_high":-4.116320502523215,"off_low":117.02384571740872,"trend_signals":["Golden Cross","Above 20d","Above 50d"],"macd":8.947680288782863,"macd_signal":5.189527792968494,"macd_histogram":3.758152495814368,"macd_crossover":null,"bb_upper":351.46859809549824,"bb_lower":263.86839531270493,"bb_width":28.472269251226685,"bb_pct_b":0.7602905449104769,"atr":7.663660101030915,"atr_pct":2.319018389785029,"rs_vs_bench":3.936132066168385}}