{"GOOG":{"current":347.5,"sma_20":323.03799591064455,"sma_50":310.1177685546875,"sma_200":278.20908432006837,"rsi":71.3492977264846,"avg_vol_20":16528260.0,"current_vol":"17042700","vol_ratio":1.0311248733986518,"high_52w":348.5199890136719,"low_52w":152.27357482910156,"off_high":-0.2926629880135404,"off_low":128.20768501035283,"trend_signals":["Golden Cross","Above 20d","Above 50d"],"macd":11.307764152087032,"macd_signal":8.781224348281738,"macd_histogram":2.526539803805294,"macd_crossover":null,"bb_upper":361.20066906250065,"bb_lower":284.87532275878846,"bb_width":23.627358784390342,"bb_pct_b":0.8204964703601443,"atr":7.648216425903572,"atr_pct":2.200925590188078,"rs_vs_bench":7.214639624233435},"NVDA":{"current":213.1699981689453,"sma_20":193.2375,"sma_50":186.22258850097657,"sma_200":183.33526458740235,"rsi":70.98935972825828,"avg_vol_20":150295951.4,"current_vol":"179415428","vol_ratio":1.1937475782198614,"high_52w":216.61000061035156,"low_52w":108.89433288574219,"off_high":-1.5881087815489605,"off_low":95.75857854110258,"trend_signals":["Golden Cross","Above 20d","Above 50d"],"macd":8.03934321983715,"macd_signal":5.748821045060802,"macd_histogram":2.2905221747763482,"macd_crossover":null,"bb_upper":219.15448028746715,"bb_lower":167.32051971253287,"bb_width":26.82396562516814,"bb_pct_b":0.8845451504738807,"atr":5.926612716317643,"atr_pct":2.7802283469649316,"rs_vs_bench":8.305909572295356},"AMZN":{"current":259.70001220703125,"sma_20":238.97800064086914,"sma_50":221.08959991455077,"sma_200":226.77180000305177,"rsi":73.73002273915138,"avg_vol_20":45675057.2,"current_vol":"42065244","vol_ratio":0.920967516598972,"high_52w":263.989990234375,"low_52w":184.4199981689453,"off_high":-1.6250532921854466,"off_low":40.81987571061717,"trend_signals":["Death Cross","Above 20d","Above 50d"],"macd":12.211962005348653,"macd_signal":10.405194951248594,"macd_histogram":1.8067670541000584,"macd_crossover":null,"bb_upper":277.33307218508764,"bb_lower":200.62292909665064,"bb_width":32.09924883576012,"bb_pct_b":0.7701339188257318,"atr":6.297674427612079,"atr_pct":2.4249804126276326,"rs_vs_bench":10.769312008219714},"MSFT":{"current":429.25,"sma_20":398.8890014648438,"sma_50":395.0389245605469,"sma_200":467.93042495727536,"rsi":65.40266639164574,"avg_vol_20":32621997.1,"current_vol":"30312242","vol_ratio":0.9291963918419942,"high_52w":539.8252563476562,"low_52w":356.7699890136719,"off_high":-20.483527780042213,"off_low":20.315613201297207,"trend_signals":["Death Cross","Above 20d","Above 50d"],"macd":10.819207253316222,"macd_signal":6.778109308657143,"macd_histogram":4.041097944659079,"macd_crossover":null,"bb_upper":448.9648396423309,"bb_lower":348.81316328735664,"bb_width":25.10765550997554,"bb_pct_b":0.8031501782111536,"atr":10.284392137644986,"atr_pct":2.3958979936272535,"rs_vs_bench":2.035632037784941},"AAPL":{"current":270.7099914550781,"sma_20":263.5429977416992,"sma_50":260.56159912109376,"sma_200":253.92299339294433,"rsi":58.26272251784794,"avg_vol_20":41402082.75,"current_vol":"32820055","vol_ratio":0.7927150718039662,"high_52w":285.9224548339844,"low_52w":194.67758178710938,"off_high":-5.320485719716938,"off_low":39.05555481530193,"trend_signals":["Golden Cross","Above 20d","Above 50d"],"macd":3.7905235598748277,"macd_signal":2.9565792862560616,"macd_histogram":0.8339442736187661,"macd_crossover":null,"bb_upper":277.19408050999067,"bb_lower":249.89191497340775,"bb_width":10.359662662463153,"bb_pct_b":0.7625064192719682,"atr":5.869027640971912,"atr_pct":2.168012938652774,"rs_vs_bench":-7.257669436748414}}