{"AMZN":{"current":250.55999755859375,"sma_20":221.42050018310547,"sma_50":214.24400024414064,"sma_200":225.5844999694824,"rsi":76.57275501836331,"avg_vol_20":47195985.0,"current_vol":"51897500","vol_ratio":1.0996168424072514,"high_52w":254.0,"low_52w":167.32000732421875,"off_high":-1.3543316698449803,"off_low":49.74897596859382,"trend_signals":["Death Cross","Above 20d","Above 50d"],"macd":9.93790595341926,"macd_signal":5.640316095135438,"macd_histogram":4.297589858283823,"macd_crossover":null,"bb_upper":257.72660999737246,"bb_lower":185.1143903688385,"bb_width":32.793810676286384,"bb_pct_b":0.9013029421846444,"atr":6.593266582364195,"atr_pct":2.6314122951020353,"rs_vs_bench":10.388865322093045},"NVDA":{"current":201.67999267578125,"sma_20":181.4384994506836,"sma_50":183.2919857788086,"sma_200":181.75732810974122,"rsi":71.36924415902696,"avg_vol_20":163937385.0,"current_vol":"159843200","vol_ratio":0.9750259222446424,"high_52w":207.01727294921875,"low_52w":96.88717651367188,"off_high":-2.578181133101262,"off_low":108.15963467293518,"trend_signals":["Golden Cross","Above 20d","Above 50d"],"macd":4.723555157290349,"macd_signal":1.7096911711558254,"macd_histogram":3.0138639861345236,"macd_crossover":null,"bb_upper":202.90914773159452,"bb_lower":159.96785116977267,"bb_width":23.66713607741979,"bb_pct_b":0.971375921217384,"atr":5.132987152099334,"atr_pct":2.545114705726449,"rs_vs_bench":5.165218165308927},"GOOG":{"current":339.3999938964844,"sma_20":304.2654968261719,"sma_50":306.97625244140625,"sma_200":272.55008033752443,"rsi":73.01236568613974,"avg_vol_20":20415590.0,"current_vol":"19635800","vol_ratio":0.9618041898372763,"high_52w":344.6571960449219,"low_52w":149.3437042236328,"off_high":-1.5253423427005097,"off_low":127.26099882205561,"trend_signals":["Golden Cross","Above 20d","Above 50d"],"macd":8.285540313667923,"macd_signal":3.0788861649926074,"macd_histogram":5.206654148675316,"macd_crossover":null,"bb_upper":344.6471073311523,"bb_lower":263.8838863211915,"bb_width":26.54366724206694,"bb_pct_b":0.9350309043020858,"atr":7.896493499393261,"atr_pct":2.3266039014136397,"rs_vs_bench":1.9761564137778418},"AAPL":{"current":270.2300109863281,"sma_20":256.3859992980957,"sma_50":260.5540405273438,"sma_200":251.82783325195314,"rsi":64.17514969306312,"avg_vol_20":44183830.0,"current_vol":"61314800","vol_ratio":1.3877203492770998,"high_52w":285.9224548339844,"low_52w":192.32179260253906,"off_high":-5.488356574431267,"off_low":40.50930335533931,"trend_signals":["Golden Cross","Above 20d","Above 50d"],"macd":2.0605155982883048,"macd_signal":0.2372797547426584,"macd_histogram":1.8232358435456464,"macd_crossover":null,"bb_upper":268.64330431273936,"bb_lower":244.1286942834521,"bb_width":9.561602465189427,"bb_pct_b":1.064724940420963,"atr":6.111454891584992,"atr_pct":2.2615751926584466,"rs_vs_bench":-2.647218384777771},"MSFT":{"current":422.7900085449219,"sma_20":379.9269989013672,"sma_50":392.10246704101564,"sma_200":470.4445182800293,"rsi":71.69699828367503,"avg_vol_20":35484755.0,"current_vol":"47812100","vol_ratio":1.347398340498617,"high_52w":539.8252563476562,"low_52w":356.3916015625,"off_high":-21.6802097394572,"off_low":18.630744016221623,"trend_signals":["Death Cross","Above 20d","Above 50d"],"macd":3.861073940022095,"macd_signal":-3.5334832632514113,"macd_histogram":7.394557203273506,"macd_crossover":null,"bb_upper":416.82832530805,"bb_lower":343.0256724946844,"bb_width":19.4254825339553,"bb_pct_b":1.0807787120057588,"atr":9.91648586010481,"atr_pct":2.3454872772971815,"rs_vs_bench":-0.8996317153169056}}