{"GOOG":{"current":380.7099914550781,"sma_20":334.72499694824216,"sma_50":314.1233856201172,"sma_200":281.0166605377197,"rsi":81.27085904521732,"avg_vol_20":17261219.3,"current_vol":"15919986","vol_ratio":0.9222978819346788,"high_52w":381.94000244140625,"low_52w":152.27357482910156,"off_high":-0.3220429854075895,"off_low":150.0171102453945,"trend_signals":["Golden Cross","Above 20d","Above 50d"],"macd":16.1087554116516,"macd_signal":11.458784232871519,"macd_histogram":4.649971178780081,"macd_crossover":null,"bb_upper":377.40734484226704,"bb_lower":292.0426490542173,"bb_width":25.502934219534705,"bb_pct_b":1.0386886707944367,"atr":9.712590045997633,"atr_pct":2.551178131384469,"rs_vs_bench":13.328312413156995},"NVDA":{"current":198.7899932861328,"sma_20":197.24100036621093,"sma_50":187.15839569091796,"sma_200":183.8430347442627,"rsi":53.32416113656876,"avg_vol_20":144386202.1,"current_vol":"69999442","vol_ratio":0.48480700359110007,"high_52w":216.61000061035156,"low_52w":111.58370208740234,"off_high":-8.226770358712216,"off_low":78.1532513864997,"trend_signals":["Golden Cross","Above 20d","Above 50d"],"macd":6.270295135386164,"macd_signal":6.35982712519798,"macd_histogram":-0.08953198981181654,"macd_crossover":"bearish","bb_upper":219.17626389833816,"bb_lower":175.3057368340837,"bb_width":22.242093166634472,"bb_pct_b":0.5353082815178667,"atr":6.278848250020241,"atr_pct":3.1585333578550103,"rs_vs_bench":-2.6665451361242543},"AMZN":{"current":269.0199890136719,"sma_20":247.40349960327148,"sma_50":224.81600006103517,"sma_200":227.38124992370606,"rsi":78.46845815337369,"avg_vol_20":48904911.15,"current_vol":"27098823","vol_ratio":0.5541125085961842,"high_52w":269.0199890136719,"low_52w":185.00999450683594,"off_high":0.0,"off_low":45.40835468417456,"trend_signals":["Death Cross","Above 20d","Above 50d"],"macd":12.61462120970154,"macd_signal":11.403596849825869,"macd_histogram":1.2110243598756707,"macd_crossover":null,"bb_upper":280.25618100659995,"bb_lower":214.55081819994302,"bb_width":26.557976306729692,"bb_pct_b":0.8289912495272048,"atr":7.47663593179828,"atr_pct":2.7792120426479947,"rs_vs_bench":11.852468817677808},"AAPL":{"current":283.95001220703125,"sma_20":266.54949951171875,"sma_50":261.2947998046875,"sma_200":254.9204182434082,"rsi":68.94502372480417,"avg_vol_20":44169754.95,"current_vol":"48919299","vol_ratio":1.1075293275993146,"high_52w":285.9224548339844,"low_52w":194.67758178710938,"off_high":-0.6898522986235508,"off_low":45.85655400093586,"trend_signals":["Golden Cross","Above 20d","Above 50d"],"macd":4.665184750271862,"macd_signal":3.5156263296011163,"macd_histogram":1.149558420670746,"macd_crossover":null,"bb_upper":281.13036304946866,"bb_lower":251.96863597396884,"bb_width":10.940454635600517,"bb_pct_b":1.0966900605805174,"atr":6.600181866487233,"atr_pct":2.324416827872845,"rs_vs_bench":-4.880135172073286},"MSFT":{"current":414.3299865722656,"sma_20":405.56750030517577,"sma_50":396.10819946289064,"sma_200":466.63470932006834,"rsi":54.4434561598913,"avg_vol_20":34008711.1,"current_vol":"17297022","vol_ratio":0.5086056319258744,"high_52w":539.8252563476562,"low_52w":356.7699890136719,"off_high":-23.247387612885166,"off_low":16.133643336347998,"trend_signals":["Death Cross","Above 20d","Above 50d"],"macd":8.480143125065865,"macd_signal":8.021466030889197,"macd_histogram":0.458677094176668,"macd_crossover":null,"bb_upper":450.63485654376746,"bb_lower":360.5001440665841,"bb_width":22.224343027821526,"bb_pct_b":0.5972154459283152,"atr":11.20743186308319,"atr_pct":2.7049531113598118,"rs_vs_bench":-3.4564722404105463}}