{"MSFT":{"current":374.3299865722656,"sma_20":380.26549835205077,"sma_50":397.9440264892578,"sma_200":473.7225535583496,"rsi":40.94667300034657,"avg_vol_20":31395320.2,"current_vol":"32957404","vol_ratio":1.0497553071619892,"high_52w":539.8252563476562,"low_52w":356.3916015625,"off_high":-30.657192828489848,"off_low":5.033335502609982,"trend_signals":["Death Cross","Below 20d","Below 50d"],"macd":-9.325830389841201,"macd_signal":-10.50092410682279,"macd_histogram":1.1750937169815892,"macd_crossover":null,"bb_upper":409.4715131494302,"bb_lower":351.0594835546713,"bb_width":15.360854415638018,"bb_pct_b":0.3983854555138122,"atr":8.7955998564183,"atr_pct":2.3496914946514127,"rs_vs_bench":-7.407917821189935},"AMZN":{"current":221.25,"sma_20":209.70649948120118,"sma_50":213.71580017089843,"sma_200":224.60350006103516,"rsi":60.68937294979297,"avg_vol_20":42055776.55,"current_vol":"47177831","vol_ratio":1.121791936094924,"high_52w":254.0,"low_52w":167.32000732421875,"off_high":-12.893700787401574,"off_low":32.23164613618514,"trend_signals":["Death Cross","Above 20d","Above 50d"],"macd":0.10644349963803279,"macd_signal":-1.5016615810187648,"macd_histogram":1.6081050806567976,"macd_crossover":null,"bb_upper":219.19987466595072,"bb_lower":200.21312429645164,"bb_width":9.053963714272536,"bb_pct_b":1.1079766307636651,"atr":6.223107008938674,"atr_pct":2.812703732853638,"rs_vs_bench":4.181739251916971},"GOOG":{"current":314.739990234375,"sma_20":296.78699951171876,"sma_50":308.5207214355469,"sma_200":267.1550594329834,"rsi":61.80773123583315,"avg_vol_20":20317570.9,"current_vol":"20653218","vol_ratio":1.0165200407889312,"high_52w":344.6571960449219,"low_52w":149.34368896484375,"off_high":-8.680278884021192,"off_low":110.74877178671163,"trend_signals":["Golden Cross","Above 20d","Above 50d"],"macd":-2.063536513833867,"macd_signal":-5.03608532405463,"macd_histogram":2.972548810220763,"macd_crossover":null,"bb_upper":319.8813056350478,"bb_lower":273.6926933883897,"bb_width":15.562882579981165,"bb_pct_b":0.8886886799452437,"atr":8.471276932801485,"atr_pct":2.6915159165167557,"rs_vs_bench":2.1866783165002235},"AAPL":{"current":258.8999938964844,"sma_20":253.06499938964845,"sma_50":260.7072802734375,"sma_200":249.70316635131837,"rsi":53.828566586549286,"avg_vol_20":41136495.2,"current_vol":"39655304","vol_ratio":0.9639932572573658,"high_52w":285.9224548339844,"low_52w":189.5936737060547,"off_high":-9.450975423805065,"off_low":36.555186064848314,"trend_signals":["Golden Cross","Above 20d","Below 50d"],"macd":-1.1441083740612044,"macd_signal":-2.347351115796772,"macd_histogram":1.2032427417355676,"macd_crossover":null,"bb_upper":260.7031830485432,"bb_lower":245.42681573075365,"bb_width":6.036538974031845,"bb_pct_b":0.8819621763114451,"atr":6.190022704862657,"atr_pct":2.390893337501431,"rs_vs_bench":-0.5948031194946246},"NVDA":{"current":182.0800018310547,"sma_20":177.2519989013672,"sma_50":182.22177459716798,"sma_200":180.3223388671875,"rsi":54.603843190743916,"avg_vol_20":170825333.7,"current_vol":"147041074","vol_ratio":0.860768545362426,"high_52w":207.01727294921875,"low_52w":96.88717651367188,"off_high":-12.045985710709834,"off_low":87.92992879234245,"trend_signals":["Golden Cross","Above 20d","Below 50d"],"macd":-1.4506146615258615,"macd_signal":-2.4424798358965156,"macd_histogram":0.9918651743706541,"macd_crossover":null,"bb_upper":187.82325258603137,"bb_lower":166.680745216703,"bb_width":11.927937343653445,"bb_pct_b":0.7283552676770745,"atr":5.476699861439299,"atr_pct":3.007853584338673,"rs_vs_bench":-1.9857796431424934}}