{"AMZN":{"current":221.42999267578125,"sma_20":209.71549911499022,"sma_50":213.71940002441406,"sma_200":224.60440002441408,"rsi":60.830539340779076,"avg_vol_20":41224110.1,"current_vol":"31670402","vol_ratio":0.7682495006726658,"high_52w":254.0,"low_52w":167.32000732421875,"off_high":-12.82283752921998,"off_low":32.33922004719536,"trend_signals":["Death Cross","Above 20d","Above 50d"],"macd":0.12080197979085483,"macd_signal":-1.4987897705563944,"macd_histogram":1.6195917503472492,"macd_crossover":null,"bb_upper":219.2551789891312,"bb_lower":200.17581924084925,"bb_width":9.097734706684907,"bb_pct_b":1.1139877708341808,"atr":6.2231069604746905,"atr_pct":2.8104173627402815,"rs_vs_bench":4.488820825337692},"NVDA":{"current":181.76499938964844,"sma_20":177.2362487792969,"sma_50":182.21547454833984,"sma_200":180.32076416015624,"rsi":54.265988605884594,"avg_vol_20":168480997.3,"current_vol":"105785446","vol_ratio":0.6278776105036743,"high_52w":207.01727294921875,"low_52w":96.27731323242188,"off_high":-12.1981481061074,"off_low":88.79317804689023,"trend_signals":["Golden Cross","Above 20d","Below 50d"],"macd":-1.4757429822469135,"macd_signal":-2.447505399456527,"macd_histogram":0.9717624172096135,"macd_crossover":null,"bb_upper":187.7781129009023,"bb_lower":166.69438465769147,"bb_width":11.895833041166034,"bb_pct_b":0.714798377123356,"atr":5.47669980696648,"atr_pct":3.013066225817279,"rs_vs_bench":-1.9326696013348132},"MSFT":{"current":373.6499938964844,"sma_20":380.2314987182617,"sma_50":397.9304266357422,"sma_200":473.7191535949707,"rsi":40.24931814222678,"avg_vol_20":30727289.8,"current_vol":"20279196","vol_ratio":0.6599734676242094,"high_52w":539.8252563476562,"low_52w":351.8662414550781,"off_high":-30.783158160379276,"off_low":6.190918557950757,"trend_signals":["Death Cross","Below 20d","Below 50d"],"macd":-9.380074662707273,"macd_signal":-10.511772761772924,"macd_histogram":1.1316980990656518,"macd_crossover":null,"bb_upper":409.4681741583527,"bb_lower":350.9948232781707,"bb_width":15.378355311775135,"bb_pct_b":0.38744437042331414,"atr":8.73274221550487,"atr_pct":2.33714501757069,"rs_vs_bench":-7.353428124896711},"AAPL":{"current":257.2200012207031,"sma_20":252.9809997558594,"sma_50":260.6736804199219,"sma_200":249.69476661682128,"rsi":51.87487074040132,"avg_vol_20":40318904.7,"current_vol":"24074194","vol_ratio":0.5970944443835549,"high_52w":285.9224548339844,"low_52w":171.67178344726562,"off_high":-10.038544762056832,"off_low":49.83242793636865,"trend_signals":["Golden Cross","Above 20d","Below 50d"],"macd":-1.2781247678693717,"macd_signal":-2.3741542472454378,"macd_histogram":1.096029479376066,"macd_crossover":null,"bb_upper":260.38227341843833,"bb_lower":245.57972609328044,"bb_width":5.851248646911492,"bb_pct_b":0.7863697289208649,"atr":6.19002263691283,"atr_pct":2.406509061323575,"rs_vs_bench":-1.0165085144067332},"GOOG":{"current":315.489990234375,"sma_20":296.8244995117187,"sma_50":308.53572143554686,"sma_200":267.15880920410154,"rsi":62.21392442320347,"avg_vol_20":19952646.8,"current_vol":"13786736","vol_ratio":0.6909727886327341,"high_52w":344.6571960449219,"low_52w":146.07501220703125,"off_high":-8.462671357294187,"off_low":115.97806871118581,"trend_signals":["Golden Cross","Above 20d","Above 50d"],"macd":-2.0037073904083513,"macd_signal":-5.024119418564594,"macd_histogram":3.020412028156243,"macd_crossover":null,"bb_upper":320.04364766166873,"bb_lower":273.6053513617687,"bb_width":15.645034818989597,"bb_pct_b":0.9019417638001604,"atr":8.471276871554233,"atr_pct":2.6851174787704006,"rs_vs_bench":2.652292080404195}}