{"GOOG":{"current":315.94000244140625,"sma_20":297.8209991455078,"sma_50":307.75077270507813,"sma_200":268.6516094970703,"rsi":62.31062011092863,"avg_vol_20":19855464.0,"current_vol":"4932480","vol_ratio":0.2484192764268818,"high_52w":344.6571960449219,"low_52w":149.34368896484375,"off_high":-8.33210329946881,"off_low":111.55229566867075,"trend_signals":["Golden Cross","Above 20d","Above 50d"],"macd":0.9160208647679156,"macd_signal":-3.100060031394275,"macd_histogram":4.01608089616219,"macd_crossover":null,"bb_upper":323.30892994356986,"bb_lower":272.33306834744576,"bb_width":17.11627512579077,"bb_pct_b":0.8554428062335311,"atr":8.130748454583056,"atr_pct":2.573510284153072,"rs_vs_bench":1.7614297699019454},"MSFT":{"current":371.42999267578125,"sma_20":377.153498840332,"sma_50":393.63365051269534,"sma_200":472.59269134521486,"rsi":38.77765359637653,"avg_vol_20":30897660.9,"current_vol":"12364218","vol_ratio":0.4001667970923974,"high_52w":539.8252563476562,"low_52w":356.3916015625,"off_high":-31.194402575974646,"off_low":4.219625560015893,"trend_signals":["Death Cross","Below 20d","Below 50d"],"macd":-8.270730409960322,"macd_signal":-9.769389382028482,"macd_histogram":1.49865897206816,"macd_crossover":null,"bb_upper":401.92896764393123,"bb_lower":352.3780300367328,"bb_width":13.138135469923299,"bb_pct_b":0.3844924749977022,"atr":8.458962298729807,"atr_pct":2.2774042122423803,"rs_vs_bench":-9.139702069316769},"NVDA":{"current":188.47999572753906,"sma_20":177.41299896240236,"sma_50":182.06918579101563,"sma_200":180.7241815185547,"rsi":61.2169534868422,"avg_vol_20":166027550.35,"current_vol":"88365207","vol_ratio":0.5322321916677005,"high_52w":207.01727294921875,"low_52w":96.88717651367188,"off_high":-8.954459189609205,"off_low":94.53554382497916,"trend_signals":["Golden Cross","Above 20d","Above 50d"],"macd":0.11685825858972976,"macd_signal":-1.664795876553216,"macd_histogram":1.7816541351429458,"macd_crossover":null,"bb_upper":188.54829948616393,"bb_lower":166.27769843864078,"bb_width":12.55297028840754,"bb_pct_b":0.9969330078483687,"atr":5.386746441683307,"atr_pct":2.8579937201771926,"rs_vs_bench":1.524013688142234},"AMZN":{"current":237.8300018310547,"sma_20":212.17149963378907,"sma_50":213.39160034179687,"sma_200":224.85470001220702,"rsi":71.18942276185548,"avg_vol_20":43169080.9,"current_vol":"31233718","vol_ratio":0.7235205695565319,"high_52w":254.0,"low_52w":167.32000732421875,"off_high":-6.366141011395793,"off_low":42.1408029048239,"trend_signals":["Death Cross","Above 20d","Above 50d"],"macd":3.5776108489704654,"macd_signal":0.054902059079597554,"macd_histogram":3.522708789890868,"macd_crossover":null,"bb_upper":230.87749248839478,"bb_lower":193.46550677918336,"bb_width":17.632898751144722,"bb_pct_b":1.1858364160806383,"atr":6.688685224235086,"atr_pct":2.81238076472222,"rs_vs_bench":11.481178592399965},"AAPL":{"current":261.010009765625,"sma_20":253.31149978637694,"sma_50":260.8527038574219,"sma_200":250.3077614593506,"rsi":56.27500433973807,"avg_vol_20":39773698.2,"current_vol":"10294964","vol_ratio":0.25883849040721085,"high_52w":285.9224548339844,"low_52w":189.5936737060547,"off_high":-8.7130075470373,"off_low":37.66810076706142,"trend_signals":["Golden Cross","Above 20d","Above 50d"],"macd":-0.11919732415140061,"macd_signal":-1.621585581743132,"macd_histogram":1.5023882575917313,"macd_crossover":null,"bb_upper":261.6075257255528,"bb_lower":245.01547384720106,"bb_width":6.550058679666809,"bb_pct_b":0.9639878199327825,"atr":5.895125954755939,"atr_pct":2.2585823279534343,"rs_vs_bench":1.312051401920411}}