{"GOOG":{"current":337.7300109863281,"sma_20":310.0949966430664,"sma_50":307.4854339599609,"sma_200":274.8847743988037,"rsi":67.30527686201961,"avg_vol_20":18174940.05,"current_vol":"11996701","vol_ratio":0.6600682570064378,"high_52w":344.6571960449219,"low_52w":152.27357482910156,"off_high":-2.0098768103744673,"off_low":121.79160853442006,"trend_signals":["Golden Cross","Above 20d","Above 50d"],"macd":9.43526029985469,"macd_signal":6.038674274600442,"macd_histogram":3.3965860252542477,"macd_crossover":null,"bb_upper":354.95145512601283,"bb_lower":265.23853816011996,"bb_width":28.930785061700487,"bb_pct_b":0.8080382990307631,"atr":7.656255631586431,"atr_pct":2.266975211716192,"rs_vs_bench":5.176129490347648},"AMZN":{"current":255.36000061035156,"sma_20":227.96050033569335,"sma_50":216.48040008544922,"sma_200":226.0182499694824,"rsi":76.82277549304688,"avg_vol_20":45891903.15,"current_vol":"34724463","vol_ratio":0.7566577242722173,"high_52w":255.36000061035156,"low_52w":180.60000610351562,"off_high":0.0,"off_low":41.39534439660279,"trend_signals":["Death Cross","Above 20d","Above 50d"],"macd":10.996353834877993,"macd_signal":8.075404318103416,"macd_histogram":2.920949516774577,"macd_crossover":null,"bb_upper":267.7089777742491,"bb_lower":188.21202289713762,"bb_width":34.873127037379156,"bb_pct_b":0.8446610038964775,"atr":6.480982673344607,"atr_pct":2.53797879771852,"rs_vs_bench":9.170444764019692},"NVDA":{"current":202.5,"sma_20":185.48349990844727,"sma_50":184.43477844238282,"sma_200":182.40577262878418,"rsi":69.81060337701248,"avg_vol_20":151927689.65,"current_vol":"103825793","vol_ratio":0.6833895337919397,"high_52w":207.01727294921875,"low_52w":102.68580627441406,"off_high":-2.1820753818580325,"off_low":97.20349612763995,"trend_signals":["Golden Cross","Above 20d","Above 50d"],"macd":5.936956141401339,"macd_signal":3.641950968314872,"macd_histogram":2.295005173086467,"macd_crossover":null,"bb_upper":210.2878929800359,"bb_lower":160.67910683685864,"bb_width":26.745659946929862,"bb_pct_b":0.8430138371545908,"atr":4.852303792605891,"atr_pct":2.3961994037559955,"rs_vs_bench":1.8837213689845136},"MSFT":{"current":432.9200134277344,"sma_20":386.8040008544922,"sma_50":393.49230407714845,"sma_200":469.4249772644043,"rsi":73.09688782356695,"avg_vol_20":33701957.3,"current_vol":"27224146","vol_ratio":0.8077912436260787,"high_52w":539.8252563476562,"low_52w":356.7699890136719,"off_high":-19.80367566408808,"off_low":21.344290932257852,"trend_signals":["Death Cross","Above 20d","Above 50d"],"macd":9.151148743689816,"macd_signal":1.8764457260277934,"macd_histogram":7.2747030176620235,"macd_crossover":null,"bb_upper":436.3855871853039,"bb_lower":337.22241452368047,"bb_width":25.636542652754674,"bb_pct_b":0.965051806385873,"atr":9.746744121583093,"atr_pct":2.2513960591498687,"rs_vs_bench":5.230070136448273},"AAPL":{"current":273.1700134277344,"sma_20":259.4494995117187,"sma_50":260.23919982910155,"sma_200":252.7197296142578,"rsi":62.742586774056356,"avg_vol_20":41843390.3,"current_vol":"40299306","vol_ratio":0.9630984896556053,"high_52w":285.9224548339844,"low_52w":194.6775665283203,"off_high":-4.46010489580277,"off_low":40.319204877669115,"trend_signals":["Golden Cross","Above 20d","Above 50d"],"macd":3.4940545194110086,"macd_signal":1.6561612989702676,"macd_histogram":1.837893220440741,"macd_crossover":null,"bb_upper":274.41667180933536,"bb_lower":244.48232721410207,"bb_width":11.537638211509142,"bb_pct_b":0.9583535768543435,"atr":6.190717453234448,"atr_pct":2.2662507409043156,"rs_vs_bench":-3.3126227228620806}}