{"MSFT":{"current":424.82000732421875,"sma_20":395.37450103759767,"sma_50":394.46204650878906,"sma_200":468.2862413024902,"rsi":63.562549312846684,"avg_vol_20":33343750.0,"current_vol":"30817600","vol_ratio":0.9242391752577319,"high_52w":539.8252563476562,"low_52w":356.7699890136719,"off_high":-21.304162350894572,"off_low":19.07391888501561,"trend_signals":["Death Cross","Above 20d","Above 50d"],"macd":10.261784779999743,"macd_signal":5.767834840988639,"macd_histogram":4.493949939011104,"macd_crossover":null,"bb_upper":446.3369264050655,"bb_lower":344.4120756701298,"bb_width":25.77931820778783,"bb_pct_b":0.7888942792096565,"atr":10.459344640092526,"atr_pct":2.462064982761052,"rs_vs_bench":-0.6304694370523833},"NVDA":{"current":216.61000061035156,"sma_20":190.8375,"sma_50":185.6151907348633,"sma_200":183.09387718200685,"rsi":76.28291845447353,"avg_vol_20":150528320.0,"current_vol":"185608200","vol_ratio":1.2330450509246367,"high_52w":216.61000061035156,"low_52w":108.70439147949219,"off_high":0.0,"off_low":99.26517932002452,"trend_signals":["Golden Cross","Above 20d","Above 50d"],"macd":7.569025858275495,"macd_signal":5.176190503390359,"macd_histogram":2.392835354885136,"macd_crossover":null,"bb_upper":217.8494156750888,"bb_lower":163.8255843249112,"bb_width":28.308813178844623,"bb_pct_b":0.9770579939674499,"atr":5.735582657769434,"atr_pct":2.647884512076095,"rs_vs_bench":12.165749503076292},"GOOG":{"current":348.5199890136719,"sma_20":319.3199966430664,"sma_50":309.28385986328124,"sma_200":277.3760969543457,"rsi":72.55148824372775,"avg_vol_20":16811665.0,"current_vol":"17401500","vol_ratio":1.0350848651814082,"high_52w":348.5199890136719,"low_52w":152.27357482910156,"off_high":0.0,"off_low":128.87752481336307,"trend_signals":["Golden Cross","Above 20d","Above 50d"],"macd":10.928463951840001,"macd_signal":8.149589393835829,"macd_histogram":2.7788745580041727,"macd_crossover":null,"bb_upper":361.7037055884758,"bb_lower":276.936287697657,"bb_width":26.54622910621261,"bb_pct_b":0.8444718866890024,"atr":7.80423346126806,"atr_pct":2.2392498873176288,"rs_vs_bench":8.619635668651181},"AMZN":{"current":261.1199951171875,"sma_20":236.04049987792968,"sma_50":219.8713995361328,"sma_200":226.5983999633789,"rsi":75.90916873097174,"avg_vol_20":45887355.0,"current_vol":"44844200","vol_ratio":0.9772670488416689,"high_52w":263.989990234375,"low_52w":184.4199981689453,"off_high":-1.0871605831113018,"off_low":41.58984801527765,"trend_signals":["Death Cross","Above 20d","Above 50d"],"macd":12.273134880982155,"macd_signal":9.953503185714908,"macd_histogram":2.3196316952672476,"macd_crossover":null,"bb_upper":276.64625206150953,"bb_lower":195.43474769434982,"bb_width":34.40575003406573,"bb_pct_b":0.8088170257981265,"atr":6.4382646831988195,"atr_pct":2.4656344989242984,"rs_vs_bench":10.964848899005862},"AAPL":{"current":267.6099853515625,"sma_20":262.33899841308596,"sma_50":260.26299926757815,"sma_200":253.6220401763916,"rsi":55.244997866026274,"avg_vol_20":41730430.0,"current_vol":"41407600","vol_ratio":0.9922639186799657,"high_52w":285.9224548339844,"low_52w":194.6775665283203,"off_high":-6.4046979077088135,"off_low":37.46318598688283,"trend_signals":["Golden Cross","Above 20d","Above 50d"],"macd":3.776553247004017,"macd_signal":2.7480932245428105,"macd_histogram":1.0284600224612066,"macd_crossover":null,"bb_upper":277.49338655255593,"bb_lower":247.184610273616,"bb_width":11.55328657282397,"bb_pct_b":0.6739095927188287,"atr":5.888951624822957,"atr_pct":2.2005724551296435,"rs_vs_bench":-10.471260655590367}}