{"GOOG":{"current":336.80999755859375,"sma_20":306.16649627685547,"sma_50":307.090517578125,"sma_200":273.3373503875732,"rsi":70.06411948970013,"avg_vol_20":18861524.45,"current_vol":"3682189","vol_ratio":0.19522223719302817,"high_52w":344.6571960449219,"low_52w":149.34371948242188,"off_high":-2.2768126057943494,"off_low":125.52672367199018,"trend_signals":["Golden Cross","Above 20d","Above 50d"],"macd":9.046882732729955,"macd_signal":4.272485480009191,"macd_histogram":4.774397252720764,"macd_crossover":null,"bb_upper":348.9698195514514,"bb_lower":263.36317300225954,"bb_width":27.96081465157468,"bb_pct_b":0.8579570339100915,"atr":7.613886995076863,"atr_pct":2.260588180358957,"rs_vs_bench":2.842039745432558},"AMZN":{"current":246.6699981689453,"sma_20":223.48550033569336,"sma_50":214.7236001586914,"sma_200":225.71824996948243,"rsi":70.84328057363186,"avg_vol_20":44537743.45,"current_vol":"10529769","vol_ratio":0.2364234957664879,"high_52w":254.0,"low_52w":167.32000732421875,"off_high":-2.8858274925412157,"off_low":47.42408999000865,"trend_signals":["Death Cross","Above 20d","Above 50d"],"macd":10.109547725079352,"macd_signal":6.534162421124221,"macd_histogram":3.575385303955131,"macd_crossover":null,"bb_upper":260.6360293248542,"bb_lower":186.3349713465325,"bb_width":33.246478123509334,"bb_pct_b":0.8120345586467471,"atr":6.402104125588181,"atr_pct":2.5954125646051827,"rs_vs_bench":7.587734250202871},"MSFT":{"current":418.760009765625,"sma_20":381.77149963378906,"sma_50":392.62219665527346,"sma_200":470.09704849243167,"rsi":68.03288488874033,"avg_vol_20":33308049.35,"current_vol":"7319087","vol_ratio":0.21973928653375194,"high_52w":539.8251953125,"low_52w":356.3916015625,"off_high":-22.426738618006045,"off_low":17.49996574826344,"trend_signals":["Death Cross","Above 20d","Above 50d"],"macd":5.550690140992572,"macd_signal":-1.7166485839341628,"macd_histogram":7.267338724926734,"macd_crossover":null,"bb_upper":422.56442038100397,"bb_lower":340.97857888657416,"bb_width":21.370333189536233,"bb_pct_b":0.9533692299338641,"atr":9.652451243035472,"atr_pct":2.3050078846921975,"rs_vs_bench":-0.45909704411402075},"NVDA":{"current":198.96499633789062,"sma_20":182.75174942016602,"sma_50":183.8338717651367,"sma_200":181.96603385925292,"rsi":66.71716612041959,"avg_vol_20":153643113.85,"current_vol":"35438077","vol_ratio":0.23065190565323862,"high_52w":207.01727294921875,"low_52w":96.88717651367188,"off_high":-3.889664131216406,"off_low":105.3574100281624,"trend_signals":["Golden Cross","Above 20d","Above 50d"],"macd":5.096905530157329,"macd_signal":2.387134042779461,"macd_histogram":2.709771487377868,"macd_crossover":null,"bb_upper":205.16424903941135,"bb_lower":160.3392498009207,"bb_width":24.527808560361922,"bb_pct_b":0.8617009970588577,"atr":4.999201963284541,"atr_pct":2.512603752066363,"rs_vs_bench":3.4840886481165363},"AAPL":{"current":272.70001220703125,"sma_20":257.6214996337891,"sma_50":260.49499938964846,"sma_200":252.1323558807373,"rsi":66.25742642260215,"avg_vol_20":40304005.5,"current_vol":"10734610","vol_ratio":0.2663410216138443,"high_52w":285.9224548339844,"low_52w":192.32179260253906,"off_high":-4.624485556627755,"off_low":41.79360982278564,"trend_signals":["Golden Cross","Above 20d","Above 50d"],"macd":2.8442084420122455,"macd_signal":0.7586654921965759,"macd_histogram":2.08554294981567,"macd_crossover":null,"bb_upper":271.2231429802073,"bb_lower":244.01985628737089,"bb_width":10.559400799819144,"bb_pct_b":1.0542901026445777,"atr":5.963849750054368,"atr_pct":2.1869635068173996,"rs_vs_bench":-1.3621767901142992}}