{"AMZN":{"current":251.2899932861328,"sma_20":225.62350006103514,"sma_50":215.57519989013673,"sma_200":225.8656999206543,"rsi":74.73304650191614,"avg_vol_20":44552507.4,"current_vol":"15837748","vol_ratio":0.35548499791057775,"high_52w":254.0,"low_52w":167.32000732421875,"off_high":-1.066931777113066,"off_low":50.18526314023166,"trend_signals":["Death Cross","Above 20d","Above 50d"],"macd":10.596523590912767,"macd_signal":7.367183950621458,"macd_histogram":3.2293396402913093,"macd_crossover":null,"bb_upper":264.3847975227193,"bb_lower":186.86220259935104,"bb_width":34.359273259388765,"bb_pct_b":0.8310840310553227,"atr":6.509245414528949,"atr_pct":2.5903321216285597,"rs_vs_bench":10.715789442530554},"NVDA":{"current":200.92999267578125,"sma_20":184.1709991455078,"sma_50":184.2063723754883,"sma_200":182.1895915222168,"rsi":69.49496584378542,"avg_vol_20":150412746.9,"current_vol":"34138438","vol_ratio":0.22696505916946325,"high_52w":207.01727294921875,"low_52w":96.88717651367188,"off_high":-2.9404697427980837,"off_low":107.38553842306237,"trend_signals":["Golden Cross","Above 20d","Above 50d"],"macd":5.678706348833828,"macd_signal":3.0849516534650716,"macd_histogram":2.593754695368756,"macd_crossover":null,"bb_upper":208.16900728821818,"bb_lower":160.17299100279743,"bb_width":26.06057224433071,"bb_pct_b":0.8491746779693494,"atr":4.849514815317805,"atr_pct":2.413534560339599,"rs_vs_bench":4.14631765098612},"MSFT":{"current":423.82000732421875,"sma_20":383.7779998779297,"sma_50":393.0802667236328,"sma_200":469.7329039001465,"rsi":69.79413536858243,"avg_vol_20":33340017.65,"current_vol":"9381353","vol_ratio":0.2813841641742502,"high_52w":539.8251953125,"low_52w":356.3916015625,"off_high":-21.489398604510647,"off_low":18.919751606406447,"trend_signals":["Death Cross","Above 20d","Above 50d"],"macd":7.172356786936348,"macd_signal":0.052345621472134285,"macd_histogram":7.120011165464214,"macd_crossover":null,"bb_upper":428.5928823206773,"bb_lower":338.9631174351821,"bb_width":23.35458648333261,"bb_pct_b":0.9467489956873586,"atr":9.726706222905626,"atr_pct":2.2950087430546375,"rs_vs_bench":3.164174023484655},"GOOG":{"current":334.7850036621094,"sma_20":307.8842468261719,"sma_50":307.30056640625,"sma_200":274.1035043334961,"rsi":67.87127916335757,"avg_vol_20":18357539.6,"current_vol":"2885892","vol_ratio":0.15720472693410395,"high_52w":344.6571960449219,"low_52w":149.3437042236328,"off_high":-2.8643511570626776,"off_low":124.17081818245907,"trend_signals":["Golden Cross","Above 20d","Above 50d"],"macd":9.291897023091906,"macd_signal":5.258371159317751,"macd_histogram":4.0335258637741545,"macd_crossover":null,"bb_upper":352.1967674949204,"bb_lower":263.57172615742337,"bb_width":28.78518217514836,"bb_pct_b":0.8035344912674909,"atr":7.368659744129975,"atr_pct":2.201012489665454,"rs_vs_bench":5.2226912872094235},"AAPL":{"current":268.6199951171875,"sma_20":258.4954978942871,"sma_50":260.3171990966797,"sma_200":252.41269508361816,"rsi":59.866976246043045,"avg_vol_20":40126117.0,"current_vol":"11128840","vol_ratio":0.27734654713786533,"high_52w":285.9224548339844,"low_52w":192.32176208496094,"off_high":-6.0514518619543995,"off_low":39.67217864742769,"trend_signals":["Golden Cross","Above 20d","Above 50d"],"macd":3.121883865515656,"macd_signal":1.2357760914713123,"macd_histogram":1.8861077740443437,"macd_crossover":null,"bb_upper":272.69366873241603,"bb_lower":244.29732705615817,"bb_width":10.985236457723792,"bb_pct_b":0.8565423088061191,"atr":5.863191566615474,"atr_pct":2.1827085374108552,"rs_vs_bench":-3.79202004772481}}