{"AMZN":{"current":252.83999633789062,"sma_20":227.83450012207032,"sma_50":216.43,"sma_200":226.00564994812012,"rsi":75.60297944175235,"avg_vol_20":44636787.1,"current_vol":"9711242","vol_ratio":0.21756140239762015,"high_52w":254.0,"low_52w":173.17999267578125,"off_high":-0.45669435516117124,"off_low":45.99838724513909,"trend_signals":["Death Cross","Above 20d","Above 50d"],"macd":10.795327883301354,"macd_signal":8.035199166251438,"macd_histogram":2.7601287170499162,"macd_crossover":null,"bb_upper":267.2316977613674,"bb_lower":188.43730248277325,"bb_width":34.58404905156036,"bb_pct_b":0.817351204072423,"atr":6.318839517531839,"atr_pct":2.499145550171366,"rs_vs_bench":8.466676289246756},"GOOG":{"current":335.7049865722656,"sma_20":309.9937454223633,"sma_50":307.4449334716797,"sma_200":274.87464897155763,"rsi":66.30717253618585,"avg_vol_20":17749484.9,"current_vol":"3529498","vol_ratio":0.19885072833860098,"high_52w":344.6571960449219,"low_52w":152.27357482910156,"off_high":-2.597424216115725,"off_low":120.46174915708869,"trend_signals":["Golden Cross","Above 20d","Above 50d"],"macd":9.273719905294229,"macd_signal":6.006366214161921,"macd_histogram":3.267353691132308,"macd_crossover":null,"bb_upper":354.59597902581623,"bb_lower":265.3915118189104,"bb_width":28.77621517342735,"bb_pct_b":0.7882281790918186,"atr":7.559113823061695,"atr_pct":2.251713297512928,"rs_vs_bench":4.9633975752336745},"NVDA":{"current":201.1199951171875,"sma_20":185.41449966430665,"sma_50":184.40717834472656,"sma_200":182.39887260437013,"rsi":68.68961407080242,"avg_vol_20":148482678.2,"current_vol":"35309064","vol_ratio":0.23779921286468284,"high_52w":207.01727294921875,"low_52w":98.86669921875,"off_high":-2.848688782349988,"off_low":103.42541695682021,"trend_signals":["Golden Cross","Above 20d","Above 50d"],"macd":5.826870297384886,"macd_signal":3.6199338193087804,"macd_histogram":2.2069364780761056,"macd_crossover":null,"bb_upper":210.02651464078002,"bb_lower":160.80248468783327,"bb_width":26.548101708370687,"bb_pct_b":0.8190615532270262,"atr":4.781589114445628,"atr_pct":2.3774807232167636,"rs_vs_bench":1.5979291831645703},"AAPL":{"current":271.2900085449219,"sma_20":259.3554992675781,"sma_50":260.2015997314453,"sma_200":252.71032989501953,"rsi":61.29694293561921,"avg_vol_20":40535495.4,"current_vol":"14197108","vol_ratio":0.3502389167790953,"high_52w":285.9224548339844,"low_52w":194.67758178710938,"off_high":-5.117627539102712,"off_low":39.35349209422192,"trend_signals":["Golden Cross","Above 20d","Above 50d"],"macd":3.3440826398452828,"macd_signal":1.6261669483645182,"macd_histogram":1.7179156914807645,"macd_crossover":null,"bb_upper":273.9795285374854,"bb_lower":244.73146999767084,"bb_width":11.277207779442232,"bb_pct_b":0.9080444950251189,"atr":6.106432267705793,"atr_pct":2.2508872702160914,"rs_vs_bench":-3.570284444329163},"MSFT":{"current":430.1213073730469,"sma_20":386.6640655517578,"sma_50":393.4363299560547,"sma_200":469.4109846496582,"rsi":72.1581171443317,"avg_vol_20":32795481.55,"current_vol":"9151031","vol_ratio":0.27903328652297227,"high_52w":539.8252563476562,"low_52w":356.7699890136719,"off_high":-20.322122332112272,"off_low":20.559834240027428,"trend_signals":["Death Cross","Above 20d","Above 50d"],"macd":8.927890171669787,"macd_signal":1.8317940505457835,"macd_histogram":7.096096121124004,"macd_crossover":null,"bb_upper":435.71054378836993,"bb_lower":337.61758731514567,"bb_width":25.369038711484247,"bb_pct_b":0.9430210219339377,"atr":9.612458066941775,"atr_pct":2.2348248975735654,"rs_vs_bench":4.9623242713948255}}