{"GOOG":{"current":380.8399963378906,"sma_20":334.7314971923828,"sma_50":314.12598571777346,"sma_200":281.0173106384277,"rsi":81.3986092152393,"avg_vol_20":17468126.2,"current_vol":"20058124","vol_ratio":1.1482699272003198,"high_52w":381.94000244140625,"low_52w":152.27357482910156,"off_high":-0.2880049475007211,"off_low":150.10248611114034,"trend_signals":["Golden Cross","Above 20d","Above 50d"],"macd":16.119126172118456,"macd_signal":11.460858385707208,"macd_histogram":4.658267786411248,"macd_crossover":null,"bb_upper":377.4433617024456,"bb_lower":292.01963268232,"bb_width":25.520074966542328,"bb_pct_b":1.0397621910727497,"atr":9.712590045894398,"atr_pct":2.550307252202878,"rs_vs_bench":13.406825271998434},"AMZN":{"current":269.2099914550781,"sma_20":247.4129997253418,"sma_50":224.81980010986328,"sma_200":227.3821999359131,"rsi":78.55279325615619,"avg_vol_20":49303254.05,"current_vol":"35065681","vol_ratio":0.7112244754563011,"high_52w":269.2099914550781,"low_52w":185.00999450683594,"off_high":0.0,"off_low":45.51105315833685,"trend_signals":["Death Cross","Above 20d","Above 50d"],"macd":12.629778099614299,"macd_signal":11.40662822780842,"macd_histogram":1.2231498718058784,"macd_crossover":null,"bb_upper":280.2921000315832,"bb_lower":214.5338994191004,"bb_width":26.57831265353166,"bb_pct_b":0.8314718396597769,"atr":7.47663593179828,"atr_pct":2.777250536425901,"rs_vs_bench":11.976597106587116},"NVDA":{"current":198.77499389648438,"sma_20":197.24025039672853,"sma_50":187.158095703125,"sma_200":183.84295989990235,"rsi":53.30902828189908,"avg_vol_20":145357814.25,"current_vol":"89431685","vol_ratio":0.6152519935817623,"high_52w":216.61000061035156,"low_52w":111.58370208740234,"off_high":-8.233694964965931,"off_low":78.13980911010285,"trend_signals":["Golden Cross","Above 20d","Above 50d"],"macd":6.269098602876738,"macd_signal":6.359587818693703,"macd_histogram":-0.09048921581696501,"macd_crossover":"bearish","bb_upper":219.17529196279622,"bb_lower":175.30520883066083,"bb_width":22.241952666301742,"bb_pct_b":0.5349838293019242,"atr":6.278848250020321,"atr_pct":3.1587716980588327,"rs_vs_bench":-2.640151608177833},"AAPL":{"current":280.82501220703125,"sma_20":266.39324951171875,"sma_50":261.2322998046875,"sma_200":254.9047932434082,"rsi":66.9167375822494,"avg_vol_20":44713745.1,"current_vol":"59799102","vol_ratio":1.3373762780608596,"high_52w":285.9224548339844,"low_52w":194.67758178710938,"off_high":-1.7828059814024966,"off_low":44.251335787665994,"trend_signals":["Golden Cross","Above 20d","Above 50d"],"macd":4.415897000983875,"macd_signal":3.4657687797433323,"macd_histogram":0.9501282212405431,"macd_crossover":null,"bb_upper":280.237356383066,"bb_lower":252.54914264037149,"bb_width":10.393737001010798,"bb_pct_b":1.0212240424545367,"atr":6.60018186648726,"atr_pct":2.3502827667007953,"rs_vs_bench":-6.052514267758168},"MSFT":{"current":415.1300964355469,"sma_20":405.60750579833984,"sma_50":396.12420166015625,"sma_200":466.63870956420897,"rsi":54.81844519427489,"avg_vol_20":34233255.0,"current_vol":"21787900","vol_ratio":0.6364542314191274,"high_52w":539.8251953125,"low_52w":356.7699890136719,"off_high":-23.09916246216856,"off_low":16.357908237522345,"trend_signals":["Death Cross","Above 20d","Above 50d"],"macd":8.543969552292879,"macd_signal":8.03423131555592,"macd_histogram":0.5097382367369594,"macd_crossover":null,"bb_upper":450.70902033114953,"bb_lower":360.50599126553016,"bb_width":22.23899404624592,"bb_pct_b":0.6055684131214674,"atr":11.207431863093491,"atr_pct":2.6997396621744474,"rs_vs_bench":-3.2070593165445462}}