{"AMZN":{"current":238.3800048828125,"sma_20":212.19899978637696,"sma_50":213.40260040283204,"sma_200":224.85745002746583,"rsi":71.45660675668297,"avg_vol_20":44448087.95,"current_vol":"56515959","vol_ratio":1.2715048409635807,"high_52w":254.0,"low_52w":167.32000732421875,"off_high":-6.149604376845472,"off_low":42.46951616545152,"trend_signals":["Death Cross","Above 20d","Above 50d"],"macd":3.6214857202076587,"macd_signal":0.06367701289282357,"macd_histogram":3.5578087073148352,"macd_crossover":null,"bb_upper":231.0647537137384,"bb_lower":193.3332458590155,"bb_width":17.781190247224362,"bb_pct_b":1.1938764598870497,"atr":6.688685195822246,"atr_pct":2.805891878016531,"rs_vs_bench":11.735853754819757},"GOOG":{"current":315.7200012207031,"sma_20":297.8099990844727,"sma_50":307.7463726806641,"sma_200":268.6505093383789,"rsi":62.090656427348094,"avg_vol_20":20159645.5,"current_vol":"10987310","vol_ratio":0.5450150400710171,"high_52w":344.6571960449219,"low_52w":149.34371948242188,"off_high":-8.395935194820984,"off_low":111.40494043866649,"trend_signals":["Golden Cross","Above 20d","Above 50d"],"macd":0.8984708902913212,"macd_signal":-3.1035700511241022,"macd_histogram":4.002040941415423,"macd_crossover":null,"bb_upper":323.2651733183447,"bb_lower":272.35482485060066,"bb_width":17.09490904410617,"bb_pct_b":0.8517949233362238,"atr":8.187175424847737,"atr_pct":2.5931760399064854,"rs_vs_bench":1.6782816196301065},"NVDA":{"current":188.6300048828125,"sma_20":177.420499420166,"sma_50":182.07218597412108,"sma_200":180.72493156433106,"rsi":61.35166895144997,"avg_vol_20":169598976.0,"current_vol":"159395820","vol_ratio":0.9398395188423779,"high_52w":207.01727294921875,"low_52w":96.88717651367188,"off_high":-8.881997045201459,"off_low":94.69037252437083,"trend_signals":["Golden Cross","Above 20d","Above 50d"],"macd":0.1288247858714726,"macd_signal":-1.6624025901799189,"macd_histogram":1.7912273760513915,"macd_crossover":null,"bb_upper":188.58734450650087,"bb_lower":166.25365433383115,"bb_width":12.58799870683445,"bb_pct_b":1.0019101355835873,"atr":5.386746373202937,"atr_pct":2.855720847035701,"rs_vs_bench":1.5970669500905421},"AAPL":{"current":260.4800109863281,"sma_20":253.2849998474121,"sma_50":260.84210388183595,"sma_200":250.30511169433595,"rsi":55.64814811708608,"avg_vol_20":40671739.45,"current_vol":"28218689","vol_ratio":0.6938156415633706,"high_52w":285.9224548339844,"low_52w":192.32177734375,"off_high":-8.898372064701578,"off_low":35.43968581402729,"trend_signals":["Golden Cross","Above 20d","Below 50d"],"macd":-0.1614764629720753,"macd_signal":-1.630041452605018,"macd_histogram":1.4685649896329427,"macd_crossover":null,"bb_upper":261.4802574273762,"bb_lower":245.089742267448,"bb_width":6.4711748306462855,"bb_pct_b":0.9389740693755917,"atr":5.898476364086993,"atr_pct":2.2644641106056262,"rs_vs_bench":1.0899840266284544},"MSFT":{"current":370.8699951171875,"sma_20":377.12549896240233,"sma_50":393.62245056152346,"sma_200":472.58989166259767,"rsi":38.37256845933487,"avg_vol_20":31680338.9,"current_vol":"27933678","vol_ratio":0.881735453909554,"high_52w":539.8251953125,"low_52w":356.3916015625,"off_high":-31.29813162898146,"off_low":4.062495718532929,"trend_signals":["Death Cross","Below 20d","Below 50d"],"macd":-8.315402612880632,"macd_signal":-9.778323864544513,"macd_histogram":1.4629212516638805,"macd_crossover":null,"bb_upper":401.9294524882793,"bb_lower":352.32154543652535,"bb_width":13.154217147406316,"bb_pct_b":0.37390107309528875,"atr":8.467533334480802,"atr_pct":2.2831540555890024,"rs_vs_bench":-9.29144604896981}}