{"AMZN":{"current":259.69000244140625,"sma_20":232.73650054931642,"sma_50":218.555,"sma_200":226.3826000213623,"rsi":78.62030640937704,"avg_vol_20":44641613.4,"current_vol":"17836568","vol_ratio":0.3995502546061653,"high_52w":259.69000244140625,"low_52w":184.4199981689453,"off_high":0.0,"off_low":40.8144480098665,"trend_signals":["Death Cross","Above 20d","Above 50d"],"macd":11.685096347991987,"macd_signal":9.30499147439063,"macd_histogram":2.3801048736013577,"macd_crossover":null,"bb_upper":274.0559782605279,"bb_lower":191.41702283810488,"bb_width":35.50751825664407,"bb_pct_b":0.8261597603008466,"atr":6.429325021115906,"atr_pct":2.47576917119347,"rs_vs_bench":12.888940000994008},"MSFT":{"current":418.5,"sma_20":391.66600036621094,"sma_50":393.86174438476564,"sma_200":468.6244596862793,"rsi":61.005069873179444,"avg_vol_20":32675190.15,"current_vol":"7177203","vol_ratio":0.219652983411942,"high_52w":539.8252563476562,"low_52w":356.7699890136719,"off_high":-22.47491293173597,"off_low":17.302467384374797,"trend_signals":["Death Cross","Above 20d","Above 50d"],"macd":9.363897742457596,"macd_signal":4.546706431151666,"macd_histogram":4.81719131130593,"macd_crossover":null,"bb_upper":442.6856096792806,"bb_lower":340.64639105314126,"bb_width":26.052610778247754,"bb_pct_b":0.7629773139689155,"atr":10.25374530700068,"atr_pct":2.4501183529272827,"rs_vs_bench":-0.08350342641807629},"AAPL":{"current":271.625,"sma_20":261.426749420166,"sma_50":260.15669982910157,"sma_200":253.34564353942872,"rsi":60.4484704795643,"avg_vol_20":40533196.1,"current_vol":"7833722","vol_ratio":0.1932668221048574,"high_52w":285.9224548339844,"low_52w":194.67758178710938,"off_high":-5.000465892854036,"off_low":39.525567097415895,"trend_signals":["Golden Cross","Above 20d","Above 50d"],"macd":4.064498771229864,"macd_signal":2.499992514099538,"macd_histogram":1.5645062571303265,"macd_crossover":null,"bb_upper":277.5833166454608,"bb_lower":245.27018219487118,"bb_width":12.360301507882742,"bb_pct_b":0.8156069738585179,"atr":5.849035710209892,"atr_pct":2.1533495481674705,"rs_vs_bench":-8.211936780136565},"GOOG":{"current":336.17999267578125,"sma_20":315.2749969482422,"sma_50":308.37370361328124,"sma_200":276.49428886413574,"rsi":65.56956700518887,"avg_vol_20":16507565.95,"current_vol":"3928219","vol_ratio":0.23796476184909623,"high_52w":344.6571960449219,"low_52w":152.2735595703125,"off_high":-2.459604344960703,"off_low":120.7737138505321,"trend_signals":["Golden Cross","Above 20d","Above 50d"],"macd":9.6917243351985,"macd_signal":7.356910412926851,"macd_histogram":2.3348139222716497,"macd_crossover":null,"bb_upper":359.2460175436332,"bb_lower":271.3039763528512,"bb_width":27.89375689224706,"bb_pct_b":0.7377133330597553,"atr":7.221976795211742,"atr_pct":2.1482470559087563,"rs_vs_bench":5.415015704219339},"NVDA":{"current":208.08999633789062,"sma_20":188.37399978637694,"sma_50":185.01798828125,"sma_200":182.8302909851074,"rsi":71.38258873757005,"avg_vol_20":143502863.7,"current_vol":"63642974","vol_ratio":0.4434961948428351,"high_52w":208.08999633789062,"low_52w":106.40491485595703,"off_high":0.0,"off_low":95.56427127411098,"trend_signals":["Golden Cross","Above 20d","Above 50d"],"macd":6.4940205645108335,"macd_signal":4.575109755903801,"macd_histogram":1.9189108086070323,"macd_crossover":null,"bb_upper":214.40099234573506,"bb_lower":162.34700722701882,"bb_width":27.633317324974456,"bb_pct_b":0.8787605599561427,"atr":5.261287090548919,"atr_pct":2.528370985218237,"rs_vs_bench":6.832027655494844}}