{"AMZN":{"current":255.36000061035156,"sma_20":227.96050033569335,"sma_50":216.48040008544922,"sma_200":226.0182499694824,"rsi":76.82277549304688,"avg_vol_20":45954625.0,"current_vol":"35978900","vol_ratio":0.7829222847537108,"high_52w":255.36000061035156,"low_52w":180.60000610351562,"off_high":0.0,"off_low":41.39534439660279,"trend_signals":["Death Cross","Above 20d","Above 50d"],"macd":10.996353834877993,"macd_signal":8.075404318103416,"macd_histogram":2.920949516774577,"macd_crossover":null,"bb_upper":267.7089777742491,"bb_lower":188.21202289713762,"bb_width":34.873127037379156,"bb_pct_b":0.8446610038964775,"atr":6.480982673344607,"atr_pct":2.53797879771852,"rs_vs_bench":9.170444764019692},"GOOG":{"current":337.7300109863281,"sma_20":310.0949966430664,"sma_50":307.4854339599609,"sma_200":274.88477447509763,"rsi":67.30527686208518,"avg_vol_20":18221525.0,"current_vol":"12928400","vol_ratio":0.7095125133598862,"high_52w":344.6571960449219,"low_52w":152.27357482910156,"off_high":-2.0098768103744673,"off_low":121.79160853442006,"trend_signals":["Golden Cross","Above 20d","Above 50d"],"macd":9.435260299857873,"macd_signal":6.038674274605158,"macd_histogram":3.3965860252527156,"macd_crossover":null,"bb_upper":354.95145512601204,"bb_lower":265.23853816012075,"bb_width":28.93078506169997,"bb_pct_b":0.8080382990307686,"atr":7.656255631574891,"atr_pct":2.2669752117127753,"rs_vs_bench":5.176129490347648},"AAPL":{"current":273.1700134277344,"sma_20":259.4494995117187,"sma_50":260.23919982910155,"sma_200":252.7197300720215,"rsi":62.74258677404957,"avg_vol_20":41988210.0,"current_vol":"43195700","vol_ratio":1.0287578346397714,"high_52w":285.9224548339844,"low_52w":194.67758178710938,"off_high":-4.46010489580277,"off_low":40.31919387947852,"trend_signals":["Golden Cross","Above 20d","Above 50d"],"macd":3.494054519408337,"macd_signal":1.656161298966312,"macd_histogram":1.837893220442025,"macd_crossover":null,"bb_upper":274.4166718093341,"bb_lower":244.48232721410332,"bb_width":11.537638211508177,"bb_pct_b":0.9583535768543818,"atr":6.1907174532342895,"atr_pct":2.2662507409042574,"rs_vs_bench":-3.3126227228620806},"NVDA":{"current":202.5,"sma_20":185.48349990844727,"sma_50":184.43477844238282,"sma_200":182.40577278137206,"rsi":69.81060337533307,"avg_vol_20":152094210.0,"current_vol":"107156200","vol_ratio":0.7045383252919358,"high_52w":207.01727294921875,"low_52w":102.68579864501953,"off_high":-2.1820753818580325,"off_low":97.20351077955185,"trend_signals":["Golden Cross","Above 20d","Above 50d"],"macd":5.93695614127887,"macd_signal":3.641950968134849,"macd_histogram":2.2950051731440206,"macd_crossover":null,"bb_upper":210.28789298003568,"bb_lower":160.67910683685886,"bb_width":26.745659946929617,"bb_pct_b":0.843013837154594,"atr":4.875161458732879,"atr_pct":2.4074871401150015,"rs_vs_bench":1.8837213689845136},"MSFT":{"current":432.9200134277344,"sma_20":386.8040008544922,"sma_50":393.49230407714845,"sma_200":469.42497817993166,"rsi":73.09688782377616,"avg_vol_20":33804740.0,"current_vol":"29279800","vol_ratio":0.8661448069116935,"high_52w":539.8252563476562,"low_52w":356.7699890136719,"off_high":-19.80367566408808,"off_low":21.344290932257852,"trend_signals":["Death Cross","Above 20d","Above 50d"],"macd":9.151148743673446,"macd_signal":1.8764457260037835,"macd_histogram":7.274703017669662,"macd_crossover":null,"bb_upper":436.3855871853046,"bb_lower":337.2224145236798,"bb_width":25.636542652755022,"bb_pct_b":0.9650518063858665,"atr":9.751029661473492,"atr_pct":2.25238597408969,"rs_vs_bench":5.230070136448273}}