{"AMZN":{"current":263.0400085449219,"sma_20":241.71650085449218,"sma_50":222.32740020751953,"sma_200":226.95855003356934,"rsi":75.51081779669968,"avg_vol_20":46270335.0,"current_vol":"70236500","vol_ratio":1.5179596171067273,"high_52w":263.989990234375,"low_52w":184.4199981689453,"off_high":-0.3598551932252107,"off_low":42.630957139449464,"trend_signals":["Death Cross","Above 20d","Above 50d"],"macd":12.291305345855108,"macd_signal":10.782417045565577,"macd_histogram":1.5088883002895308,"macd_crossover":null,"bb_upper":278.6340225895632,"bb_lower":204.79897911942118,"bb_width":30.546132849485947,"bb_pct_b":0.7887992840290351,"atr":6.43559431695625,"atr_pct":2.4466218475875623,"rs_vs_bench":11.695644187547316},"GOOG":{"current":347.30999755859375,"sma_20":326.0604965209961,"sma_50":311.01183227539065,"sma_200":279.033638381958,"rsi":71.11291062691566,"avg_vol_20":16113015.0,"current_vol":"21860600","vol_ratio":1.3567045025403377,"high_52w":348.5199890136719,"low_52w":152.27357482910156,"off_high":-0.34717993033985173,"off_low":128.08290798215242,"trend_signals":["Golden Cross","Above 20d","Above 50d"],"macd":11.460916377487308,"macd_signal":9.31716276016407,"macd_histogram":2.143753617323238,"macd_crossover":null,"bb_upper":361.6470762568158,"bb_lower":290.47391678517636,"bb_width":21.82820679936503,"bb_pct_b":0.7985605977779447,"atr":7.8854867756879,"atr_pct":2.270446238553084,"rs_vs_bench":4.549692730148315},"NVDA":{"current":209.25,"sma_20":194.9800003051758,"sma_50":186.708388671875,"sma_200":183.5613005065918,"rsi":65.41837481274455,"avg_vol_20":145116760.0,"current_vol":"121737500","vol_ratio":0.8388934537954127,"high_52w":216.61000061035156,"low_52w":108.89433288574219,"off_high":-3.397812007577196,"off_low":92.15876019880336,"trend_signals":["Golden Cross","Above 20d","Above 50d"],"macd":8.003502631151349,"macd_signal":6.199757362905914,"macd_histogram":1.803745268245435,"macd_crossover":null,"bb_upper":220.2422010805755,"bb_lower":169.71779952977607,"bb_width":25.912607175977246,"bb_pct_b":0.7824377777236318,"atr":5.902568706505851,"atr_pct":2.8208213651162968,"rs_vs_bench":5.838731405638153},"MSFT":{"current":424.4599914550781,"sma_20":401.60350036621094,"sma_50":395.60899963378904,"sma_200":467.5521513366699,"rsi":61.77025655025915,"avg_vol_20":32204950.0,"current_vol":"36777600","vol_ratio":1.141985936944476,"high_52w":539.8251953125,"low_52w":356.7699890136719,"off_high":-21.370844647337734,"off_low":18.973009088724748,"trend_signals":["Death Cross","Above 20d","Above 50d"],"macd":10.750529513611923,"macd_signal":7.572593342459239,"macd_histogram":3.177936171152684,"macd_crossover":null,"bb_upper":451.0057709790382,"bb_lower":352.2012297533837,"bb_width":24.602509972038938,"bb_pct_b":0.731330370095707,"atr":10.190456064078893,"atr_pct":2.4008048506869417,"rs_vs_bench":1.6921484739367276},"AAPL":{"current":270.1700134277344,"sma_20":264.3619987487793,"sma_50":260.68739929199216,"sma_200":254.23390846252443,"rsi":57.534995758769746,"avg_vol_20":40773645.0,"current_vol":"29830500","vol_ratio":0.7316122951480055,"high_52w":285.9224548339844,"low_52w":194.67758178710938,"off_high":-5.509340431270558,"off_low":38.77818439473946,"trend_signals":["Golden Cross","Above 20d","Above 50d"],"macd":3.7151969400609914,"macd_signal":3.108302810355382,"macd_histogram":0.6068941297056094,"macd_crossover":null,"bb_upper":277.505364307894,"bb_lower":251.21863318966456,"bb_width":9.94346057400235,"bb_pct_b":0.7209485330386827,"atr":5.736189604913998,"atr_pct":2.123177747277392,"rs_vs_bench":-7.534523484931288}}