{"GOOG":{"current":350.1499938964844,"sma_20":319.40149688720703,"sma_50":309.3164599609375,"sma_200":277.3842474365234,"rsi":73.22104281913785,"avg_vol_20":16428238.2,"current_vol":"9750464","vol_ratio":0.5935185429682899,"high_52w":350.1499938964844,"low_52w":152.27359008789062,"off_high":0.0,"off_low":129.94794678077906,"trend_signals":["Golden Cross","Above 20d","Above 50d"],"macd":11.058492831372007,"macd_signal":8.175595169731208,"macd_histogram":2.882897661640799,"macd_crossover":null,"bb_upper":362.0272009048819,"bb_lower":276.77579286953215,"bb_width":26.690985754977632,"bb_pct_b":0.8606802247363162,"atr":7.768519175539319,"atr_pct":2.2186261062269055,"rs_vs_bench":9.286250095466443},"NVDA":{"current":214.17999267578125,"sma_20":190.71599960327148,"sma_50":185.56659057617188,"sma_200":183.08172729492188,"rsi":75.06320041071966,"avg_vol_20":146688320.85,"current_vol":"109162517","vol_ratio":0.744180016292006,"high_52w":214.17999267578125,"low_52w":108.70438385009766,"off_high":0.0,"off_low":97.02976558069037,"trend_signals":["Golden Cross","Above 20d","Above 50d"],"macd":7.375179071469603,"macd_signal":5.137421146025927,"macd_histogram":2.2377579254436757,"macd_crossover":null,"bb_upper":217.25757364441142,"bb_lower":164.17442556213155,"bb_width":27.83361028581962,"bb_pct_b":0.9420233901000019,"atr":5.563332727523975,"atr_pct":2.597503463334957,"rs_vs_bench":10.764382310491328},"AMZN":{"current":262.7300109863281,"sma_20":236.12100067138672,"sma_50":219.90359985351563,"sma_200":226.60645004272462,"rsi":78.34713350957118,"avg_vol_20":45001278.5,"current_vol":"27204870","vol_ratio":0.6045354911416573,"high_52w":263.989990234375,"low_52w":184.4199981689453,"off_high":-0.4772829632397209,"off_low":42.46286389486014,"trend_signals":["Death Cross","Above 20d","Above 50d"],"macd":12.401569195329529,"macd_signal":9.979190048584382,"macd_histogram":2.422379146745147,"macd_crossover":null,"bb_upper":276.94191401264084,"bb_lower":195.30008733013258,"bb_width":34.57626659651949,"bb_pct_b":0.8259237500701634,"atr":6.4382646831988195,"atr_pct":2.4505250310113422,"rs_vs_bench":11.835900241867694},"MSFT":{"current":425.54998779296875,"sma_20":395.41100006103517,"sma_50":394.47664611816407,"sma_200":468.2898905944824,"rsi":63.856689458979126,"avg_vol_20":32614831.8,"current_vol":"16282736","vol_ratio":0.49924329212698865,"high_52w":539.8251953125,"low_52w":356.7699890136719,"off_high":-21.168928110770814,"off_low":19.27852703346669,"trend_signals":["Death Cross","Above 20d","Above 50d"],"macd":10.320016839360903,"macd_signal":5.779481251814211,"macd_histogram":4.540535587546692,"macd_crossover":null,"bb_upper":446.4631865984958,"bb_lower":344.35881352357455,"bb_width":25.822340061141574,"bb_pct_b":0.7951782262040673,"atr":10.357195766662947,"atr_pct":2.4338376368845656,"rs_vs_bench":-0.35726048912110286},"AAPL":{"current":266.92999267578125,"sma_20":262.30499877929685,"sma_50":260.2493994140625,"sma_200":253.61864028930665,"rsi":54.4432159273111,"avg_vol_20":40625690.55,"current_vol":"19345411","vol_ratio":0.4761866380139599,"high_52w":285.9224548339844,"low_52w":194.67758178710938,"off_high":-6.642522067471318,"off_low":37.11388349156908,"trend_signals":["Golden Cross","Above 20d","Above 50d"],"macd":3.722308817171097,"macd_signal":2.737244338759077,"macd_histogram":0.9850644784120202,"macd_crossover":null,"bb_upper":277.41257328210986,"bb_lower":247.19742427648387,"bb_width":11.519090046411575,"bb_pct_b":0.6530687105207795,"atr":5.888951624942246,"atr_pct":2.2061783188579676,"rs_vs_bench":-10.677125234309148}}