{"NVDA":{"current":188.23500061035156,"sma_20":177.8197494506836,"sma_50":181.98689453125,"sma_200":180.89468475341798,"rsi":60.75323838041328,"avg_vol_20":165664457.9,"current_vol":"81594358","vol_ratio":0.4925278423284539,"high_52w":207.01727294921875,"low_52w":96.88717651367188,"off_high":-9.072804443460363,"off_low":94.28267742304315,"trend_signals":["Golden Cross","Above 20d","Above 50d"],"macd":0.80877229008874,"macd_signal":-1.1681676126385874,"macd_histogram":1.9769399027273273,"macd_crossover":null,"bb_upper":189.9426020708537,"bb_lower":165.69689683051348,"bb_width":13.634990103877357,"bb_pct_b":0.9295709717009588,"atr":5.28126367122231,"atr_pct":2.8056757001077504,"rs_vs_bench":0.24373149191281307},"GOOG":{"current":317.6321105957031,"sma_20":298.6186050415039,"sma_50":307.33058288574216,"sma_200":269.38314750671384,"rsi":63.303178504431514,"avg_vol_20":19623617.4,"current_vol":"5146448","vol_ratio":0.26225786485217556,"high_52w":344.6571960449219,"low_52w":149.3437042236328,"off_high":-7.841149338920624,"off_low":112.68530350637948,"trend_signals":["Golden Cross","Above 20d","Above 50d"],"macd":2.0393290620868356,"macd_signal":-2.074990240069552,"macd_histogram":4.114319302156387,"macd_crossover":null,"bb_upper":325.54679332910547,"bb_lower":271.6904167539023,"bb_width":18.03517117351676,"bb_pct_b":0.8530409352298227,"atr":7.920156719401631,"atr_pct":2.4935000131276945,"rs_vs_bench":1.8466734720556932},"AMZN":{"current":238.6699981689453,"sma_20":213.74899978637694,"sma_50":213.34140045166015,"sma_200":224.99084999084474,"rsi":71.60612384084416,"avg_vol_20":43868317.25,"current_vol":"23740445","vol_ratio":0.5411751917609742,"high_52w":254.0,"low_52w":167.32000732421875,"off_high":-6.035433791753814,"off_low":42.642832728587265,"trend_signals":["Death Cross","Above 20d","Above 50d"],"macd":4.969507382435751,"macd_signal":1.0448431021970757,"macd_histogram":3.924664280238675,"macd_crossover":null,"bb_upper":235.86237315443117,"bb_lower":191.63562641832272,"bb_width":20.690972486565617,"bb_pct_b":1.0634825127714376,"atr":6.465922493854769,"atr_pct":2.7091475859809537,"rs_vs_bench":10.22500971561664},"MSFT":{"current":381.75,"sma_20":376.4354995727539,"sma_50":392.60719421386716,"sma_200":472.0515071105957,"rsi":49.42647037930642,"avg_vol_20":31305567.45,"current_vol":"19248249","vol_ratio":0.6148506661232873,"high_52w":539.8252563476562,"low_52w":356.3916320800781,"off_high":-29.282671473572776,"off_low":7.115309574447042,"trend_signals":["Death Cross","Above 20d","Below 50d"],"macd":-7.038411119103955,"macd_signal":-9.230341309607509,"macd_histogram":2.1919301905035535,"macd_crossover":null,"bb_upper":399.8078798671125,"bb_lower":353.0631192783953,"bb_width":12.41773441712365,"bb_pct_b":0.6136918953121963,"atr":8.653358932453255,"atr_pct":2.2667606895751815,"rs_vs_bench":-7.043986490794363},"AAPL":{"current":257.739990234375,"sma_20":253.66599960327147,"sma_50":260.8361328125,"sma_200":250.58906890869142,"rsi":51.55522367746405,"avg_vol_20":39758874.7,"current_vol":"15631894","vol_ratio":0.3931674152739539,"high_52w":285.9224548339844,"low_52w":192.32177734375,"off_high":-9.856681111657707,"off_low":34.01497937162806,"trend_signals":["Golden Cross","Above 20d","Below 50d"],"macd":-0.03737596041685265,"macd_signal":-1.3115083789122526,"macd_histogram":1.2741324184954,"macd_crossover":null,"bb_upper":261.9497457738115,"bb_lower":245.38225343273143,"bb_width":6.531223091384461,"bb_pct_b":0.7459026717641405,"atr":5.750220733027381,"atr_pct":2.231016121246236,"rs_vs_bench":-0.5473730004007749}}