{"GOOG":{"current":379.7601013183594,"sma_20":330.30350189208986,"sma_50":312.5325134277344,"sma_200":280.0189962005615,"rsi":82.05060055159692,"avg_vol_20":16321919.05,"current_vol":"28581681","vol_ratio":1.7511225801600823,"high_52w":379.7601013183594,"low_52w":152.27357482910156,"off_high":0.0,"off_low":149.3933052695247,"trend_signals":["Golden Cross","Above 20d","Above 50d"],"macd":14.03891096534619,"macd_signal":10.261512401207916,"macd_histogram":3.7773985641382737,"macd_crossover":null,"bb_upper":370.21928392361815,"bb_lower":290.38771986056156,"bb_width":24.169154612577362,"bb_pct_b":1.1195118435510698,"atr":9.728666466081544,"atr_pct":2.5617926770895387,"rs_vs_bench":15.099467556874501},"MSFT":{"current":401.7149963378906,"sma_20":403.2207504272461,"sma_50":395.66949951171875,"sma_200":467.0462329101563,"rsi":48.10730177842802,"avg_vol_20":32750023.15,"current_vol":"40318663","vol_ratio":1.2311033435101557,"high_52w":539.8251953125,"low_52w":356.7699890136719,"off_high":-25.58424470993033,"off_low":12.597754494001567,"trend_signals":["Death Cross","Below 20d","Above 50d"],"macd":8.75979345072409,"macd_signal":7.810033364113342,"macd_histogram":0.9497600866107474,"macd_crossover":null,"bb_upper":450.24029672921216,"bb_lower":356.20120412528007,"bb_width":23.32198739878585,"bb_pct_b":0.4839879985263434,"atr":11.351850751587484,"atr_pct":2.8258468952050806,"rs_vs_bench":-6.30311340921701},"AAPL":{"current":273.80999755859375,"sma_20":265.27099838256834,"sma_50":260.87659912109376,"sma_200":254.56058052062988,"rsi":61.06537711902625,"avg_vol_20":39964784.15,"current_vol":"23882183","vol_ratio":0.5975806827922027,"high_52w":285.9224548339844,"low_52w":194.67758178710938,"off_high":-4.236273531725062,"off_low":40.64793441805745,"trend_signals":["Golden Cross","Above 20d","Above 50d"],"macd":3.904211039810775,"macd_signal":3.2674844562464607,"macd_histogram":0.6367265835643146,"macd_crossover":null,"bb_upper":278.386233673496,"bb_lower":252.15576309164067,"bb_width":9.888178783881344,"bb_pct_b":0.8255373993149852,"atr":5.73503111192907,"atr_pct":2.0945294777637935,"rs_vs_bench":-6.878385932774989},"AMZN":{"current":259.8599853515625,"sma_20":244.18099975585938,"sma_50":223.42880004882812,"sma_200":227.12609992980958,"rsi":70.60344440279002,"avg_vol_20":47047110.1,"current_vol":"61490902","vol_ratio":1.3070069951012782,"high_52w":263.989990234375,"low_52w":184.4199981689453,"off_high":-1.5644551064780177,"off_low":40.90661963541902,"trend_signals":["Death Cross","Above 20d","Above 50d"],"macd":11.959720001818226,"macd_signal":11.017877636816108,"macd_histogram":0.9418423650021186,"macd_crossover":null,"bb_upper":278.8566337804947,"bb_lower":209.50536573122406,"bb_width":28.40158248127841,"bb_pct_b":0.7260807341628416,"atr":7.24090839825067,"atr_pct":2.7864653299562465,"rs_vs_bench":10.009672611049723},"NVDA":{"current":200.88999938964844,"sma_20":196.23700027465821,"sma_50":186.96679229736327,"sma_200":183.71239234924317,"rsi":55.42816999541803,"avg_vol_20":143515550.2,"current_vol":"136107804","vol_ratio":0.9483836686012301,"high_52w":216.61000061035156,"low_52w":108.89433288574219,"off_high":-7.257283217029769,"off_low":84.48159244469873,"trend_signals":["Golden Cross","Above 20d","Above 50d"],"macd":7.21731975465579,"macd_signal":6.4032698412547076,"macd_histogram":0.8140499134010826,"macd_crossover":null,"bb_upper":219.92303187693713,"bb_lower":172.5509686723793,"bb_width":24.14022999651172,"bb_pct_b":0.5982224290062701,"atr":6.309528520581052,"atr_pct":3.140787764324207,"rs_vs_bench":-0.6212050404961431}}