{"GOOG":{"current":334.43499755859375,"sma_20":302.66524810791014,"sma_50":306.8836590576172,"sma_200":271.74396774291995,"rsi":71.8757904597339,"avg_vol_20":19739232.95,"current_vol":"4692059","vol_ratio":0.23770219500854517,"high_52w":344.6571960449219,"low_52w":149.3437042236328,"off_high":-2.9659031070965325,"off_low":123.93645537129463,"trend_signals":["Golden Cross","Above 20d","Above 50d"],"macd":7.062386038402906,"macd_signal":1.8037868304792657,"macd_histogram":5.25859920792364,"macd_crossover":null,"bb_upper":339.8274598596884,"bb_lower":265.5030363561319,"bb_width":24.556642683026972,"bb_pct_b":0.9274469676735988,"atr":7.852487368911361,"atr_pct":2.347986133698698,"rs_vs_bench":1.1906364302762587},"NVDA":{"current":198.79989624023438,"sma_20":180.30499420166015,"sma_50":182.75099517822267,"sma_200":181.51755027770997,"rsi":69.65321388811115,"avg_vol_20":160834118.25,"current_vol":"61226265","vol_ratio":0.3806795825797988,"high_52w":207.01727294921875,"low_52w":96.88717651367188,"off_high":-3.9694159776706623,"off_low":105.18700553956329,"trend_signals":["Golden Cross","Above 20d","Above 50d"],"macd":3.937770706832339,"macd_signal":0.9634028575193992,"macd_histogram":2.9743678493129395,"macd_crossover":null,"bb_upper":199.6521636505405,"bb_lower":160.9578247527798,"bb_width":21.460492023023743,"bb_pct_b":0.9779743643493171,"atr":5.270140733198473,"atr_pct":2.6509776075687252,"rs_vs_bench":3.1367066518030775},"AMZN":{"current":248.3699951171875,"sma_20":219.26399993896484,"sma_50":213.86600036621093,"sma_200":225.42735000610352,"rsi":75.46161773046953,"avg_vol_20":45263563.55,"current_vol":"18788171","vol_ratio":0.41508377879363856,"high_52w":254.0,"low_52w":167.32000732421875,"off_high":-2.216537355437992,"off_low":48.44010533415579,"trend_signals":["Death Cross","Above 20d","Above 50d"],"macd":9.072107568225135,"macd_signal":4.544699179967122,"macd_histogram":4.527408388258014,"macd_crossover":null,"bb_upper":252.99934207308002,"bb_lower":185.52865780484967,"bb_width":30.771437302526515,"bb_pct_b":0.9313872831422829,"atr":6.601979757606851,"atr_pct":2.658122916373962,"rs_vs_bench":10.775579950420731},"AAPL":{"current":263.33990478515625,"sma_20":255.31949462890626,"sma_50":260.67286865234377,"sma_200":251.51232986450196,"rsi":57.34157163671127,"avg_vol_20":41587005.35,"current_vol":"18015807","vol_ratio":0.43320760531751057,"high_52w":285.9224548339844,"low_52w":192.32177734375,"off_high":-7.8981379975701,"off_low":36.92672167565852,"trend_signals":["Golden Cross","Above 20d","Above 50d"],"macd":1.276965008052514,"macd_signal":-0.21948790230749443,"macd_histogram":1.4964529103600084,"macd_crossover":null,"bb_upper":266.11469817297524,"bb_lower":244.5242910848373,"bb_width":8.456231326761195,"bb_pct_b":0.8714802654488392,"atr":5.8969519326126925,"atr_pct":2.239292953881666,"rs_vs_bench":-2.4223750292265542},"MSFT":{"current":419.2699890136719,"sma_20":378.18899688720705,"sma_50":391.89180236816406,"sma_200":470.77165740966797,"rsi":70.43131845436912,"avg_vol_20":33160789.15,"current_vol":"18106483","vol_ratio":0.5460208717620341,"high_52w":539.8251953125,"low_52w":356.3916015625,"off_high":-22.332267435023997,"off_low":17.643060940689693,"trend_signals":["Death Cross","Above 20d","Above 50d"],"macd":1.1590449627723842,"macd_signal":-5.397917853788427,"macd_histogram":6.556962816560811,"macd_crossover":null,"bb_upper":409.221283772336,"bb_lower":347.1567100020781,"bb_width":16.410994048239942,"bb_pct_b":1.161907262563871,"atr":9.749953110692482,"atr_pct":2.325459337938578,"rs_vs_bench":-0.42241216706229245}}