{"GOOG":{"current":330.5799865722656,"sma_20":300.00549774169923,"sma_50":307.2079064941406,"sma_200":270.1737464904785,"rsi":70.1946402511051,"avg_vol_20":20162415.0,"current_vol":"18511800","vol_ratio":0.9181340628094402,"high_52w":344.6571960449219,"low_52w":149.34368896484375,"off_high":-4.084408982083594,"off_low":121.35517668248157,"trend_signals":["Golden Cross","Above 20d","Above 50d"],"macd":4.039984937852239,"macd_signal":-0.8318558548517683,"macd_histogram":4.871840792704007,"macd_crossover":null,"bb_upper":330.634863544285,"bb_lower":269.37613193911346,"bb_width":20.41920300337779,"bb_pct_b":0.9991041771420756,"atr":8.256494105835626,"atr_pct":2.4975783293616707,"rs_vs_bench":2.518800162998591},"MSFT":{"current":393.1099853515625,"sma_20":376.22449798583983,"sma_50":391.9355914306641,"sma_200":471.5572720336914,"rsi":57.797823673471626,"avg_vol_20":32614165.0,"current_vol":"37335000","vol_ratio":1.144747995234586,"high_52w":539.8252563476562,"low_52w":356.3916015625,"off_high":-27.17828950589276,"off_low":10.30281960295387,"trend_signals":["Death Cross","Above 20d","Above 50d"],"macd":-4.890133160535356,"macd_signal":-8.328859274710823,"macd_histogram":3.4387261141754664,"macd_crossover":null,"bb_upper":398.4846904751293,"bb_lower":353.96430549655037,"bb_width":11.83346252488177,"bb_pct_b":0.8792754122374987,"atr":8.944915330166074,"atr_pct":2.2754230783953604,"rs_vs_bench":-5.900579591511423},"AMZN":{"current":249.02000427246094,"sma_20":215.67399978637695,"sma_50":213.5602005004883,"sma_200":225.1564500427246,"rsi":76.33136168089538,"avg_vol_20":46307660.0,"current_vol":"72499800","vol_ratio":1.5656113912903395,"high_52w":254.0,"low_52w":167.32000732421875,"off_high":-1.9606282391886072,"off_low":48.828587958360984,"trend_signals":["Death Cross","Above 20d","Above 50d"],"macd":6.8697990354248475,"macd_signal":2.2254058285586313,"macd_histogram":4.644393206866216,"macd_crossover":null,"bb_upper":243.01568566751163,"bb_lower":188.33231390524227,"bb_width":25.354642570005065,"bb_pct_b":1.1098015431647577,"atr":6.927029071394877,"atr_pct":2.7817159073757733,"rs_vs_bench":11.392368544306784},"NVDA":{"current":196.50999450683594,"sma_20":178.53799896240236,"sma_50":182.116201171875,"sma_200":181.10763854980468,"rsi":68.06751068248236,"avg_vol_20":165454330.0,"current_vol":"160691000","vol_ratio":0.9712106053676565,"high_52w":207.01727294921875,"low_52w":96.88717651367188,"off_high":-5.07555639811768,"off_low":102.82353308036194,"trend_signals":["Golden Cross","Above 20d","Above 50d"],"macd":2.0586008830100013,"macd_signal":-0.509093163078912,"macd_histogram":2.5676940460889135,"macd_crossover":null,"bb_upper":193.27406376638748,"bb_lower":163.80193415841723,"bb_width":16.507482877175455,"bb_pct_b":1.1097962985197156,"atr":5.418979942300897,"atr_pct":2.7576103474535434,"rs_vs_bench":3.6908242103134805},"AAPL":{"current":258.8299865722656,"sma_20":254.03949966430665,"sma_50":260.8571844482422,"sma_200":250.8885683441162,"rsi":53.06735685174945,"avg_vol_20":41597635.0,"current_vol":"48214600","vol_ratio":1.159070701976206,"high_52w":285.9224548339844,"low_52w":192.32176208496094,"off_high":-9.475460147909507,"off_low":34.58174663454036,"trend_signals":["Golden Cross","Above 20d","Below 50d"],"macd":0.2371543585738891,"macd_signal":-0.983140791018629,"macd_histogram":1.220295149592518,"macd_crossover":null,"bb_upper":262.7830512592,"bb_lower":245.29594806941327,"bb_width":6.883615820726538,"bb_pct_b":0.7739439949526252,"atr":5.678061339448724,"atr_pct":2.193741696873829,"rs_vs_bench":-2.513866833297951}}