{"GOOG":{"current":383.2200012207031,"sma_20":334.8504974365234,"sma_50":314.1735858154297,"sma_200":281.0292108154297,"rsi":82.7661475198118,"avg_vol_20":17868650.0,"current_vol":"28007600","vol_ratio":1.5674155574148019,"high_52w":383.2200012207031,"low_52w":152.2735595703125,"off_high":0.0,"off_low":151.66549091127723,"trend_signals":["Golden Cross","Above 20d","Above 50d"],"macd":16.30898409920593,"macd_signal":11.498829955519103,"macd_histogram":4.810154143686827,"macd_crossover":null,"bb_upper":378.11297446962226,"bb_lower":291.5880204034246,"bb_width":25.83987622195482,"bb_pct_b":1.059023744146384,"atr":9.722588912083776,"atr_pct":2.537077626719271,"rs_vs_bench":14.190248752881638},"AMZN":{"current":268.260009765625,"sma_20":247.36550064086913,"sma_50":224.80080047607422,"sma_200":227.3774500274658,"rsi":78.12439331294203,"avg_vol_20":50094230.0,"current_vol":"50780000","vol_ratio":1.0136896005787492,"high_52w":268.260009765625,"low_52w":185.00999450683594,"off_high":0.0,"off_low":44.99757728262246,"trend_signals":["Death Cross","Above 20d","Above 50d"],"macd":12.553996085398865,"macd_signal":11.391471826105793,"macd_histogram":1.1625242592930718,"macd_crossover":null,"bb_upper":280.1145021729217,"bb_lower":214.61649910881656,"bb_width":26.478228732145077,"bb_pct_b":0.8190098651451361,"atr":7.480080076590247,"atr_pct":2.7883694193277218,"rs_vs_bench":11.514008017435296},"NVDA":{"current":198.4499969482422,"sma_20":197.2240005493164,"sma_50":187.15159576416016,"sma_200":183.84133476257324,"rsi":52.98323581818947,"avg_vol_20":147326550.0,"current_vol":"128257500","vol_ratio":0.8705660995930469,"high_52w":216.61000061035156,"low_52w":113.51325988769531,"off_high":-8.383732796703352,"off_low":74.82538792787669,"trend_signals":["Golden Cross","Above 20d","Above 50d"],"macd":6.243172908610774,"macd_signal":6.354402664866518,"macd_histogram":-0.11122975625574405,"macd_crossover":"bearish","bb_upper":219.1547360032151,"bb_lower":175.2932650954177,"bb_width":22.239418521900294,"bb_pct_b":0.5279515568801373,"atr":6.278848235448232,"atr_pct":3.1639447377194068,"rs_vs_bench":-2.8392523092855004},"AAPL":{"current":280.1400146484375,"sma_20":266.35899963378904,"sma_50":261.2185998535156,"sma_200":254.90136840820313,"rsi":66.43622166593414,"avg_vol_20":45801715.0,"current_vol":"79844600","vol_ratio":1.743266600388217,"high_52w":285.9224548339844,"low_52w":194.67758178710938,"off_high":-2.0223805747975767,"off_low":43.899473209393975,"trend_signals":["Golden Cross","Above 20d","Above 50d"],"macd":4.361253353363566,"macd_signal":3.4548400912179957,"macd_histogram":0.9064132621455698,"macd_crossover":null,"bb_upper":280.05537616350256,"bb_lower":252.6626231040755,"bb_width":10.28414774687123,"bb_pct_b":1.0030898130155566,"atr":6.600896838709859,"atr_pct":2.356284890965567,"rs_vs_bench":-6.333283271736079},"MSFT":{"current":414.44000244140625,"sma_20":405.5730010986328,"sma_50":396.11039978027344,"sma_200":466.63525939941405,"rsi":54.49538614351418,"avg_vol_20":34716645.0,"current_vol":"31330100","vol_ratio":0.9024518354236131,"high_52w":539.8251953125,"low_52w":356.7699890136719,"off_high":-23.226999028548377,"off_low":16.164479974105777,"trend_signals":["Death Cross","Above 20d","Above 50d"],"macd":8.488919279139054,"macd_signal":8.023221210097807,"macd_histogram":0.4656980690412471,"macd_crossover":null,"bb_upper":450.6448872257117,"bb_lower":360.5011149715539,"bb_width":22.226275420201222,"bb_pct_b":0.5983651018927096,"atr":11.207431838310576,"atr_pct":2.7042350574966734,"rs_vs_bench":-3.4082787780225434}}