{"GOOG":{"current":381.92498779296875,"sma_20":334.7857467651367,"sma_50":314.147685546875,"sma_200":281.0227355957031,"rsi":82.48065444582312,"avg_vol_20":17377225.85,"current_vol":"18240117","vol_ratio":1.0496564386886873,"high_52w":381.94000244140625,"low_52w":152.27359008789062,"off_high":-0.003931153673751,"off_low":150.8149887137526,"trend_signals":["Golden Cross","Above 20d","Above 50d"],"macd":16.20567819702478,"macd_signal":11.478168790688319,"macd_histogram":4.727509406336463,"macd_crossover":null,"bb_upper":377.74622801413614,"bb_lower":291.8252655161373,"bb_width":25.664462519151172,"bb_pct_b":1.0486349274652265,"atr":9.712590045894395,"atr_pct":2.543062212823668,"rs_vs_bench":13.592064156015816},"MSFT":{"current":414.6099853515625,"sma_20":405.5815002441406,"sma_50":396.1137994384766,"sma_200":466.6361093139648,"rsi":54.5753896704754,"avg_vol_20":34126993.65,"current_vol":"19662673","vol_ratio":0.5761618852705475,"high_52w":539.8251953125,"low_52w":356.7699890136719,"off_high":-23.195510518632155,"off_low":16.212124931750953,"trend_signals":["Death Cross","Above 20d","Above 50d"],"macd":8.502479209408818,"macd_signal":8.02593324697633,"macd_histogram":0.47654596243248903,"macd_crossover":null,"bb_upper":450.6604900809619,"bb_lower":360.50251040731933,"bb_width":22.229312633680724,"bb_pct_b":0.6001407212107409,"atr":11.20743186310434,"atr_pct":2.703126373958688,"rs_vs_bench":-3.5258122423399634},"NVDA":{"current":200.0449981689453,"sma_20":197.30375061035156,"sma_50":187.18349578857422,"sma_200":183.84930976867676,"rsi":54.53793470475844,"avg_vol_20":144955149.85,"current_vol":"81378397","vol_ratio":0.5614039727751005,"high_52w":216.61000061035156,"low_52w":111.58370208740234,"off_high":-7.647385806163294,"off_low":79.27797198577635,"trend_signals":["Golden Cross","Above 20d","Above 50d"],"macd":6.370409485013084,"macd_signal":6.3798499951244745,"macd_histogram":-0.009440510111390132,"macd_crossover":"bearish","bb_upper":219.26483704360697,"bb_lower":175.34266417709614,"bb_width":22.26119510178559,"bb_pct_b":0.562411474198351,"atr":6.2788482500173615,"atr_pct":3.138717942207505,"rs_vs_bench":-2.1044882148137702},"AMZN":{"current":268.8900146484375,"sma_20":247.39700088500976,"sma_50":224.81340057373046,"sma_200":227.3806000518799,"rsi":78.41038424205497,"avg_vol_20":49157462.3,"current_vol":"32149846","vol_ratio":0.6540176098553404,"high_52w":268.8900146484375,"low_52w":185.00999450683594,"off_high":0.0,"off_low":45.33810206588719,"trend_signals":["Death Cross","Above 20d","Above 50d"],"macd":12.604252884269755,"macd_signal":11.401523184739512,"macd_histogram":1.2027296995302432,"macd_crossover":null,"bb_upper":280.23172441068346,"bb_lower":214.5622773593361,"bb_width":26.54415648388177,"bb_pct_b":0.8272909203365486,"atr":7.47663593179828,"atr_pct":2.780555440697071,"rs_vs_bench":11.646956910524754},"AAPL":{"current":282.1199035644531,"sma_20":266.45799407958987,"sma_50":261.2581976318359,"sma_200":254.91126800537108,"rsi":67.7884885454271,"avg_vol_20":44477369.65,"current_vol":"55071593","vol_ratio":1.2381935675011304,"high_52w":285.9224548339844,"low_52w":194.67758178710938,"off_high":-1.3299239724767793,"off_low":44.91648240883058,"trend_signals":["Golden Cross","Above 20d","Above 50d"],"macd":4.5191931776419665,"macd_signal":3.4864280150719162,"macd_histogram":1.0327651625700502,"macd_crossover":null,"bb_upper":280.59528845022203,"bb_lower":252.32069970895773,"bb_width":10.61127433572843,"bb_pct_b":1.0539217432367478,"atr":6.600181866487013,"atr_pct":2.339495293702004,"rs_vs_bench":-5.731553876882311}}