{"AMZN":{"current":259.70001220703125,"sma_20":238.97800064086914,"sma_50":221.08959991455077,"sma_200":226.77180000305177,"rsi":73.73002273915138,"avg_vol_20":45678330.0,"current_vol":"42130700","vol_ratio":0.9223345074130337,"high_52w":263.989990234375,"low_52w":184.4199981689453,"off_high":-1.6250532921854466,"off_low":40.81987571061717,"trend_signals":["Death Cross","Above 20d","Above 50d"],"macd":12.211962005348653,"macd_signal":10.405194951248594,"macd_histogram":1.8067670541000584,"macd_crossover":null,"bb_upper":277.33307218508764,"bb_lower":200.62292909665064,"bb_width":32.09924883576012,"bb_pct_b":0.7701339188257318,"atr":6.299102214302928,"atr_pct":2.425530195694147,"rs_vs_bench":10.769312008219714},"GOOG":{"current":347.5,"sma_20":323.03799591064455,"sma_50":310.1177685546875,"sma_200":278.20908432006837,"rsi":71.34929773514772,"avg_vol_20":16599145.0,"current_vol":"18460400","vol_ratio":1.1121295705290846,"high_52w":348.5199890136719,"low_52w":152.27357482910156,"off_high":-0.2926629880135404,"off_low":128.20768501035283,"trend_signals":["Golden Cross","Above 20d","Above 50d"],"macd":11.307764151350113,"macd_signal":8.781224347198577,"macd_histogram":2.526539804151536,"macd_crossover":null,"bb_upper":361.200669062496,"bb_lower":284.8753227587931,"bb_width":23.627358784387457,"bb_pct_b":0.8204964703601835,"atr":7.648216426040786,"atr_pct":2.2009255902275644,"rs_vs_bench":7.214639624233435},"NVDA":{"current":213.1699981689453,"sma_20":193.2375,"sma_50":186.22258850097657,"sma_200":183.33526420593262,"rsi":70.98935972931505,"avg_vol_20":150316620.0,"current_vol":"179828800","vol_ratio":1.196333446028789,"high_52w":216.61000061035156,"low_52w":108.89433288574219,"off_high":-1.5881087815489605,"off_low":95.75857854110258,"trend_signals":["Golden Cross","Above 20d","Above 50d"],"macd":8.039343219929663,"macd_signal":5.748821045196761,"macd_histogram":2.290522174732901,"macd_crossover":null,"bb_upper":219.15448028746738,"bb_lower":167.32051971253264,"bb_width":26.823965625168373,"bb_pct_b":0.8845451504738773,"atr":5.926612716232186,"atr_pct":2.7802283469248428,"rs_vs_bench":8.305909572295356},"MSFT":{"current":429.25,"sma_20":398.8890014648438,"sma_50":395.0389245605469,"sma_200":467.93042495727536,"rsi":65.40266639164557,"avg_vol_20":32625045.0,"current_vol":"30373200","vol_ratio":0.9309780262372052,"high_52w":539.8252563476562,"low_52w":356.7699890136719,"off_high":-20.483527780042213,"off_low":20.315613201297207,"trend_signals":["Death Cross","Above 20d","Above 50d"],"macd":10.819207253316165,"macd_signal":6.778109308657065,"macd_histogram":4.0410979446591,"macd_crossover":null,"bb_upper":448.9648396423303,"bb_lower":348.81316328735727,"bb_width":25.107655509975224,"bb_pct_b":0.8031501782111574,"atr":10.285107120903909,"atr_pct":2.3960645593253136,"rs_vs_bench":2.035632037784941},"AAPL":{"current":270.7099914550781,"sma_20":263.5429977416992,"sma_50":260.56159912109376,"sma_200":253.92299362182618,"rsi":58.26272251784844,"avg_vol_20":41760010.0,"current_vol":"39978600","vol_ratio":0.9573417247744912,"high_52w":285.9224548339844,"low_52w":194.67758178710938,"off_high":-5.320485719716938,"off_low":39.05555481530193,"trend_signals":["Golden Cross","Above 20d","Above 50d"],"macd":3.790523559871019,"macd_signal":2.95657928625052,"macd_histogram":0.8339442736204994,"macd_crossover":null,"bb_upper":277.194080509989,"bb_lower":249.89191497340937,"bb_width":10.359662662461911,"bb_pct_b":0.7625064192720001,"atr":5.869742624231893,"atr_pct":2.168277052753675,"rs_vs_bench":-7.257669436748414}}