{"AMZN":{"current":237.97999572753906,"sma_20":212.1789993286133,"sma_50":213.39460021972656,"sma_200":224.85544998168945,"rsi":71.26278254995876,"avg_vol_20":43667329.7,"current_vol":"41198694","vol_ratio":0.943467216407327,"high_52w":254.0,"low_52w":167.32000732421875,"off_high":-6.307088296244463,"off_low":42.23044783066575,"trend_signals":["Death Cross","Above 20d","Above 50d"],"macd":3.5895761740461296,"macd_signal":0.057295124094730365,"macd_histogram":3.5322810499513992,"macd_crossover":null,"bb_upper":230.92837636763562,"bb_lower":193.42962228959095,"bb_width":17.6731694449969,"bb_pct_b":1.1880494307951455,"atr":6.688685224235086,"atr_pct":2.8106081789718558,"rs_vs_bench":11.649481312321107},"GOOG":{"current":315.2449951171875,"sma_20":297.7862487792969,"sma_50":307.73687255859375,"sma_200":268.6481346130371,"rsi":61.62098772679326,"avg_vol_20":19972477.9,"current_vol":"7272758","vol_ratio":0.3641389934896361,"high_52w":344.6571960449219,"low_52w":149.3437042236328,"off_high":-8.533755065976006,"off_low":111.08689968284698,"trend_signals":["Golden Cross","Above 20d","Above 50d"],"macd":0.8605786831924433,"macd_signal":-3.1111484700760337,"macd_histogram":3.971727153268477,"macd_crossover":null,"bb_upper":323.1718544443638,"bb_lower":272.40064311423,"bb_width":17.049548640428565,"bb_pct_b":0.843870982797065,"atr":8.187175456890722,"atr_pct":2.5970834061448826,"rs_vs_bench":1.626958329312389},"NVDA":{"current":188.8300018310547,"sma_20":177.4304992675781,"sma_50":182.07618591308594,"sma_200":180.72593170166016,"rsi":61.52982699904756,"avg_vol_20":167564337.45,"current_vol":"119100949","vol_ratio":0.7107774292100721,"high_52w":207.01727294921875,"low_52w":96.88717651367188,"off_high":-8.785388223438433,"off_low":94.89679504119788,"trend_signals":["Golden Cross","Above 20d","Above 50d"],"macd":0.1447789731733451,"macd_signal":-1.6592117339244021,"macd_histogram":1.8039907070977472,"macd_crossover":null,"bb_upper":188.63988698007677,"bb_lower":166.22111155507946,"bb_width":12.635243386870124,"bb_pct_b":1.008480162157561,"atr":5.386746441884689,"atr_pct":2.852696282185172,"rs_vs_bench":1.8142675096354033},"AAPL":{"current":259.80499267578125,"sma_20":253.25124893188476,"sma_50":260.828603515625,"sma_200":250.30173667907715,"rsi":54.65555259089008,"avg_vol_20":40056348.65,"current_vol":"15947973","vol_ratio":0.3981384608804078,"high_52w":285.9224548339844,"low_52w":189.5936737060547,"off_high":-9.134456464207314,"off_low":37.03252202316725,"trend_signals":["Golden Cross","Above 20d","Below 50d"],"macd":-0.2153240435785051,"macd_signal":-1.640810925640477,"macd_histogram":1.425486882061972,"macd_crossover":null,"bb_upper":261.32642220382553,"bb_lower":245.17607565994402,"bb_width":6.377203118246165,"bb_pct_b":0.9057958586888238,"atr":5.898476348871142,"atr_pct":2.2703475742023302,"rs_vs_bench":0.9263514869304768},"MSFT":{"current":370.7200012207031,"sma_20":377.1179992675781,"sma_50":393.61945068359375,"sma_200":472.58914138793943,"rsi":38.26550056839779,"avg_vol_20":31208891.5,"current_vol":"18588830","vol_ratio":0.5956260894431319,"high_52w":539.8252563476562,"low_52w":356.3916015625,"off_high":-31.325925035646456,"off_low":4.02040889723109,"trend_signals":["Death Cross","Below 20d","Below 50d"],"macd":-8.327367904952553,"macd_signal":-9.78071688102725,"macd_histogram":1.4533489760746967,"macd_crossover":null,"bb_upper":401.93000600877235,"bb_lower":352.3059925263839,"bb_width":13.158749669537398,"bb_pct_b":0.37107052416980274,"atr":8.467533378528902,"atr_pct":2.2840778351982878,"rs_vs_bench":-9.223121139566558}}