{"GOOG":{"current":347.07000732421875,"sma_20":323.0164962768555,"sma_50":310.1091687011719,"sma_200":278.2069347381592,"rsi":70.85435032237214,"avg_vol_20":16202198.35,"current_vol":"10562967","vol_ratio":0.6519465304533814,"high_52w":348.5199890136719,"low_52w":152.27359008789062,"off_high":-0.4160397495583086,"off_low":127.92528049275897,"trend_signals":["Golden Cross","Above 20d","Above 50d"],"macd":11.273462739844547,"macd_signal":8.774364063027372,"macd_histogram":2.499098676817175,"macd_crossover":null,"bb_upper":361.12158473049317,"bb_lower":284.9114078232178,"bb_width":23.59327705726709,"bb_pct_b":0.8156207218443946,"atr":7.648216436677454,"atr_pct":2.2036523684781555,"rs_vs_bench":7.212006786504599},"AMZN":{"current":258.8900146484375,"sma_20":238.93750076293946,"sma_50":221.0733999633789,"sma_200":226.7677500152588,"rsi":72.54211449512867,"avg_vol_20":44939744.5,"current_vol":"27421590","vol_ratio":0.6101857121150299,"high_52w":263.989990234375,"low_52w":184.4199981689453,"off_high":-1.9318821828849082,"off_low":40.38066219438466,"trend_signals":["Death Cross","Above 20d","Above 50d"],"macd":12.147346814224647,"macd_signal":10.392271911416856,"macd_histogram":1.7550749028077917,"macd_crossover":null,"bb_upper":277.20204645599927,"bb_lower":200.67295506987966,"bb_width":32.028915989226626,"bb_pct_b":0.7607180292371393,"atr":6.297674435877698,"atr_pct":2.432567530435538,"rs_vs_bench":10.527658479363968},"NVDA":{"current":211.88999938964844,"sma_20":193.17350006103516,"sma_50":186.19698852539062,"sma_200":183.32886459350587,"rsi":69.20248972200727,"avg_vol_20":147382436.8,"current_vol":"122709336","vol_ratio":0.8325913091430172,"high_52w":216.61000061035156,"low_52w":108.70438385009766,"off_high":-2.1790319964006137,"off_low":94.9231409855952,"trend_signals":["Golden Cross","Above 20d","Above 50d"],"macd":7.937235056289779,"macd_signal":5.728399413854245,"macd_histogram":2.2088356424355347,"macd_crossover":null,"bb_upper":218.88876769344944,"bb_lower":167.45823242862087,"bb_width":26.624011703768147,"bb_pct_b":0.863918034922977,"atr":5.926612729589827,"atr_pct":2.79702333600524,"rs_vs_bench":7.7192288145022445},"MSFT":{"current":427.19000244140625,"sma_20":398.78600158691404,"sma_50":394.997724609375,"sma_200":467.92012603759764,"rsi":64.57066477538349,"avg_vol_20":31981408.3,"current_vol":"17550166","vol_ratio":0.5487615127942943,"high_52w":539.8252563476562,"low_52w":356.7699890136719,"off_high":-20.865132296387234,"off_low":19.738211059292823,"trend_signals":["Death Cross","Above 20d","Above 50d"],"macd":10.654876975387424,"macd_signal":6.745243267868196,"macd_histogram":3.9096337075192276,"macd_crossover":null,"bb_upper":448.60672164408305,"bb_lower":348.965281529745,"bb_width":24.98619302528891,"bb_pct_b":0.7850621269814926,"atr":10.23296349043756,"atr_pct":2.3954126809981053,"rs_vs_bench":1.6263951725078236},"AAPL":{"current":270.32000732421875,"sma_20":263.52349853515625,"sma_50":260.5537994384766,"sma_200":253.92104347229005,"rsi":57.90565846853875,"avg_vol_20":40765898.45,"current_vol":"20155569","vol_ratio":0.4944222932979415,"high_52w":285.9224548339844,"low_52w":194.67758178710938,"off_high":-5.456880789172329,"off_low":38.85523173378459,"trend_signals":["Golden Cross","Above 20d","Above 50d"],"macd":3.759413719024451,"macd_signal":2.950357323608447,"macd_histogram":0.8090563954160039,"macd_crossover":null,"bb_upper":277.1325260665209,"bb_lower":249.9144710037916,"bb_width":10.328511580191464,"bb_pct_b":0.7497058946129193,"atr":5.8690276423849745,"atr_pct":2.1711406789604473,"rs_vs_bench":-7.264070023255841}}