{"AMZN":{"current":253.30999755859375,"sma_20":227.85800018310547,"sma_50":216.43940002441406,"sma_200":226.00799995422364,"rsi":75.84012673260128,"avg_vol_20":44507211.4,"current_vol":"7119728","vol_ratio":0.15996796420276288,"high_52w":254.0,"low_52w":173.17999267578125,"off_high":-0.2716545044906496,"off_low":46.26978188688795,"trend_signals":["Death Cross","Above 20d","Above 50d"],"macd":10.832820858172255,"macd_signal":8.042697761225618,"macd_histogram":2.790123096946637,"macd_crossover":null,"bb_upper":267.3185099492615,"bb_lower":188.39749041694944,"bb_width":34.63605380056507,"bb_pct_b":0.822499601833801,"atr":6.318839517531839,"atr_pct":2.494508538325738,"rs_vs_bench":8.640198993099624},"MSFT":{"current":431.0400085449219,"sma_20":386.7100006103516,"sma_50":393.4547039794922,"sma_200":469.4155772399902,"rsi":72.47341880844796,"avg_vol_20":32674519.95,"current_vol":"6731799","vol_ratio":0.20602594958705736,"high_52w":539.8252563476562,"low_52w":356.7699890136719,"off_high":-20.151937413738736,"off_low":20.81733941147272,"trend_signals":["Death Cross","Above 20d","Above 50d"],"macd":9.001176874859198,"macd_signal":1.846451391209058,"macd_histogram":7.1547254836501395,"macd_crossover":null,"bb_upper":435.92926540830865,"bb_lower":337.4907358123945,"bb_width":25.4553876135985,"bb_pct_b":0.9503318783462434,"atr":9.565314948246455,"atr_pct":2.2191246192056395,"rs_vs_bench":5.1614462577038935},"GOOG":{"current":335.45001220703125,"sma_20":309.9809967041016,"sma_50":307.439833984375,"sma_200":274.87337409973145,"rsi":66.17716319102186,"avg_vol_20":17710029.15,"current_vol":"2740383","vol_ratio":0.15473622187685673,"high_52w":344.6571960449219,"low_52w":152.27359008789062,"off_high":-2.671403337445646,"off_low":120.2942821623981,"trend_signals":["Golden Cross","Above 20d","Above 50d"],"macd":9.253380069890966,"macd_signal":6.002298247081269,"macd_histogram":3.251081822809697,"macd_crossover":null,"bb_upper":354.5524219332023,"bb_lower":265.40957147500086,"bb_width":28.757521075814367,"bb_pct_b":0.7857101312333729,"atr":7.545385272559544,"atr_pct":2.2493322396729334,"rs_vs_bench":4.826871238823305},"AAPL":{"current":271.5000915527344,"sma_20":259.3660034179687,"sma_50":260.20580139160154,"sma_200":252.7113803100586,"rsi":61.464031546273176,"avg_vol_20":40360690.25,"current_vol":"10701005","vol_ratio":0.26513434070915076,"high_52w":285.9224548339844,"low_52w":194.67758178710938,"off_high":-5.044152020037769,"off_low":39.461405396762444,"trend_signals":["Golden Cross","Above 20d","Above 50d"],"macd":3.3608413983031937,"macd_signal":1.6295187000561127,"macd_histogram":1.731322698247081,"macd_crossover":null,"bb_upper":274.0263832920728,"bb_lower":244.70562354386462,"bb_width":11.304781413837702,"bb_pct_b":0.9138394857079781,"atr":6.050718069184566,"atr_pct":2.2286246883306537,"rs_vs_bench":-3.5356024344932457},"NVDA":{"current":200.3249969482422,"sma_20":185.37474975585937,"sma_50":184.39127838134766,"sma_200":182.39489776611327,"rsi":68.00521123417,"avg_vol_20":147970906.15,"current_vol":"25073623","vol_ratio":0.16944968205156863,"high_52w":207.01727294921875,"low_52w":98.86669921875,"off_high":-3.2327138241349433,"off_low":102.62130578973623,"trend_signals":["Golden Cross","Above 20d","Above 50d"],"macd":5.763451639910613,"macd_signal":3.6072500876583575,"macd_histogram":2.1562015522522557,"macd_crossover":null,"bb_upper":209.88230960535765,"bb_lower":160.8671899063611,"bb_width":26.441098242101486,"bb_pct_b":0.8050129691448837,"atr":4.75230422860554,"atr_pct":2.3722971676037963,"rs_vs_bench":1.104521046212703}}