{"NVDA":{"current":208.27000427246094,"sma_20":188.38300018310548,"sma_50":185.0215884399414,"sma_200":182.8311908721924,"rsi":71.49829526022664,"avg_vol_20":151023948.95,"current_vol":"213442479","vol_ratio":1.4133021979889104,"high_52w":208.27000427246094,"low_52w":108.70439147949219,"off_high":0.0,"off_low":91.59299954478148,"trend_signals":["Golden Cross","Above 20d","Above 50d"],"macd":6.508380153148636,"macd_signal":4.5779816498988914,"macd_histogram":1.9303985032497444,"macd_crossover":null,"bb_upper":214.43880861667017,"bb_lower":162.3271917495408,"bb_width":27.662589945206133,"bb_pct_b":0.8816232403623547,"atr":5.449858498561987,"atr_pct":2.6167275108096826,"rs_vs_bench":6.319127784683463},"GOOG":{"current":342.32000732421875,"sma_20":315.5819976806641,"sma_50":308.49650390625,"sma_200":276.52498878479,"rsi":69.6667033253185,"avg_vol_20":17223644.95,"current_vol":"18198699","vol_ratio":1.0566113649480449,"high_52w":344.6571960449219,"low_52w":152.27357482910156,"off_high":-0.678119809341947,"off_low":124.80591770989061,"trend_signals":["Golden Cross","Above 20d","Above 50d"],"macd":10.181526063864112,"macd_signal":7.454870746371755,"macd_histogram":2.726655317492357,"macd_crossover":null,"bb_upper":360.24781965210457,"bb_lower":270.9161757092236,"bb_width":28.3069517904742,"bb_pct_b":0.7993117384098637,"atr":7.628405553516361,"atr_pct":2.2284427992230476,"rs_vs_bench":7.037506957932994},"AMZN":{"current":263.989990234375,"sma_20":232.95149993896484,"sma_50":218.64099975585938,"sma_200":226.40409996032716,"rsi":80.36710265056823,"avg_vol_20":46436858.65,"current_vol":"53601873","vol_ratio":1.1542958451174217,"high_52w":263.989990234375,"low_52w":184.4199981689453,"off_high":0.0,"off_low":43.14607572685063,"trend_signals":["Death Cross","Above 20d","Above 50d"],"macd":12.028115307236106,"macd_signal":9.37359525353924,"macd_histogram":2.654520053696867,"macd_crossover":null,"bb_upper":274.90143561560075,"bb_lower":191.00156426232894,"bb_width":36.01602538522149,"bb_pct_b":0.8699468163034288,"atr":6.631510498058127,"atr_pct":2.512031040332459,"rs_vs_bench":14.425697946623448},"AAPL":{"current":271.05999755859375,"sma_20":261.3984992980957,"sma_50":260.14539978027346,"sma_200":253.34281814575195,"rsi":59.706160317913124,"avg_vol_20":42048856.35,"current_vol":"38033227","vol_ratio":0.904500866407036,"high_52w":285.9224548339844,"low_52w":194.6775665283203,"off_high":-5.1980727725705345,"off_low":39.2353533036185,"trend_signals":["Golden Cross","Above 20d","Above 50d"],"macd":4.019427347555052,"macd_signal":2.490978224475876,"macd_histogram":1.528449123079176,"macd_crossover":null,"bb_upper":277.4817946518448,"bb_lower":245.31520394434668,"bb_width":12.305575890401615,"bb_pct_b":0.8003581681488522,"atr":5.8811794197015885,"atr_pct":2.169696551565224,"rs_vs_bench":-9.059382252073721},"MSFT":{"current":424.6199951171875,"sma_20":391.9720001220703,"sma_50":393.98414428710936,"sma_200":468.6550587463379,"rsi":63.48111843213055,"avg_vol_20":33682257.1,"current_vol":"27161742","vol_ratio":0.8064109812878306,"high_52w":539.8252563476562,"low_52w":356.7699890136719,"off_high":-21.341213638265693,"off_low":19.017856936648204,"trend_signals":["Death Cross","Above 20d","Above 50d"],"macd":9.852102462742323,"macd_signal":4.644347351819319,"macd_histogram":5.207755110923004,"macd_crossover":null,"bb_upper":443.73722326894455,"bb_lower":340.2067769751961,"bb_width":26.412714750417475,"bb_pct_b":0.8153468005197674,"atr":10.487318083440288,"atr_pct":2.4698125863210882,"rs_vs_bench":1.0115316645596302}}