{"MSFT":{"current":429.25,"sma_20":398.8890014648438,"sma_50":395.0389245605469,"sma_200":467.9304252624512,"rsi":65.40266638927537,"avg_vol_20":32625045.0,"current_vol":"30373200","vol_ratio":0.9309780262372052,"high_52w":539.8251953125,"low_52w":356.7699890136719,"off_high":-20.483518789538717,"off_low":20.315613201297207,"trend_signals":["Death Cross","Above 20d","Above 50d"],"macd":10.819207252540195,"macd_signal":6.77810930751617,"macd_histogram":4.041097945024026,"macd_crossover":null,"bb_upper":448.9648396423309,"bb_lower":348.81316328735664,"bb_width":25.10765550997554,"bb_pct_b":0.8031501782111536,"atr":10.285107120924744,"atr_pct":2.3960645593301675,"rs_vs_bench":2.035632037784941},"AMZN":{"current":259.70001220703125,"sma_20":238.97800064086914,"sma_50":221.08959991455077,"sma_200":226.77180000305177,"rsi":73.73002273915138,"avg_vol_20":45678330.0,"current_vol":"42130700","vol_ratio":0.9223345074130337,"high_52w":263.989990234375,"low_52w":184.4199981689453,"off_high":-1.6250532921854466,"off_low":40.81987571061717,"trend_signals":["Death Cross","Above 20d","Above 50d"],"macd":12.211962005348653,"macd_signal":10.405194951248594,"macd_histogram":1.8067670541000584,"macd_crossover":null,"bb_upper":277.33307218508764,"bb_lower":200.62292909665064,"bb_width":32.09924883576012,"bb_pct_b":0.7701339188257318,"atr":6.299102214302928,"atr_pct":2.425530195694147,"rs_vs_bench":10.769312008219714},"NVDA":{"current":213.1699981689453,"sma_20":193.2375,"sma_50":186.22258850097657,"sma_200":183.33526420593262,"rsi":70.98935972926884,"avg_vol_20":150316620.0,"current_vol":"179828800","vol_ratio":1.196333446028789,"high_52w":216.61000061035156,"low_52w":108.89433288574219,"off_high":-1.5881087815489605,"off_low":95.75857854110258,"trend_signals":["Golden Cross","Above 20d","Above 50d"],"macd":8.039343219928526,"macd_signal":5.74882104519513,"macd_histogram":2.290522174733396,"macd_crossover":null,"bb_upper":219.15448028746744,"bb_lower":167.3205197125326,"bb_width":26.823965625168434,"bb_pct_b":0.8845451504738765,"atr":5.926612716235781,"atr_pct":2.7802283469265294,"rs_vs_bench":8.305909572295356},"AAPL":{"current":270.7099914550781,"sma_20":263.5429977416992,"sma_50":260.56159912109376,"sma_200":253.92299339294433,"rsi":58.26272251784794,"avg_vol_20":41760010.0,"current_vol":"39978600","vol_ratio":0.9573417247744912,"high_52w":285.9224548339844,"low_52w":194.67758178710938,"off_high":-5.320485719716938,"off_low":39.05555481530193,"trend_signals":["Golden Cross","Above 20d","Above 50d"],"macd":3.7905235598748277,"macd_signal":2.9565792862560616,"macd_histogram":0.8339442736187661,"macd_crossover":null,"bb_upper":277.19408050999067,"bb_lower":249.89191497340775,"bb_width":10.359662662463153,"bb_pct_b":0.7625064192719682,"atr":5.86974262423084,"atr_pct":2.168277052753286,"rs_vs_bench":-7.257669436748414},"GOOG":{"current":347.5,"sma_20":323.03799591064455,"sma_50":310.1177685546875,"sma_200":278.2090839385986,"rsi":71.34929773514351,"avg_vol_20":16599145.0,"current_vol":"18460400","vol_ratio":1.1121295705290846,"high_52w":348.5199890136719,"low_52w":152.27357482910156,"off_high":-0.2926629880135404,"off_low":128.20768501035283,"trend_signals":["Golden Cross","Above 20d","Above 50d"],"macd":11.307764151355002,"macd_signal":8.781224347205665,"macd_histogram":2.526539804149337,"macd_crossover":null,"bb_upper":361.2006690624962,"bb_lower":284.8753227587929,"bb_width":23.627358784387596,"bb_pct_b":0.8204964703601816,"atr":7.648216426024124,"atr_pct":2.2009255902227696,"rs_vs_bench":7.214639624233435}}