{"GOOG":{"current":337.7650146484375,"sma_20":306.21424713134763,"sma_50":307.1096179199219,"sma_200":273.3421255493164,"rsi":71.12310502027682,"avg_vol_20":18807407.45,"current_vol":"2599849","vol_ratio":0.13823537384999868,"high_52w":344.6571960449219,"low_52w":149.3437042236328,"off_high":-1.9997207299237887,"off_low":126.16622267695705,"trend_signals":["Golden Cross","Above 20d","Above 50d"],"macd":9.123066432208418,"macd_signal":4.287722219909716,"macd_histogram":4.835344212298702,"macd_crossover":null,"bb_upper":349.1633918088303,"bb_lower":263.265102453865,"bb_width":28.051695882758864,"bb_pct_b":0.8673037932887088,"atr":7.613886995063494,"atr_pct":2.2541964575544933,"rs_vs_bench":2.7447325998276373},"AMZN":{"current":247.42999267578125,"sma_20":223.52350006103515,"sma_50":214.73880004882812,"sma_200":225.7220499420166,"rsi":71.89426352975438,"avg_vol_20":44324482.8,"current_vol":"6264556","vol_ratio":0.14133398980123013,"high_52w":254.0,"low_52w":167.32000732421875,"off_high":-2.586617056779035,"off_low":47.87830614681486,"trend_signals":["Death Cross","Above 20d","Above 50d"],"macd":10.17017406750503,"macd_signal":6.546287689609357,"macd_histogram":3.6238863778956736,"macd_crossover":null,"bb_upper":260.77529610079034,"bb_lower":186.27170402127996,"bb_width":33.33143587102318,"bb_pct_b":0.8208770469648369,"atr":6.394461652094877,"atr_pct":2.5843518738141946,"rs_vs_bench":7.532705787056869},"NVDA":{"current":200.375,"sma_20":182.82224960327147,"sma_50":183.8620718383789,"sma_200":181.97308380126952,"rsi":69.05482376428577,"avg_vol_20":152912883.5,"current_vol":"20833470","vol_ratio":0.13624404643445234,"high_52w":207.01727294921875,"low_52w":96.88717651367188,"off_high":-3.208559775999028,"off_low":106.81271475769016,"trend_signals":["Golden Cross","Above 20d","Above 50d"],"macd":5.2093844549073935,"macd_signal":2.409629827903943,"macd_histogram":2.7997546270034506,"macd_crossover":null,"bb_upper":205.45725203190815,"bb_lower":160.1872471746348,"bb_width":24.761759006636407,"bb_pct_b":0.8877346700551191,"atr":4.99920196315761,"atr_pct":2.49492300095202,"rs_vs_bench":3.8701796433502356},"MSFT":{"current":420.4200134277344,"sma_20":381.85449981689453,"sma_50":392.6553967285156,"sma_200":470.10534896850584,"rsi":69.49583956062337,"avg_vol_20":33149384.85,"current_vol":"4145797","vol_ratio":0.1250640703819878,"high_52w":539.8252563476562,"low_52w":356.3916320800781,"off_high":-22.11923979396454,"off_low":17.965736449521806,"trend_signals":["Death Cross","Above 20d","Above 50d"],"macd":5.683112086777783,"macd_signal":-1.6901641932158966,"macd_histogram":7.3732762799936795,"macd_crossover":null,"bb_upper":422.9697838895222,"bb_lower":340.73921574426686,"bb_width":21.53452903781054,"bb_pct_b":0.9689924255748323,"atr":9.652451243035848,"atr_pct":2.295906696814518,"rs_vs_bench":-0.4423652253640711},"AAPL":{"current":273.93499755859375,"sma_20":257.68324890136716,"sma_50":260.5196990966797,"sma_200":252.13853073120117,"rsi":67.21034447594104,"avg_vol_20":40087094.25,"current_vol":"6396385","vol_ratio":0.15956220124385792,"high_52w":285.9224548339844,"low_52w":192.32176208496094,"off_high":-4.192555384413904,"off_low":42.435777724196896,"trend_signals":["Golden Cross","Above 20d","Above 50d"],"macd":2.942725791784767,"macd_signal":0.7783689618847411,"macd_histogram":2.1643568299000258,"macd_crossover":null,"bb_upper":271.5811074782945,"bb_lower":243.78539032443985,"bb_width":10.786776894641664,"bb_pct_b":1.0846853516054302,"atr":5.951344082331689,"atr_pct":2.172538790359825,"rs_vs_bench":-1.2877989247441555}}