{"AMZN":{"current":259.70001220703125,"sma_20":238.97800064086914,"sma_50":221.08959991455077,"sma_200":226.77180000305177,"rsi":73.73002273915138,"avg_vol_20":45675057.2,"current_vol":"42065244","vol_ratio":0.920967516598972,"high_52w":263.989990234375,"low_52w":184.4199981689453,"off_high":-1.6250532921854466,"off_low":40.81987571061717,"trend_signals":["Death Cross","Above 20d","Above 50d"],"macd":12.211962005348653,"macd_signal":10.405194951248594,"macd_histogram":1.8067670541000584,"macd_crossover":null,"bb_upper":277.33307218508764,"bb_lower":200.62292909665064,"bb_width":32.09924883576012,"bb_pct_b":0.7701339188257318,"atr":6.297674427612079,"atr_pct":2.4249804126276326,"rs_vs_bench":10.769312008219714},"GOOG":{"current":347.5,"sma_20":323.03799591064455,"sma_50":310.1177685546875,"sma_200":278.20908424377444,"rsi":71.34929772641897,"avg_vol_20":16528260.0,"current_vol":"17042700","vol_ratio":1.0311248733986518,"high_52w":348.5199890136719,"low_52w":152.27357482910156,"off_high":-0.2926629880135404,"off_low":128.20768501035283,"trend_signals":["Golden Cross","Above 20d","Above 50d"],"macd":11.307764152084587,"macd_signal":8.78122434827818,"macd_histogram":2.5265398038064077,"macd_crossover":null,"bb_upper":361.2006690624986,"bb_lower":284.8753227587905,"bb_width":23.627358784389077,"bb_pct_b":0.8204964703601615,"atr":7.648216425912221,"atr_pct":2.200925590190567,"rs_vs_bench":7.214639624233435},"NVDA":{"current":213.1699981689453,"sma_20":193.2375,"sma_50":186.22258850097657,"sma_200":183.33526458740235,"rsi":70.98935972825855,"avg_vol_20":150295951.4,"current_vol":"179415428","vol_ratio":1.1937475782198614,"high_52w":216.61000061035156,"low_52w":108.89433288574219,"off_high":-1.5881087815489605,"off_low":95.75857854110258,"trend_signals":["Golden Cross","Above 20d","Above 50d"],"macd":8.03934321983715,"macd_signal":5.748821045060799,"macd_histogram":2.290522174776351,"macd_crossover":null,"bb_upper":219.15448028746678,"bb_lower":167.32051971253324,"bb_width":26.823965625167755,"bb_pct_b":0.8845451504738862,"atr":5.926612716317643,"atr_pct":2.7802283469649316,"rs_vs_bench":8.305909572295356},"MSFT":{"current":429.25,"sma_20":398.8890014648438,"sma_50":395.0389245605469,"sma_200":467.93042495727536,"rsi":65.40266639164594,"avg_vol_20":32621997.1,"current_vol":"30312242","vol_ratio":0.9291963918419942,"high_52w":539.8252563476562,"low_52w":356.7699890136719,"off_high":-20.483527780042213,"off_low":20.315613201297207,"trend_signals":["Death Cross","Above 20d","Above 50d"],"macd":10.819207253316222,"macd_signal":6.77810930865714,"macd_histogram":4.041097944659082,"macd_crossover":null,"bb_upper":448.9648396423309,"bb_lower":348.81316328735664,"bb_width":25.10765550997554,"bb_pct_b":0.8031501782111536,"atr":10.284392137644959,"atr_pct":2.3958979936272473,"rs_vs_bench":2.035632037784941},"AAPL":{"current":270.7099914550781,"sma_20":263.5429977416992,"sma_50":260.56159912109376,"sma_200":253.92299362182618,"rsi":58.26272251830831,"avg_vol_20":41402082.75,"current_vol":"32820055","vol_ratio":0.7927150718039662,"high_52w":285.9224548339844,"low_52w":194.67758178710938,"off_high":-5.320485719716938,"off_low":39.05555481530193,"trend_signals":["Golden Cross","Above 20d","Above 50d"],"macd":3.790523559739597,"macd_signal":2.9565792860572118,"macd_histogram":0.8339442736823854,"macd_crossover":null,"bb_upper":277.1940805099899,"bb_lower":249.89191497340852,"bb_width":10.359662662462558,"bb_pct_b":0.7625064192719837,"atr":5.869027640861037,"atr_pct":2.1680129386118168,"rs_vs_bench":-7.257669436748414}}