{"AMZN":{"current":252.52000427246094,"sma_20":227.81850051879883,"sma_50":216.4236001586914,"sma_200":226.00404998779297,"rsi":75.43884012868021,"avg_vol_20":44802475.6,"current_vol":"13025012","vol_ratio":0.29072081007952155,"high_52w":254.0,"low_52w":173.17999267578125,"off_high":-0.5826754832830955,"off_low":45.81361297619178,"trend_signals":["Death Cross","Above 20d","Above 50d"],"macd":10.769801450731478,"macd_signal":8.030093879737462,"macd_histogram":2.7397075709940157,"macd_crossover":null,"bb_upper":267.17317727720945,"bb_lower":188.46382376038824,"bb_width":34.54914914178639,"bb_pct_b":0.8138318719436956,"atr":6.318839517531839,"atr_pct":2.5023124547051787,"rs_vs_bench":8.173475859929713},"NVDA":{"current":201.38999938964844,"sma_20":185.4279998779297,"sma_50":184.41257843017578,"sma_200":182.4002227783203,"rsi":68.91544411912275,"avg_vol_20":149114711.7,"current_vol":"47949734","vol_ratio":0.32156273149271025,"high_52w":207.01727294921875,"low_52w":98.86669921875,"off_high":-2.7182628190405542,"off_low":103.69851626588435,"trend_signals":["Golden Cross","Above 20d","Above 50d"],"macd":5.848409099743151,"macd_signal":3.6242415797762835,"macd_histogram":2.2241675199668673,"macd_crossover":null,"bb_upper":210.07655676810396,"bb_lower":160.77944298775543,"bb_width":26.585582443213333,"bb_pct_b":0.8237917656364241,"atr":4.807303443756593,"atr_pct":2.3870616506907303,"rs_vs_bench":1.6069856830186708},"MSFT":{"current":432.4526062011719,"sma_20":386.78063049316404,"sma_50":393.4829559326172,"sma_200":469.4226399230957,"rsi":72.94453376300301,"avg_vol_20":32970432.05,"current_vol":"12650041","vol_ratio":0.3836783509787218,"high_52w":539.8251953125,"low_52w":356.7699890136719,"off_high":-19.89025151913687,"off_low":21.213280129512167,"trend_signals":["Death Cross","Above 20d","Above 50d"],"macd":9.113862726725188,"macd_signal":1.8689885602435272,"macd_histogram":7.244874166481661,"macd_crossover":null,"bb_upper":436.27105002451367,"bb_lower":337.2902109618144,"bb_width":25.590950337015038,"bb_pct_b":0.9614223938744042,"atr":9.714600400952653,"atr_pct":2.2463965441876734,"rs_vs_bench":5.448584923834467},"GOOG":{"current":335.489990234375,"sma_20":309.9829956054688,"sma_50":307.44063354492187,"sma_200":274.87357421875,"rsi":66.19761393636648,"avg_vol_20":17804063.2,"current_vol":"4621064","vol_ratio":0.2595510894389546,"high_52w":344.6571960449219,"low_52w":152.27357482910156,"off_high":-2.6598039779073814,"off_low":120.32055831807942,"trend_signals":["Golden Cross","Above 20d","Above 50d"],"macd":9.256569201279035,"macd_signal":6.002936074630654,"macd_histogram":3.2536331266483813,"macd_crossover":null,"bb_upper":354.5592334773662,"bb_lower":265.40675773357134,"bb_width":28.760440736324703,"bb_pct_b":0.7861052866575222,"atr":7.559113822888074,"atr_pct":2.253156291669757,"rs_vs_bench":4.747101920027852},"AAPL":{"current":273.3399963378906,"sma_20":259.45799865722654,"sma_50":260.2425994873047,"sma_200":252.72057998657226,"rsi":62.867990630111194,"avg_vol_20":40759080.55,"current_vol":"18668811","vol_ratio":0.4580282662926753,"high_52w":285.9224548339844,"low_52w":194.67758178710938,"off_high":-4.400654192550048,"off_low":40.4065089717433,"trend_signals":["Golden Cross","Above 20d","Above 50d"],"macd":3.507614429598732,"macd_signal":1.658873306316436,"macd_histogram":1.848741123282296,"macd_crossover":null,"bb_upper":274.4581328779224,"bb_lower":244.45786443653066,"bb_width":11.562668561637032,"bb_pct_b":0.9627291155005436,"atr":6.162861449484078,"atr_pct":2.254650447081233,"rs_vs_bench":-2.9008477576607277}}