{"AMZN":{"current":258.0108947753906,"sma_20":230.27554473876953,"sma_50":217.5014178466797,"sma_200":226.2115044403076,"rsi":78.06517267559832,"avg_vol_20":44825184.7,"current_vol":"13799994","vol_ratio":0.3078625128342193,"high_52w":258.0108947753906,"low_52w":180.60000610351562,"off_high":0.0,"off_low":42.863170573485434,"trend_signals":["Death Cross","Above 20d","Above 50d"],"macd":11.482012611486994,"macd_signal":8.756725976780132,"macd_histogram":2.725286634706862,"macd_crossover":null,"bb_upper":271.408144129444,"bb_lower":189.14294534809508,"bb_width":35.72467882973533,"bb_pct_b":0.8371456028488832,"atr":6.372341533381934,"atr_pct":2.4697955250801815,"rs_vs_bench":9.86647832821008},"NVDA":{"current":203.06039428710938,"sma_20":186.70251998901367,"sma_50":184.725390625,"sma_200":182.6212077331543,"rsi":70.27599455856708,"avg_vol_20":145924210.6,"current_vol":"39202112","vol_ratio":0.2686470726057846,"high_52w":207.01727294921875,"low_52w":102.68579864501953,"off_high":-1.9113760923128358,"off_low":97.74924767258283,"trend_signals":["Golden Cross","Above 20d","Above 50d"],"macd":6.181958521589081,"macd_signal":4.149952478825648,"macd_histogram":2.0320060427634328,"macd_crossover":null,"bb_upper":212.4764946453635,"bb_lower":160.92854533266384,"bb_width":27.609669818989552,"bb_pct_b":0.8173331726324502,"atr":4.721506999068888,"atr_pct":2.325173757120306,"rs_vs_bench":4.130172887293204},"MSFT":{"current":422.55828857421875,"sma_20":389.37991485595705,"sma_50":393.6968927001953,"sma_200":469.06901092529296,"rsi":64.434478611254,"avg_vol_20":32982553.95,"current_vol":"14737479","vol_ratio":0.4468264956783312,"high_52w":539.8252563476562,"low_52w":356.7699890136719,"off_high":-21.723134735644095,"off_low":18.43997577891166,"trend_signals":["Death Cross","Above 20d","Above 50d"],"macd":9.749371836199884,"macd_signal":3.4510309480428742,"macd_histogram":6.298340888157011,"macd_crossover":null,"bb_upper":440.830952526595,"bb_lower":337.9288771853191,"bb_width":26.427165710214506,"bb_pct_b":0.822426672234017,"atr":10.277386516708715,"atr_pct":2.432181972192833,"rs_vs_bench":1.0103875209058533},"GOOG":{"current":340.1199951171875,"sma_20":312.6214965820312,"sma_50":307.91971984863284,"sma_200":275.7115422821045,"rsi":68.49162969575346,"avg_vol_20":17321624.0,"current_vol":"4344980","vol_ratio":0.2508413760742064,"high_52w":344.6571960449219,"low_52w":152.27359008789062,"off_high":-1.3164387628636676,"off_low":123.36111923339695,"trend_signals":["Golden Cross","Above 20d","Above 50d"],"macd":9.90039711410617,"macd_signal":6.811018841334715,"macd_histogram":3.089378272771455,"macd_crossover":null,"bb_upper":358.29969667625386,"bb_lower":266.9432964878086,"bb_width":29.222686599375784,"bb_pct_b":0.8010024309017627,"atr":7.333457726679974,"atr_pct":2.156138372327463,"rs_vs_bench":6.699085070961862},"AAPL":{"current":273.7250061035156,"sma_20":260.50475006103517,"sma_50":260.24010009765624,"sma_200":253.04149078369142,"rsi":63.17982174820214,"avg_vol_20":40994559.5,"current_vol":"8603690","vol_ratio":0.20987394680994195,"high_52w":285.9224548339844,"low_52w":194.67758178710938,"off_high":-4.265998883351423,"off_low":40.60427687192506,"trend_signals":["Golden Cross","Above 20d","Above 50d"],"macd":3.9432184992957104,"macd_signal":2.113572739032236,"macd_histogram":1.8296457602634746,"macd_crossover":null,"bb_upper":276.3922098959383,"bb_lower":244.617290226132,"bb_width":12.197443487061783,"bb_pct_b":0.9160594638746743,"atr":5.936701275631617,"atr_pct":2.1688560209170338,"rs_vs_bench":-6.213397937286569}}