{"AAPL":{"current":271.3500061035156,"sma_20":265.14799880981445,"sma_50":260.8273992919922,"sma_200":254.54828018188476,"rsi":58.74758807889671,"avg_vol_20":42972297.0,"current_vol":"83815040","vol_ratio":1.9504435613483728,"high_52w":285.9224548339844,"low_52w":194.67758178710938,"off_high":-5.096643682263421,"off_low":39.38431102983998,"trend_signals":["Golden Cross","Above 20d","Above 50d"],"macd":3.707972401889549,"macd_signal":3.22823672443343,"macd_histogram":0.479735677456119,"macd_crossover":null,"bb_upper":277.9688854245565,"bb_lower":252.3271121950724,"bb_width":9.670739867765871,"bb_pct_b":0.7418712324688145,"atr":5.883603750812674,"atr_pct":2.168271095806858,"rs_vs_bench":-8.118263336444054},"GOOG":{"current":381.94000244140625,"sma_20":330.41249694824216,"sma_50":312.5761114501953,"sma_200":280.02989639282225,"rsi":82.49583017311531,"avg_vol_20":17133834.2,"current_vol":"44448384","vol_ratio":2.5941878204937923,"high_52w":381.94000244140625,"low_52w":152.27359008789062,"off_high":0.0,"off_low":150.82484902401967,"trend_signals":["Golden Cross","Above 20d","Above 50d"],"macd":14.212806203261664,"macd_signal":10.296291438159717,"macd_histogram":3.9165147651019474,"macd_crossover":null,"bb_upper":370.90464362248235,"bb_lower":289.920350274002,"bb_width":24.51005760873695,"bb_pct_b":1.1362654208938772,"atr":9.845095376311619,"atr_pct":2.577654949306328,"rs_vs_bench":15.561129396705175},"NVDA":{"current":199.57000732421875,"sma_20":196.1710006713867,"sma_50":186.9403924560547,"sma_200":183.70579238891602,"rsi":54.12313369022228,"avg_vol_20":147995722.15,"current_vol":"223736943","vol_ratio":1.5117797984270993,"high_52w":216.61000061035156,"low_52w":111.58370208740234,"off_high":-7.86666970043787,"off_low":78.85229078337773,"trend_signals":["Golden Cross","Above 20d","Above 50d"],"macd":7.112021231341799,"macd_signal":6.382210122650965,"macd_histogram":0.7298111086908348,"macd_crossover":null,"bb_upper":219.8097505641083,"bb_lower":172.53225077866512,"bb_width":24.10014712859597,"bb_pct_b":0.5718948055260444,"atr":6.3095285090362445,"atr_pct":3.161561495954585,"rs_vs_bench":-1.643966537511865},"AMZN":{"current":265.05999755859375,"sma_20":244.44100036621094,"sma_50":223.53280029296874,"sma_200":227.15209999084473,"rsi":76.54632432060447,"avg_vol_20":48905372.1,"current_vol":"96524742","vol_ratio":1.9737042753223424,"high_52w":265.05999755859375,"low_52w":185.00999450683594,"off_high":0.0,"off_low":43.26793439734956,"trend_signals":["Death Cross","Above 20d","Above 50d"],"macd":12.374535766832167,"macd_signal":11.10084075985695,"macd_histogram":1.2736950069752169,"macd_crossover":null,"bb_upper":279.6849562642783,"bb_lower":209.1970444681436,"bb_width":28.83637020407083,"bb_pct_b":0.7925182015891904,"atr":7.240908380492584,"atr_pct":2.7317997612566645,"rs_vs_bench":12.209940998844248},"MSFT":{"current":407.7799987792969,"sma_20":403.5240005493164,"sma_50":395.7907995605469,"sma_200":467.0765579223633,"rsi":51.12254836015274,"avg_vol_20":34337603.0,"current_vol":"70559560","vol_ratio":2.0548772725923823,"high_52w":539.8252563476562,"low_52w":356.7699890136719,"off_high":-24.460740955647335,"off_low":14.297730004322261,"trend_signals":["Death Cross","Above 20d","Above 50d"],"macd":9.243611187931776,"macd_signal":7.906796757348452,"macd_histogram":1.336814430583324,"macd_crossover":null,"bb_upper":450.58087425948696,"bb_lower":356.4671268391458,"bb_width":23.322961531959514,"bb_pct_b":0.5452218549004524,"atr":11.351850731618944,"atr_pct":2.7838174421504465,"rs_vs_bench":-4.957752996631903}}