{"AMZN":{"current":248.5,"sma_20":217.33899993896483,"sma_50":213.67100036621093,"sma_200":225.2824500274658,"rsi":75.64445286969713,"avg_vol_20":46197136.75,"current_vol":"42574235","vol_ratio":0.9215773529514251,"high_52w":254.0,"low_52w":167.32000732421875,"off_high":-2.1653543307086616,"off_low":48.51780368290173,"trend_signals":["Death Cross","Above 20d","Above 50d"],"macd":8.162611953040198,"macd_signal":3.4128470829026174,"macd_histogram":4.7497648701375805,"macd_crossover":null,"bb_upper":248.3664040862986,"bb_lower":186.31159579163108,"bb_width":28.552081454361307,"bb_pct_b":1.0021528696546291,"atr":6.663670273441393,"atr_pct":2.681557454101164,"rs_vs_bench":11.127483445185636},"GOOG":{"current":334.4700012207031,"sma_20":301.2584976196289,"sma_50":307.00416259765626,"sma_200":270.95674942016603,"rsi":71.9160168520586,"avg_vol_20":20196318.75,"current_vol":"15055975","vol_ratio":0.7454811535889431,"high_52w":344.6571960449219,"low_52w":149.3437042236328,"off_high":-2.9557470266458536,"off_low":123.95989369585698,"trend_signals":["Golden Cross","Above 20d","Above 50d"],"macd":5.773108463841538,"macd_signal":0.4891370284914407,"macd_histogram":5.2839714353500975,"macd_crossover":null,"bb_upper":335.36115326415,"bb_lower":267.15584197510776,"bb_width":22.640128603163504,"bb_pct_b":0.9869342720294856,"atr":8.111743129953128,"atr_pct":2.4252528179950343,"rs_vs_bench":1.91771858117895},"NVDA":{"current":198.8699951171875,"sma_20":179.38499908447267,"sma_50":182.38160186767578,"sma_200":181.31336959838868,"rsi":69.77215316412544,"avg_vol_20":165236728.0,"current_vol":"177529760","vol_ratio":1.0743964864760576,"high_52w":207.01727294921875,"low_52w":96.88717651367188,"off_high":-3.935554611440454,"off_low":105.25935657658958,"trend_signals":["Golden Cross","Above 20d","Above 50d"],"macd":3.1354269124872474,"macd_signal":0.21981089518798136,"macd_histogram":2.915616017299266,"macd_crossover":null,"bb_upper":196.66904338587113,"bb_lower":162.1009547830742,"bb_width":19.27033407432177,"bb_pct_b":1.0636700442597884,"atr":5.364766286149899,"atr_pct":2.6976247889927385,"rs_vs_bench":2.959208237813482},"AAPL":{"current":266.42999267578125,"sma_20":254.64949951171874,"sma_50":260.79063232421873,"sma_200":251.21836837768555,"rsi":62.2587872256496,"avg_vol_20":42471692.85,"current_vol":"49686657","vol_ratio":1.1698770090347363,"high_52w":285.9224548339844,"low_52w":192.32179260253906,"off_high":-6.81739465671595,"off_low":38.53343870728033,"trend_signals":["Golden Cross","Above 20d","Above 50d"],"macd":0.9645572954808586,"macd_signal":-0.5936011295146753,"macd_histogram":1.5581584249955338,"macd_crossover":null,"bb_upper":265.00306061665805,"bb_lower":244.2959384067794,"bb_width":8.131617085281453,"bb_pct_b":1.0689102060952953,"atr":5.896770586813127,"atr_pct":2.213253293141403,"rs_vs_bench":-0.6815725386337901},"MSFT":{"current":411.2200012207031,"sma_20":376.8149978637695,"sma_50":391.71187377929687,"sma_200":471.1479937744141,"rsi":67.25830773306197,"avg_vol_20":33461872.95,"current_vol":"43012959","vol_ratio":1.2854319022808913,"high_52w":539.8252563476562,"low_52w":356.3916320800781,"off_high":-23.823497254846714,"off_low":15.384303166889602,"trend_signals":["Death Cross","Above 20d","Above 50d"],"macd":-1.8703560716716083,"macd_signal":-7.037158555660558,"macd_histogram":5.16680248398895,"macd_crossover":null,"bb_upper":402.087598283843,"bb_lower":351.542397443696,"bb_width":13.413797520453441,"bb_pct_b":1.1806779434063783,"atr":9.824558442831945,"atr_pct":2.389124656793888,"rs_vs_bench":-2.3198645493604175}}