{"GOOG":{"current":334.4700012207031,"sma_20":301.2584976196289,"sma_50":307.00416259765626,"sma_200":270.95674934387205,"rsi":71.91601686804839,"avg_vol_20":20192004.65,"current_vol":"14969693","vol_ratio":0.7413673510618968,"high_52w":344.6571960449219,"low_52w":149.3437042236328,"off_high":-2.9557470266458536,"off_low":123.95989369585698,"trend_signals":["Golden Cross","Above 20d","Above 50d"],"macd":5.773108462383675,"macd_signal":0.4891370263499697,"macd_histogram":5.283971436033705,"macd_crossover":null,"bb_upper":335.3611532641476,"bb_lower":267.15584197511015,"bb_width":22.64012860316192,"bb_pct_b":0.9869342720295197,"atr":8.111743130171021,"atr_pct":2.42525281806018,"rs_vs_bench":1.91771858117895},"AMZN":{"current":248.5,"sma_20":217.33899993896483,"sma_50":213.67100036621093,"sma_200":225.2824500274658,"rsi":75.64445286969713,"avg_vol_20":46197136.75,"current_vol":"42574235","vol_ratio":0.9215773529514251,"high_52w":254.0,"low_52w":167.32000732421875,"off_high":-2.1653543307086616,"off_low":48.51780368290173,"trend_signals":["Death Cross","Above 20d","Above 50d"],"macd":8.162611953040198,"macd_signal":3.4128470829026174,"macd_histogram":4.7497648701375805,"macd_crossover":null,"bb_upper":248.3664040862986,"bb_lower":186.31159579163108,"bb_width":28.552081454361307,"bb_pct_b":1.0021528696546291,"atr":6.663670273441393,"atr_pct":2.681557454101164,"rs_vs_bench":11.127483445185636},"NVDA":{"current":198.8699951171875,"sma_20":179.38499908447267,"sma_50":182.38160186767578,"sma_200":181.31336975097656,"rsi":69.77215316200792,"avg_vol_20":165236728.0,"current_vol":"177529760","vol_ratio":1.0743964864760576,"high_52w":207.01727294921875,"low_52w":96.88717651367188,"off_high":-3.935554611440454,"off_low":105.25935657658958,"trend_signals":["Golden Cross","Above 20d","Above 50d"],"macd":3.135426912307281,"macd_signal":0.21981089492344413,"macd_histogram":2.915616017383837,"macd_crossover":null,"bb_upper":196.66904338587017,"bb_lower":162.10095478307517,"bb_width":19.270334074320694,"bb_pct_b":1.06367004425982,"atr":5.364766286311139,"atr_pct":2.6976247890738168,"rs_vs_bench":2.959208237813482},"AAPL":{"current":266.42999267578125,"sma_20":254.64949951171874,"sma_50":260.79063232421873,"sma_200":251.21836799621582,"rsi":62.25878722752749,"avg_vol_20":42247764.8,"current_vol":"45208096","vol_ratio":1.0700707176820867,"high_52w":285.9224548339844,"low_52w":192.32177734375,"off_high":-6.81739465671595,"off_low":38.53344969850841,"trend_signals":["Golden Cross","Above 20d","Above 50d"],"macd":0.9645572952205157,"macd_signal":-0.5936011298974363,"macd_histogram":1.558158425117952,"macd_crossover":null,"bb_upper":265.00306061666043,"bb_lower":244.29593840677705,"bb_width":8.131617085283317,"bb_pct_b":1.0689102060951643,"atr":5.896770586597993,"atr_pct":2.213253293060656,"rs_vs_bench":-0.6815725386337901},"MSFT":{"current":411.2200012207031,"sma_20":376.8149978637695,"sma_50":391.71187377929687,"sma_200":471.1479942321777,"rsi":67.25830772759276,"avg_vol_20":33461872.95,"current_vol":"43012959","vol_ratio":1.2854319022808913,"high_52w":539.8251953125,"low_52w":356.3916320800781,"off_high":-23.823488641975754,"off_low":15.384303166889602,"trend_signals":["Death Cross","Above 20d","Above 50d"],"macd":-1.8703560732204778,"macd_signal":-7.037158557936818,"macd_histogram":5.1668024847163405,"macd_crossover":null,"bb_upper":402.08759828384575,"bb_lower":351.5423974436933,"bb_width":13.41379752045489,"bb_pct_b":1.1806779434063048,"atr":9.824558442883506,"atr_pct":2.3891246568064264,"rs_vs_bench":-2.3198645493604175}}