{"GOOG":{"current":331.7882995605469,"sma_20":301.1244125366211,"sma_50":306.9505285644531,"sma_200":270.94334114074707,"rsi":70.75150398257689,"avg_vol_20":19752418.85,"current_vol":"6223677","vol_ratio":0.31508429662527127,"high_52w":344.6571960449219,"low_52w":149.3437042236328,"off_high":-3.733824980894261,"off_low":122.1642360388455,"trend_signals":["Golden Cross","Above 20d","Above 50d"],"macd":5.55918352965125,"macd_signal":0.446352022048903,"macd_histogram":5.112831507602347,"macd_crossover":null,"bb_upper":334.69417677848725,"bb_lower":267.55464829475494,"bb_width":22.296275455769354,"bb_pct_b":0.956718831907727,"atr":7.937457243086131,"atr_pct":2.3923258456067567,"rs_vs_bench":1.9460138123740922},"NVDA":{"current":197.06979370117188,"sma_20":179.29498901367188,"sma_50":182.34559783935546,"sma_200":181.30436866760255,"rsi":68.48902090530596,"avg_vol_20":161711687.05,"current_vol":"107644941","vol_ratio":0.6656596252484647,"high_52w":207.01727294921875,"low_52w":96.88717651367188,"off_high":-4.805144569017189,"off_low":103.40131768971833,"trend_signals":["Golden Cross","Above 20d","Above 50d"],"macd":2.9918210673864962,"macd_signal":0.19108968279443012,"macd_histogram":2.800731384592066,"macd_crossover":null,"bb_upper":196.16558781871433,"bb_lower":162.42439020862943,"bb_width":18.818817969035383,"bb_pct_b":1.0267982747057944,"atr":5.336195268497662,"atr_pct":2.7077692467620067,"rs_vs_bench":2.8651238591291595},"AAPL":{"current":265.3100891113281,"sma_20":254.5935043334961,"sma_50":260.7682342529297,"sma_200":251.21276893615723,"rsi":61.13726422486674,"avg_vol_20":41174021.15,"current_vol":"23889323","vol_ratio":0.580203787066836,"high_52w":285.9224548339844,"low_52w":192.32177734375,"off_high":-7.209075528756369,"off_low":37.9511424944462,"trend_signals":["Golden Cross","Above 20d","Above 50d"],"macd":0.8752202242101248,"macd_signal":-0.6114685879727403,"macd_histogram":1.486688812182865,"macd_crossover":null,"bb_upper":264.6876665140354,"bb_lower":244.49934215295679,"bb_width":7.92963057479802,"bb_pct_b":1.0308308201394212,"atr":5.821056434900999,"atr_pct":2.194057698445986,"rs_vs_bench":-0.22583148673573916},"AMZN":{"current":247.94000244140625,"sma_20":217.31100006103514,"sma_50":213.65980041503906,"sma_200":225.27965003967284,"rsi":74.91840723789358,"avg_vol_20":45139870.6,"current_vol":"21614112","vol_ratio":0.4788252981832872,"high_52w":254.0,"low_52w":167.32000732421875,"off_high":-2.3858258104699805,"off_low":48.18311713372616,"trend_signals":["Death Cross","Above 20d","Above 50d"],"macd":8.117939759947461,"macd_signal":3.4039126148363974,"macd_histogram":4.714027145111064,"macd_crossover":null,"bb_upper":248.22079015743535,"bb_lower":186.40120996463494,"bb_width":28.447515392887347,"bb_pct_b":0.9954579485148008,"atr":6.66367024437839,"atr_pct":2.687614010955398,"rs_vs_bench":11.764462763838624},"MSFT":{"current":408.05999755859375,"sma_20":376.65699768066406,"sma_50":391.6486737060547,"sma_200":471.1321939086914,"rsi":65.92547033898387,"avg_vol_20":32419885.35,"current_vol":"22342707","vol_ratio":0.6891667493204136,"high_52w":539.8251953125,"low_52w":356.3916015625,"off_high":-24.40886399858172,"off_low":14.497646905698119,"trend_signals":["Death Cross","Above 20d","Above 50d"],"macd":-2.1224361991737624,"macd_signal":-7.08757466157285,"macd_histogram":4.9651384623990875,"macd_crossover":null,"bb_upper":401.0480747624547,"bb_lower":352.26592059887344,"bb_width":12.951346839157774,"bb_pct_b":1.1437395071284875,"atr":9.47313758201394,"atr_pct":2.3215060625131927,"rs_vs_bench":-2.222609988392721}}