{"GOOG":{"current":381.5400085449219,"sma_20":334.76649780273436,"sma_50":314.1399859619141,"sma_200":281.0208108520508,"rsi":82.09344325163187,"avg_vol_20":17535249.7,"current_vol":"21400594","vol_ratio":1.2204328062690777,"high_52w":381.94000244140625,"low_52w":152.2735595703125,"off_high":-0.10472689268669584,"off_low":150.56221816942903,"trend_signals":["Golden Cross","Above 20d","Above 50d"],"macd":16.174967601735773,"macd_signal":11.472026671626296,"macd_histogram":4.702940930109477,"macd_crossover":null,"bb_upper":377.63830070119934,"bb_lower":291.8946949042694,"bb_width":25.612958990733752,"bb_pct_b":1.045504359275059,"atr":9.712590045901246,"atr_pct":2.545628198453453,"rs_vs_bench":13.59525351924005},"MSFT":{"current":415.55499267578125,"sma_20":405.6287506103516,"sma_50":396.13269958496096,"sma_200":466.6408343505859,"rsi":55.015083436572255,"avg_vol_20":34281608.75,"current_vol":"22754975","vol_ratio":0.6637662533850603,"high_52w":539.8251953125,"low_52w":356.7699890136719,"off_high":-23.020452493844758,"off_low":16.477003523930556,"trend_signals":["Death Cross","Above 20d","Above 50d"],"macd":8.577864409061362,"macd_signal":8.041010286906557,"macd_histogram":0.5368541221548053,"macd_crossover":null,"bb_upper":450.74954788860816,"bb_lower":360.507953332095,"bb_width":22.247336861779697,"bb_pct_b":0.6099963061846545,"atr":11.207431863104327,"atr_pct":2.696979235152263,"rs_vs_bench":-3.139852949224764},"AMZN":{"current":268.8900146484375,"sma_20":247.39700088500976,"sma_50":224.81340057373046,"sma_200":227.3806000518799,"rsi":78.41038424205497,"avg_vol_20":49396992.55,"current_vol":"36940451","vol_ratio":0.7478279363386061,"high_52w":268.8900146484375,"low_52w":185.00999450683594,"off_high":0.0,"off_low":45.33810206588719,"trend_signals":["Death Cross","Above 20d","Above 50d"],"macd":12.604252884269755,"macd_signal":11.401523184739512,"macd_histogram":1.2027296995302432,"macd_crossover":null,"bb_upper":280.23172441068346,"bb_lower":214.5622773593361,"bb_width":26.54415648388177,"bb_pct_b":0.8272909203365486,"atr":7.47663593179828,"atr_pct":2.780555440697071,"rs_vs_bench":11.779481502973766},"AAPL":{"current":280.82000732421875,"sma_20":266.39299926757815,"sma_50":261.23219970703127,"sma_200":254.90476837158204,"rsi":66.91327663037487,"avg_vol_20":44810104.15,"current_vol":"61726283","vol_ratio":1.3775081350709157,"high_52w":285.9224548339844,"low_52w":194.67758178710938,"off_high":-1.7845564150350723,"off_low":44.24876493037131,"trend_signals":["Golden Cross","Above 20d","Above 50d"],"macd":4.415497750965699,"macd_signal":3.4656889296034974,"macd_histogram":0.9498088213622013,"macd_crossover":null,"bb_upper":280.2360078909288,"bb_lower":252.5499906442275,"bb_width":10.392922232499107,"bb_pct_b":1.0210936599542686,"atr":6.600181866398473,"atr_pct":2.3503246543179097,"rs_vs_bench":-6.101191191948274},"NVDA":{"current":198.4199981689453,"sma_20":197.22250061035157,"sma_50":187.15099578857422,"sma_200":183.84118492126464,"rsi":52.95336426804427,"avg_vol_20":145609752.3,"current_vol":"94470446","vol_ratio":0.6487920246259494,"high_52w":216.61000061035156,"low_52w":111.58370208740234,"off_high":-8.397582009210783,"off_low":77.82166611887908,"trend_signals":["Golden Cross","Above 20d","Above 50d"],"macd":6.240779855380708,"macd_signal":6.353924069194496,"macd_histogram":-0.11314421381378725,"macd_crossover":"bearish","bb_upper":219.1528871070389,"bb_lower":175.29211411366424,"bb_width":22.23923378805012,"bb_pct_b":0.5273022447364214,"atr":6.278848250020321,"atr_pct":3.1644230964432203,"rs_vs_bench":-2.886735073379908}}