{"GOOG":{"current":330.5799865722656,"sma_20":300.00549774169923,"sma_50":307.2079064941406,"sma_200":270.1737464904785,"rsi":70.19464025110518,"avg_vol_20":20158275.85,"current_vol":"18429017","vol_ratio":0.9142159347918636,"high_52w":344.6571960449219,"low_52w":149.3437042236328,"off_high":-4.084408982083594,"off_low":121.35515406611508,"trend_signals":["Golden Cross","Above 20d","Above 50d"],"macd":4.039984937852466,"macd_signal":-0.8318558548514283,"macd_histogram":4.871840792703894,"macd_crossover":null,"bb_upper":330.6348635442833,"bb_lower":269.37613193911517,"bb_width":20.41920300337665,"bb_pct_b":0.9991041771421033,"atr":8.255779122576733,"atr_pct":2.497362047890337,"rs_vs_bench":2.518800162998591},"AMZN":{"current":249.02000427246094,"sma_20":215.67399978637695,"sma_50":213.5602005004883,"sma_200":225.1564500427246,"rsi":76.33136168089538,"avg_vol_20":46183662.65,"current_vol":"70019853","vol_ratio":1.5161173666679726,"high_52w":254.0,"low_52w":167.32000732421875,"off_high":-1.9606282391886072,"off_low":48.828587958360984,"trend_signals":["Death Cross","Above 20d","Above 50d"],"macd":6.8697990354248475,"macd_signal":2.2254058285586313,"macd_histogram":4.644393206866216,"macd_crossover":null,"bb_upper":243.01568566751163,"bb_lower":188.33231390524227,"bb_width":25.354642570005065,"bb_pct_b":1.1098015431647577,"atr":6.927029071394877,"atr_pct":2.7817159073757733,"rs_vs_bench":11.392368544306784},"NVDA":{"current":196.50999450683594,"sma_20":178.53799896240236,"sma_50":182.116201171875,"sma_200":181.10763854980468,"rsi":68.0675106824823,"avg_vol_20":165376780.95,"current_vol":"159140019","vol_ratio":0.962287559872836,"high_52w":207.01727294921875,"low_52w":96.88717651367188,"off_high":-5.07555639811768,"off_low":102.82353308036194,"trend_signals":["Golden Cross","Above 20d","Above 50d"],"macd":2.0586008830100013,"macd_signal":-0.5090931630789057,"macd_histogram":2.5676940460889073,"macd_crossover":null,"bb_upper":193.27406376638766,"bb_lower":163.80193415841705,"bb_width":16.507482877175644,"bb_pct_b":1.1097962985197085,"atr":5.418979942300966,"atr_pct":2.7576103474535785,"rs_vs_bench":3.6908242103134805},"MSFT":{"current":393.1099853515625,"sma_20":376.22449798583983,"sma_50":391.9355914306641,"sma_200":471.55727188110353,"rsi":57.797823669365215,"avg_vol_20":32597405.5,"current_vol":"36999810","vol_ratio":1.135053831201382,"high_52w":539.8251953125,"low_52w":356.3916015625,"off_high":-27.178281272330274,"off_low":10.30281960295387,"trend_signals":["Death Cross","Above 20d","Above 50d"],"macd":-4.890133162207803,"macd_signal":-8.328859277168476,"macd_histogram":3.438726114960673,"macd_crossover":null,"bb_upper":398.4846904751233,"bb_lower":353.9643054965564,"bb_width":11.833462524878568,"bb_pct_b":0.8792754122376013,"atr":8.944915330165518,"atr_pct":2.275423078395219,"rs_vs_bench":-5.900579591511423},"AAPL":{"current":258.8299865722656,"sma_20":254.03949966430665,"sma_50":260.8571844482422,"sma_200":250.88856788635255,"rsi":53.0673568517616,"avg_vol_20":41155822.3,"current_vol":"39378346","vol_ratio":0.9568110609710744,"high_52w":285.9224548339844,"low_52w":192.32177734375,"off_high":-9.475460147909507,"off_low":34.5817359568391,"trend_signals":["Golden Cross","Above 20d","Below 50d"],"macd":0.23715435857803868,"macd_signal":-0.9831407910125076,"macd_histogram":1.2202951495905463,"macd_crossover":null,"bb_upper":262.78305125919553,"bb_lower":245.29594806941776,"bb_width":6.883615820723002,"bb_pct_b":0.773943994952766,"atr":5.678054799967914,"atr_pct":2.1937391703192763,"rs_vs_bench":-2.513866833297951}}