{"GOOG":{"current":336.52899169921875,"sma_20":304.12194671630857,"sma_50":306.91883239746096,"sma_200":272.5357260894775,"rsi":71.7905302871749,"avg_vol_20":19830911.6,"current_vol":"7965332","vol_ratio":0.4016624228207441,"high_52w":344.6571960449219,"low_52w":149.3437042236328,"off_high":-2.3583445925335367,"off_low":125.3385862153839,"trend_signals":["Golden Cross","Above 20d","Above 50d"],"macd":8.056514481971078,"macd_signal":3.033080979097858,"macd_histogram":5.02343350287322,"macd_crossover":null,"bb_upper":343.994881218156,"bb_lower":264.2490122144611,"bb_width":26.221675174953273,"bb_pct_b":0.9063789809777939,"atr":7.654351808802732,"atr_pct":2.274499968087148,"rs_vs_bench":0.8725004414074746},"AMZN":{"current":253.3000030517578,"sma_20":221.55750045776367,"sma_50":214.2988003540039,"sma_200":225.59819999694824,"rsi":77.74973351391556,"avg_vol_20":45806884.75,"current_vol":"24186295","vol_ratio":0.5280056727717115,"high_52w":254.0,"low_52w":167.32000732421875,"off_high":-0.2755893497016486,"off_low":51.386559863659464,"trend_signals":["Death Cross","Above 20d","Above 50d"],"macd":10.15648186688722,"macd_signal":5.684031248213374,"macd_histogram":4.472450618673845,"macd_crossover":null,"bb_upper":258.3440874330182,"bb_lower":184.7709134825091,"bb_width":33.20725942407653,"bb_pct_b":0.9314412562294317,"atr":6.593266583546854,"atr_pct":2.602947692108644,"rs_vs_bench":11.580265633888633},"NVDA":{"current":200.6750030517578,"sma_20":181.38824996948242,"sma_50":183.27188598632813,"sma_200":181.75230323791504,"rsi":70.66619532889588,"avg_vol_20":160496796.45,"current_vol":"91244329","vol_ratio":0.5685118396018926,"high_52w":207.01727294921875,"low_52w":96.88717651367188,"off_high":-3.063642857964173,"off_low":107.12235640744501,"trend_signals":["Golden Cross","Above 20d","Above 50d"],"macd":4.643385024506898,"macd_signal":1.693657118773572,"macd_histogram":2.949727905733326,"macd_crossover":null,"bb_upper":202.66324654301337,"bb_lower":160.11325339595146,"bb_width":23.457965526554624,"bb_pct_b":0.9532727658877931,"atr":5.131558277234954,"atr_pct":2.5571487226595084,"rs_vs_bench":4.440510440389065},"MSFT":{"current":428.8800048828125,"sma_20":380.2314987182617,"sma_50":392.2242669677734,"sma_200":470.47496826171874,"rsi":73.68569832919535,"avg_vol_20":34335259.55,"current_vol":"24937691","vol_ratio":0.7262997666781873,"high_52w":539.8252563476562,"low_52w":356.3916320800781,"off_high":-20.552067573769317,"off_low":20.339527159954997,"trend_signals":["Death Cross","Above 20d","Above 50d"],"macd":4.3468855758324025,"macd_signal":-3.436320984203482,"macd_histogram":7.783206560035884,"macd_crossover":null,"bb_upper":418.6897256154679,"bb_lower":341.7732718210555,"bb_width":20.228848491956427,"bb_pct_b":1.1324850375263251,"atr":9.916485850056024,"atr_pct":2.3121819010344424,"rs_vs_bench":0.5523711780164309},"AAPL":{"current":271.6693115234375,"sma_20":256.45796432495115,"sma_50":260.58282653808595,"sma_200":251.83502967834474,"rsi":65.3327257969733,"avg_vol_20":42513601.4,"current_vol":"27969828","vol_ratio":0.6579030493521069,"high_52w":285.9224548339844,"low_52w":192.32179260253906,"off_high":-4.984968151180256,"off_low":41.25768476216402,"trend_signals":["Golden Cross","Above 20d","Above 50d"],"macd":2.1753315787909173,"macd_signal":0.26024292954857914,"macd_histogram":1.9150886492423382,"macd_crossover":null,"bb_upper":269.06929292649124,"bb_lower":243.84663572341105,"bb_width":9.83500639938061,"bb_pct_b":1.1030826600073185,"atr":6.111454897537167,"atr_pct":2.2495933984100076,"rs_vs_bench":-2.209611608301598}}