{"NVDA":{"current":200.0749969482422,"sma_20":196.19625015258788,"sma_50":186.95049224853517,"sma_200":183.70831748962402,"rsi":54.615077788658205,"avg_vol_20":139720170.45,"current_vol":"60200209","vol_ratio":0.43086269366915164,"high_52w":216.61000061035156,"low_52w":108.89433288574219,"off_high":-7.633536593655863,"off_low":83.73315823346994,"trend_signals":["Golden Cross","Above 20d","Above 50d"],"macd":7.152305314883478,"macd_signal":6.390266953297667,"macd_histogram":0.7620383615858106,"macd_crossover":null,"bb_upper":219.85135997470596,"bb_lower":172.5411403304698,"bb_width":24.11372266668784,"bb_pct_b":0.5819853897280914,"atr":6.256670985355161,"atr_pct":3.1271628543239274,"rs_vs_bench":0.1322109393854234},"MSFT":{"current":402.3800048828125,"sma_20":403.2540008544922,"sma_50":395.6827996826172,"sma_200":467.04955795288083,"rsi":48.420439459112785,"avg_vol_20":31734235.3,"current_vol":"20002906","vol_ratio":0.6303257605202165,"high_52w":539.8252563476562,"low_52w":356.7699890136719,"off_high":-25.46106352910742,"off_low":12.78415149077822,"trend_signals":["Death Cross","Below 20d","Above 50d"],"macd":8.812842566083134,"macd_signal":7.820643188029219,"macd_histogram":0.9921993780539147,"macd_crossover":null,"bb_upper":450.2700041422386,"bb_lower":356.2379975667458,"bb_width":23.318307165270447,"bb_pct_b":0.4907053353053995,"atr":11.200422528931412,"atr_pct":2.7835435143437053,"rs_vs_bench":-4.912189521372713},"AMZN":{"current":259.44000244140625,"sma_20":244.16000061035157,"sma_50":223.420400390625,"sma_200":227.1240000152588,"rsi":70.00260903673387,"avg_vol_20":45588115.05,"current_vol":"32311001","vol_ratio":0.7087593107230259,"high_52w":263.989990234375,"low_52w":184.4199981689453,"off_high":-1.7235455741822596,"off_low":40.67888787404491,"trend_signals":["Death Cross","Above 20d","Above 50d"],"macd":11.926217091606333,"macd_signal":11.011177054773729,"macd_histogram":0.9150400368326039,"macd_crossover":null,"bb_upper":278.7961418524115,"bb_lower":209.52385936829168,"bb_width":28.371675258417778,"bb_pct_b":0.7205788705541426,"atr":7.148764930756251,"atr_pct":2.7554597839516974,"rs_vs_bench":11.02231848477777},"GOOG":{"current":366.239990234375,"sma_20":329.62749633789065,"sma_50":312.26211120605467,"sma_200":279.9513956451416,"rsi":78.68859823086338,"avg_vol_20":15554022.4,"current_vol":"13223748","vol_ratio":0.8501818796403431,"high_52w":366.239990234375,"low_52w":152.27357482910156,"off_high":0.0,"off_low":140.5144757686358,"trend_signals":["Golden Cross","Above 20d","Above 50d"],"macd":12.960383585427223,"macd_signal":10.045806925224122,"macd_histogram":2.9145766602031014,"macd_crossover":null,"bb_upper":366.3465353103045,"bb_lower":292.9084573654768,"bb_width":22.279111652005103,"bb_pct_b":0.9985491848519029,"atr":9.244452773280205,"atr_pct":2.5241516545924503,"rs_vs_bench":11.720831163744183},"AAPL":{"current":272.0450134277344,"sma_20":265.18274917602537,"sma_50":260.84129943847654,"sma_200":254.55175521850586,"rsi":59.42992601608637,"avg_vol_20":39262898.2,"current_vol":"9844464","vol_ratio":0.25073197474760023,"high_52w":285.9224548339844,"low_52w":194.67758178710938,"off_high":-4.85356822160319,"off_low":39.741315322701375,"trend_signals":["Golden Cross","Above 20d","Above 50d"],"macd":3.763414584930217,"macd_signal":3.2393251652738213,"macd_histogram":0.5240894196563959,"macd_crossover":null,"bb_upper":278.077967783612,"bb_lower":252.28753056843874,"bb_width":9.725533540665516,"bb_pct_b":0.7660778564727758,"atr":5.61646160160566,"atr_pct":2.0645339279845345,"rs_vs_bench":-6.3551913728425955}}