{"GOOG":{"current":382.4599914550781,"sma_20":330.4384963989258,"sma_50":312.5865112304688,"sma_200":280.0324963378906,"rsi":82.59879074024555,"avg_vol_20":16814516.55,"current_vol":"38062031","vol_ratio":2.2636411155098,"high_52w":382.4599914550781,"low_52w":152.27359008789062,"off_high":0.0,"off_low":151.1663324115012,"trend_signals":["Golden Cross","Above 20d","Above 50d"],"macd":14.254286808341021,"macd_signal":10.304587559175737,"macd_histogram":3.9496992491652847,"macd_crossover":null,"bb_upper":371.07037542728244,"bb_lower":289.80661737056914,"bb_width":24.59270301200217,"bb_pct_b":1.1401561569407972,"atr":9.845095376311658,"atr_pct":2.574150393837473,"rs_vs_bench":15.659081189110214},"AMZN":{"current":265.0350036621094,"sma_20":244.43975067138672,"sma_50":223.53230041503906,"sma_200":227.15197502136232,"rsi":76.53404705297588,"avg_vol_20":48385042.85,"current_vol":"86118157","vol_ratio":1.7798507953579294,"high_52w":265.0350036621094,"low_52w":185.00999450683594,"off_high":0.0,"off_low":43.25442491287496,"trend_signals":["Death Cross","Above 20d","Above 50d"],"macd":12.372541951727982,"macd_signal":11.100441996836112,"macd_histogram":1.2720999548918694,"macd_crossover":null,"bb_upper":279.68062982042284,"bb_lower":209.1988715223506,"bb_width":28.834000241157415,"bb_pct_b":0.7922068559019755,"atr":7.240908380492584,"atr_pct":2.7320573812672495,"rs_vs_bench":12.119387168182282},"NVDA":{"current":199.85499572753906,"sma_20":196.18525009155275,"sma_50":186.9460922241211,"sma_200":183.7072174835205,"rsi":54.39966489038202,"avg_vol_20":145966363.8,"current_vol":"183149776","vol_ratio":1.2547395936432855,"high_52w":216.61000061035156,"low_52w":111.58370208740234,"off_high":-7.735102181617276,"off_low":79.10769403491805,"trend_signals":["Golden Cross","Above 20d","Above 50d"],"macd":7.134755348911369,"macd_signal":6.386756946070587,"macd_histogram":0.747998402840782,"macd_crossover":null,"bb_upper":219.8329688899968,"bb_lower":172.53753129310869,"bb_width":24.107539978065123,"bb_pct_b":0.5775919585999935,"atr":6.309528509106382,"atr_pct":3.15705318555465,"rs_vs_bench":-1.5619490540779175},"AAPL":{"current":272.0299987792969,"sma_20":265.1819984436035,"sma_50":260.8409991455078,"sma_200":254.5516805267334,"rsi":59.41542370663695,"avg_vol_20":41006439.25,"current_vol":"44497885","vol_ratio":1.0851438411590444,"high_52w":285.9224548339844,"low_52w":194.67759704589844,"off_high":-4.858819522500917,"off_low":39.733591798526945,"trend_signals":["Golden Cross","Above 20d","Above 50d"],"macd":3.7622168317483897,"macd_signal":3.2390856102553167,"macd_histogram":0.523131221493073,"macd_crossover":null,"bb_upper":278.0755365571049,"bb_lower":252.28846033010208,"bb_width":9.724293646760104,"bb_pct_b":0.7655593939929698,"atr":5.883603750716246,"atr_pct":2.1628510741896987,"rs_vs_bench":-7.931197088477605},"MSFT":{"current":408.17999267578125,"sma_20":403.54400024414065,"sma_50":395.7987994384766,"sma_200":467.0785581970215,"rsi":51.334748505684935,"avg_vol_20":33624130.3,"current_vol":"56290106","vol_ratio":1.6740984970546586,"high_52w":539.8251953125,"low_52w":356.7699890136719,"off_high":-24.386635484938882,"off_low":14.409845347204717,"trend_signals":["Death Cross","Above 20d","Above 50d"],"macd":9.27551953228516,"macd_signal":7.913178425373958,"macd_histogram":1.3623411069112015,"macd_crossover":null,"bb_upper":450.6088294817232,"bb_lower":356.4791710065581,"bb_width":23.325748473082854,"bb_pct_b":0.5492511340924896,"atr":11.351850731636873,"atr_pct":2.781089454488203,"rs_vs_bench":-4.929287036843366}}