{"AMZN":{"current":221.25,"sma_20":209.70649948120118,"sma_50":213.71580017089843,"sma_200":224.60350006103516,"rsi":60.68937294979297,"avg_vol_20":42248485.0,"current_vol":"51032000","vol_ratio":1.2079013010762398,"high_52w":254.0,"low_52w":167.32000732421875,"off_high":-12.893700787401574,"off_low":32.23164613618514,"trend_signals":["Death Cross","Above 20d","Above 50d"],"macd":0.10644349963803279,"macd_signal":-1.5016615810187648,"macd_histogram":1.6081050806567976,"macd_crossover":null,"bb_upper":219.19987466595072,"bb_lower":200.21312429645164,"bb_width":9.053963714272536,"bb_pct_b":1.1079766307636651,"atr":6.230250302046933,"atr_pct":2.8159323399082186,"rs_vs_bench":4.181739251916971},"GOOG":{"current":314.739990234375,"sma_20":296.78699951171876,"sma_50":308.5207214355469,"sma_200":267.1550597381592,"rsi":61.80773123575115,"avg_vol_20":20320225.0,"current_vol":"20706300","vol_ratio":1.0189995435582038,"high_52w":344.6571960449219,"low_52w":149.34368896484375,"off_high":-8.680278884021192,"off_low":110.74877178671163,"trend_signals":["Golden Cross","Above 20d","Above 50d"],"macd":-2.0635365138572297,"macd_signal":-5.036085324089009,"macd_histogram":2.972548810231779,"macd_crossover":null,"bb_upper":319.88130563505354,"bb_lower":273.692693388384,"bb_width":15.562882579985034,"bb_pct_b":0.888688679945147,"atr":8.471991916022922,"atr_pct":2.6917430828266053,"rs_vs_bench":2.1866783165002235},"NVDA":{"current":182.0800018310547,"sma_20":177.2519989013672,"sma_50":182.22177459716798,"sma_200":180.32233879089355,"rsi":54.60384319077556,"avg_vol_20":170837935.0,"current_vol":"147293100","vol_ratio":0.8621802880021934,"high_52w":207.01727294921875,"low_52w":96.88717651367188,"off_high":-12.045985710709834,"off_low":87.92992879234245,"trend_signals":["Golden Cross","Above 20d","Below 50d"],"macd":-1.4506146615156865,"macd_signal":-2.4424798358815476,"macd_histogram":0.9918651743658611,"macd_crossover":null,"bb_upper":187.82325258602992,"bb_lower":166.68074521670445,"bb_width":11.92793734365181,"bb_pct_b":0.7283552676771058,"atr":5.476699861428864,"atr_pct":3.0078535843329415,"rs_vs_bench":-1.9857796431424934},"MSFT":{"current":374.3299865722656,"sma_20":380.26549835205077,"sma_50":397.9440264892578,"sma_200":473.72255432128907,"rsi":40.946673000031545,"avg_vol_20":31397920.0,"current_vol":"33009400","vol_ratio":1.0513244189424014,"high_52w":539.8252563476562,"low_52w":356.3916320800781,"off_high":-30.657192828489848,"off_low":5.033326508675408,"trend_signals":["Death Cross","Below 20d","Below 50d"],"macd":-9.325830389876785,"macd_signal":-10.50092410687521,"macd_histogram":1.1750937169984255,"macd_crossover":null,"bb_upper":409.4715131494349,"bb_lower":351.05948355466666,"bb_width":15.360854415640471,"bb_pct_b":0.3983854555138285,"atr":8.795599856399505,"atr_pct":2.3496914946463914,"rs_vs_bench":-7.407917821189935},"AAPL":{"current":258.8999938964844,"sma_20":253.06499938964845,"sma_50":260.7072802734375,"sma_200":249.70316673278808,"rsi":53.828566586848126,"avg_vol_20":41204140.0,"current_vol":"41008200","vol_ratio":0.9952446526004426,"high_52w":285.9224548339844,"low_52w":189.59365844726562,"off_high":-9.450975423805065,"off_low":36.5551970550196,"trend_signals":["Golden Cross","Above 20d","Below 50d"],"macd":-1.144108374458341,"macd_signal":-2.3473511163807483,"macd_histogram":1.2032427419224074,"macd_crossover":null,"bb_upper":260.70318304854015,"bb_lower":245.42681573075672,"bb_width":6.036538974029418,"bb_pct_b":0.8819621763115986,"atr":6.190029244030824,"atr_pct":2.3908958632520383,"rs_vs_bench":-0.5948031194946246}}