{"AMZN":{"current":238.3800048828125,"sma_20":212.19899978637696,"sma_50":213.40260040283204,"sma_200":224.85745002746583,"rsi":71.45660675668297,"avg_vol_20":44464400.0,"current_vol":"56842200","vol_ratio":1.278375509396281,"high_52w":254.0,"low_52w":167.32000732421875,"off_high":-6.149604376845472,"off_low":42.46951616545152,"trend_signals":["Death Cross","Above 20d","Above 50d"],"macd":3.6214857202076587,"macd_signal":0.06367701289282357,"macd_histogram":3.5578087073148352,"macd_crossover":null,"bb_upper":231.0647537137384,"bb_lower":193.3332458590155,"bb_width":17.781190247224362,"bb_pct_b":1.1938764598870497,"atr":6.688685195822246,"atr_pct":2.805891878016531,"rs_vs_bench":11.735853754819757},"GOOG":{"current":315.7200012207031,"sma_20":297.8099990844727,"sma_50":307.7463726806641,"sma_200":268.6505094909668,"rsi":62.090656416315866,"avg_vol_20":20209170.0,"current_vol":"11977800","vol_ratio":0.5926913376452373,"high_52w":344.6571960449219,"low_52w":149.34368896484375,"off_high":-8.395935194820984,"off_low":111.40498363812694,"trend_signals":["Golden Cross","Above 20d","Above 50d"],"macd":0.8984708921443598,"macd_signal":-3.1035700484027884,"macd_histogram":4.002040940547149,"macd_crossover":null,"bb_upper":323.26517331835214,"bb_lower":272.3548248505932,"bb_width":17.094909044111173,"bb_pct_b":0.8517949233361208,"atr":8.187175424533477,"atr_pct":2.5931760398069477,"rs_vs_bench":1.6782816196301065},"NVDA":{"current":188.6300048828125,"sma_20":177.420499420166,"sma_50":182.07218597412108,"sma_200":180.72493156433106,"rsi":61.35166895145108,"avg_vol_20":169634160.0,"current_vol":"160099500","vol_ratio":0.9437928068261723,"high_52w":207.01727294921875,"low_52w":96.88717651367188,"off_high":-8.881997045201459,"off_low":94.69037252437083,"trend_signals":["Golden Cross","Above 20d","Above 50d"],"macd":0.1288247858714442,"macd_signal":-1.662402590179982,"macd_histogram":1.7912273760514261,"macd_crossover":null,"bb_upper":188.58734450650138,"bb_lower":166.25365433383064,"bb_width":12.587998706835027,"bb_pct_b":1.0019101355835642,"atr":5.386746373202835,"atr_pct":2.8557208470356468,"rs_vs_bench":1.5970669500905421},"AAPL":{"current":260.4800109863281,"sma_20":253.2849998474121,"sma_50":260.84210388183595,"sma_200":250.30511192321777,"rsi":55.648148117818785,"avg_vol_20":40823780.0,"current_vol":"31259500","vol_ratio":0.7657179222502178,"high_52w":285.9224548339844,"low_52w":192.32177734375,"off_high":-8.898372064701578,"off_low":35.43968581402729,"trend_signals":["Golden Cross","Above 20d","Below 50d"],"macd":-0.16147646331086207,"macd_signal":-1.630041453103204,"macd_histogram":1.4685649897923418,"macd_crossover":null,"bb_upper":261.4802574273811,"bb_lower":245.0897422674431,"bb_width":6.471174830650145,"bb_pct_b":0.9389740693753299,"atr":5.898698706170528,"atr_pct":2.264549469202892,"rs_vs_bench":1.0899840266284544},"MSFT":{"current":370.8699951171875,"sma_20":377.12549896240233,"sma_50":393.62245056152346,"sma_200":472.58989166259767,"rsi":38.37256845933521,"avg_vol_20":31685555.0,"current_vol":"28038000","vol_ratio":0.8848827170614496,"high_52w":539.8251953125,"low_52w":356.3916015625,"off_high":-31.29813162898146,"off_low":4.062495718532929,"trend_signals":["Death Cross","Below 20d","Below 50d"],"macd":-8.315402612880348,"macd_signal":-9.778323864544117,"macd_histogram":1.4629212516637686,"macd_crossover":null,"bb_upper":401.9294524882789,"bb_lower":352.32154543652575,"bb_width":13.154217147406106,"bb_pct_b":0.3739010730952867,"atr":8.467533334480684,"atr_pct":2.2831540555889704,"rs_vs_bench":-9.29144604896981}}