{"AMZN":{"current":261.16009521484375,"sma_20":241.62250518798828,"sma_50":222.28980194091798,"sma_200":226.94915046691895,"rsi":74.539379841989,"avg_vol_20":44352491.7,"current_vol":"31953334","vol_ratio":0.7204405609527457,"high_52w":263.989990234375,"low_52w":184.4199981689453,"off_high":-1.0719705762399623,"off_low":41.611591914016614,"trend_signals":["Death Cross","Above 20d","Above 50d"],"macd":12.141340737606583,"macd_signal":10.752424108520193,"macd_histogram":1.3889166290863901,"macd_crossover":null,"bb_upper":278.3203493244437,"bb_lower":204.92466105153284,"bb_width":30.376180486915832,"bb_pct_b":0.7661953377180395,"atr":6.435594302929728,"atr_pct":2.4642334035126905,"rs_vs_bench":11.340259123162188},"NVDA":{"current":209.4300994873047,"sma_20":194.989005279541,"sma_50":186.7119906616211,"sma_200":183.5622011566162,"rsi":65.6550941641486,"avg_vol_20":142064282.65,"current_vol":"61134553","vol_ratio":0.430330212912246,"high_52w":216.61000061035156,"low_52w":108.89433288574219,"off_high":-3.314667422009949,"off_low":92.32414941836326,"trend_signals":["Golden Cross","Above 20d","Above 50d"],"macd":8.01786954140843,"macd_signal":6.202630744434961,"macd_histogram":1.8152387969734693,"macd_crossover":null,"bb_upper":220.27274291284297,"bb_lower":169.70526764623904,"bb_width":25.93350081155046,"bb_pct_b":0.7855806846520762,"atr":5.806219245503107,"atr_pct":2.772390052679639,"rs_vs_bench":6.478594706435949},"MSFT":{"current":422.18109130859375,"sma_20":401.4895553588867,"sma_50":395.56342163085935,"sma_200":467.5407568359375,"rsi":60.180094944003294,"avg_vol_20":31057793.9,"current_vol":"13899378","vol_ratio":0.4475326884051478,"high_52w":539.8252563476562,"low_52w":356.7699890136719,"off_high":-21.793008692297594,"off_low":18.33425016374212,"trend_signals":["Death Cross","Above 20d","Above 50d"],"macd":10.5687369149897,"macd_signal":7.53623482992061,"macd_histogram":3.0325020850690896,"macd_crossover":null,"bb_upper":450.6799138876454,"bb_lower":352.29919683012804,"bb_width":24.503929366126602,"bb_pct_b":0.7103210524234126,"atr":10.190456001904128,"atr_pct":2.413764190697826,"rs_vs_bench":1.6125674775111953},"GOOG":{"current":346.2900085449219,"sma_20":326.0094970703125,"sma_50":310.9914324951172,"sma_200":279.02853820800783,"rsi":69.87022141888713,"avg_vol_20":15467367.9,"current_vol":"8989558","vol_ratio":0.5811950719811869,"high_52w":348.5199890136719,"low_52w":152.27359008789062,"off_high":-0.6398429183533922,"off_low":127.41304539089617,"trend_signals":["Golden Cross","Above 20d","Above 50d"],"macd":11.379549727089568,"macd_signal":9.30088942318246,"macd_histogram":2.0786603039071085,"macd_crossover":null,"bb_upper":361.47055641164474,"bb_lower":290.5484377289802,"bb_width":21.75461737158176,"bb_pct_b":0.7859546760771906,"atr":7.88477396506933,"atr_pct":2.276927942044996,"rs_vs_bench":4.741204974954094},"AAPL":{"current":270.31500244140625,"sma_20":264.3692481994629,"sma_50":260.69029907226565,"sma_200":254.2346332550049,"rsi":57.72860570503606,"avg_vol_20":39863819.1,"current_vol":"11674282","vol_ratio":0.29285407829878496,"high_52w":285.9224548339844,"low_52w":194.67758178710938,"off_high":-5.458631222804906,"off_low":38.8526608764899,"trend_signals":["Golden Cross","Above 20d","Above 50d"],"macd":3.726763020465171,"macd_signal":3.110616033093449,"macd_histogram":0.6161469873717218,"macd_crossover":null,"bb_upper":277.5262550892115,"bb_lower":251.21224130971433,"bb_width":9.953507814813465,"bb_pct_b":0.7259539077453873,"atr":5.712616930369333,"atr_pct":2.113318490936368,"rs_vs_bench":-6.94041669103722}}