{"AMZN":{"current":259.17999267578125,"sma_20":244.14700012207032,"sma_50":223.4152001953125,"sma_200":227.12269996643067,"rsi":69.63573262513029,"avg_vol_20":46701296.05,"current_vol":"54574621","vol_ratio":1.1685890032167534,"high_52w":263.989990234375,"low_52w":184.4199981689453,"off_high":-1.8220378561790727,"off_low":40.537900037472646,"trend_signals":["Death Cross","Above 20d","Above 50d"],"macd":11.905475571841379,"macd_signal":11.007028750820737,"macd_histogram":0.8984468210206416,"macd_crossover":null,"bb_upper":278.75917977362394,"bb_lower":209.5348204705167,"bb_width":28.353557188290644,"bb_pct_b":0.7171633324605743,"atr":7.24090839825067,"atr_pct":2.793775986909844,"rs_vs_bench":10.102484618172092},"GOOG":{"current":373.92999267578125,"sma_20":330.0119964599609,"sma_50":312.4159112548828,"sma_200":279.9898455810547,"rsi":80.74042634065742,"avg_vol_20":16090853.5,"current_vol":"23960370","vol_ratio":1.489067686807291,"high_52w":373.92999267578125,"low_52w":152.27357482910156,"off_high":0.0,"off_low":145.56459851648412,"trend_signals":["Golden Cross","Above 20d","Above 50d"],"macd":13.573831072999383,"macd_signal":10.168496421936897,"macd_histogram":3.4053346510624856,"macd_crossover":null,"bb_upper":368.46537718901095,"bb_lower":291.5586157309109,"bb_width":23.304232053100787,"bb_pct_b":1.0710550721830552,"atr":9.310808887370182,"atr_pct":2.489987182023986,"rs_vs_bench":13.536508272295222},"NVDA":{"current":200.18299865722656,"sma_20":196.2016502380371,"sma_50":186.95265228271484,"sma_200":183.70885757446288,"rsi":54.72145254838343,"avg_vol_20":142636150.2,"current_vol":"118519804","vol_ratio":0.8309240247568039,"high_52w":216.61000061035156,"low_52w":108.89433288574219,"off_high":-7.583676610884959,"off_low":83.83233851780825,"trend_signals":["Golden Cross","Above 20d","Above 50d"],"macd":7.160920835752904,"macd_signal":6.3919900573760415,"macd_histogram":0.7689307783768626,"macd_crossover":null,"bb_upper":219.86053730544177,"bb_lower":172.54276317063244,"bb_width":24.116909351884726,"bb_pct_b":0.5841406531052478,"atr":6.309528520652407,"atr_pct":3.1518803110029414,"rs_vs_bench":-0.6027892367302741},"AAPL":{"current":273.2049865722656,"sma_20":265.24074783325193,"sma_50":260.8644989013672,"sma_200":254.55755546569824,"rsi":60.51982876722428,"avg_vol_20":39754266.65,"current_vol":"19671833","vol_ratio":0.49483576626359427,"high_52w":285.9224548339844,"low_52w":194.67758178710938,"off_high":-4.447873207126357,"off_low":40.33715852862312,"trend_signals":["Golden Cross","Above 20d","Above 50d"],"macd":3.8559480551464276,"macd_signal":3.2578318593135913,"macd_histogram":0.5981161958328363,"macd_crossover":null,"bb_upper":278.27559985429065,"bb_lower":252.2058958122132,"bb_width":9.828694970527904,"bb_pct_b":0.805497857826047,"atr":5.72788999864782,"atr_pct":2.0965539723531847,"rs_vs_bench":-6.6978191578087385},"MSFT":{"current":401.05999755859375,"sma_20":403.18800048828126,"sma_50":395.6563995361328,"sma_200":467.0429582214355,"rsi":47.8028115855768,"avg_vol_20":32422487.65,"current_vol":"33767953","vol_ratio":1.0414979061608187,"high_52w":539.8251953125,"low_52w":356.7699890136719,"off_high":-25.705580057925292,"off_low":12.414163160798996,"trend_signals":["Death Cross","Below 20d","Above 50d"],"macd":8.707542835848983,"macd_signal":7.799583241135303,"macd_histogram":0.90795959471368,"macd_crossover":null,"bb_upper":450.2128748578839,"bb_lower":356.16312611867863,"bb_width":23.32652475403688,"bb_pct_b":0.47737364577561664,"atr":11.200422528942882,"atr_pct":2.792704981081174,"rs_vs_bench":-6.061526938502172}}