{"AMZN":{"current":259.2799987792969,"sma_20":244.1520004272461,"sma_50":223.41720031738282,"sma_200":227.12319999694824,"rsi":69.77638623499955,"avg_vol_20":46167895.65,"current_vol":"43906613","vol_ratio":0.9510204522393041,"high_52w":263.989990234375,"low_52w":184.4199981689453,"off_high":-1.7841553200166833,"off_low":40.59212740137491,"trend_signals":["Death Cross","Above 20d","Above 50d"],"macd":11.913453266708729,"macd_signal":11.008624289794207,"macd_histogram":0.904828976914521,"macd_crossover":null,"bb_upper":278.7733520359919,"bb_lower":209.53064881850034,"bb_width":28.360489816312157,"bb_pct_b":0.7184778705784157,"atr":7.148764930756251,"atr_pct":2.7571601991719343,"rs_vs_bench":10.219699510289027},"GOOG":{"current":374.114990234375,"sma_20":330.0212463378906,"sma_50":312.4196112060547,"sma_200":279.9907707977295,"rsi":80.78493149691508,"avg_vol_20":15809053.35,"current_vol":"18324367","vol_ratio":1.1591058992789092,"high_52w":374.114990234375,"low_52w":152.2735595703125,"off_high":0.0,"off_low":145.6861133935908,"trend_signals":["Golden Cross","Above 20d","Above 50d"],"macd":13.58858871362861,"macd_signal":10.171447950859598,"macd_histogram":3.4171407627690122,"macd_crossover":null,"bb_upper":368.51917186544136,"bb_lower":291.52332081033984,"bb_width":23.33057398864245,"bb_pct_b":1.0726768818352177,"atr":9.310808887266376,"atr_pct":2.4887558986699125,"rs_vs_bench":13.668875038996452},"NVDA":{"current":201.9600067138672,"sma_20":196.29050064086914,"sma_50":186.98819244384765,"sma_200":183.71774253845214,"rsi":56.53315998647586,"avg_vol_20":141285626.75,"current_vol":"91509335","vol_ratio":0.6476903355634511,"high_52w":216.61000061035156,"low_52w":108.89433288574219,"off_high":-6.763304489730132,"off_low":85.46420310575256,"trend_signals":["Golden Cross","Above 20d","Above 50d"],"macd":7.302676464277994,"macd_signal":6.420341183176525,"macd_histogram":0.8823352811014686,"macd_crossover":null,"bb_upper":220.02556729543903,"bb_lower":172.55543398629925,"bb_width":24.18361212292723,"bb_pct_b":0.6194331188428842,"atr":6.309528520581141,"atr_pct":3.124147509818789,"rs_vs_bench":0.4685035948201133},"MSFT":{"current":404.5199890136719,"sma_20":403.36100006103516,"sma_50":395.72559936523436,"sma_200":467.0602581787109,"rsi":49.45636819206355,"avg_vol_20":32063690.2,"current_vol":"26592004","vol_ratio":0.8293494552289555,"high_52w":539.8251953125,"low_52w":356.7699890136719,"off_high":-25.06463341721224,"off_low":13.38397327981815,"trend_signals":["Death Cross","Above 20d","Above 50d"],"macd":8.98355355021556,"macd_signal":7.85478538401031,"macd_histogram":1.1287681662052504,"macd_crossover":null,"bb_upper":450.3783687777022,"bb_lower":356.34363134436813,"bb_width":23.312798564835234,"bb_pct_b":0.5123251149976187,"atr":11.200422528949384,"atr_pct":2.7688180641601954,"rs_vs_bench":-5.065517105095774},"AAPL":{"current":271.05499267578125,"sma_20":265.13324813842775,"sma_50":260.8214990234375,"sma_200":254.54680503845213,"rsi":58.45096355005449,"avg_vol_20":39431017.35,"current_vol":"13206847","vol_ratio":0.33493548702465825,"high_52w":285.9224548339844,"low_52w":194.6775665283203,"off_high":-5.19982320620311,"off_low":39.23278244612231,"trend_signals":["Golden Cross","Above 20d","Above 50d"],"macd":3.6844385704150113,"macd_signal":3.223529962225443,"macd_histogram":0.46090860818956836,"macd_crossover":null,"bb_upper":277.9247355623976,"bb_lower":252.34176071445788,"bb_width":9.649100981323427,"bb_pct_b":0.7314720853439145,"atr":5.617174404942098,"atr_pct":2.072337553900365,"rs_vs_bench":-7.468382337634716}}