{"AMZN":{"current":239.88999938964844,"sma_20":213.80999984741212,"sma_50":213.3658004760742,"sma_200":224.99694999694825,"rsi":72.21835495682525,"avg_vol_20":44673623.15,"current_vol":"39846563","vol_ratio":0.8919483173819986,"high_52w":254.0,"low_52w":167.32000732421875,"off_high":-5.555118350532111,"off_low":43.37197519051599,"trend_signals":["Death Cross","Above 20d","Above 50d"],"macd":5.066829417135722,"macd_signal":1.0643075091370697,"macd_histogram":4.002521907998652,"macd_crossover":null,"bb_upper":236.21759897135334,"bb_lower":191.4024007234709,"bb_width":20.960291043386796,"bb_pct_b":1.081945423915839,"atr":6.514493399267716,"atr_pct":2.7156169143534643,"rs_vs_bench":10.33172726257705},"GOOG":{"current":319.2099914550781,"sma_20":298.69749908447267,"sma_50":307.36214050292966,"sma_200":269.39103691101076,"rsi":64.24684649863252,"avg_vol_20":19972480.2,"current_vol":"12123704","vol_ratio":0.6070204540746021,"high_52w":344.6571960449219,"low_52w":149.3437042236328,"off_high":-7.383337670549324,"off_low":113.74184677854329,"trend_signals":["Golden Cross","Above 20d","Above 50d"],"macd":2.1651998998719364,"macd_signal":-2.0498160725123387,"macd_histogram":4.2150159723842755,"macd_crossover":null,"bb_upper":325.8683894936194,"bb_lower":271.5266086753259,"bb_width":18.19291456569091,"bb_pct_b":0.8774718469237243,"atr":8.012012449731277,"atr_pct":2.509950397608025,"rs_vs_bench":1.8955357540028972},"NVDA":{"current":189.30999755859375,"sma_20":177.8734992980957,"sma_50":182.00839447021485,"sma_200":180.90005973815917,"rsi":61.99609780835435,"avg_vol_20":167932316.35,"current_vol":"126951527","vol_ratio":0.755968414890503,"high_52w":207.01727294921875,"low_52w":96.88717651367188,"off_high":-8.553525577051046,"off_low":95.39221223138851,"trend_signals":["Golden Cross","Above 20d","Above 50d"],"macd":0.8945270323987415,"macd_signal":-1.151016664176534,"macd_histogram":2.0455436965752756,"macd_crossover":null,"bb_upper":190.19863368002274,"bb_lower":165.54836491616868,"bb_width":13.858314398224673,"bb_pct_b":0.9639502461436834,"atr":5.281263671222314,"atr_pct":2.789743668760916,"rs_vs_bench":0.36099481577946957},"MSFT":{"current":384.3699951171875,"sma_20":376.5664993286133,"sma_50":392.65959411621094,"sma_200":472.0646069335937,"rsi":51.52044565438451,"avg_vol_20":32083792.75,"current_vol":"34812755","vol_ratio":1.0850573456593595,"high_52w":539.8252563476562,"low_52w":356.3916015625,"off_high":-28.79733013646791,"off_low":7.850463768513063,"trend_signals":["Death Cross","Above 20d","Below 50d"],"macd":-6.829408659606884,"macd_signal":-9.188540817700103,"macd_histogram":2.359132158093219,"macd_crossover":null,"bb_upper":400.0931599009065,"bb_lower":353.0398387563201,"bb_width":12.495355064372056,"bb_pct_b":0.6658436768914876,"atr":8.839139048972973,"atr_pct":2.2996433543877632,"rs_vs_bench":-6.858367192927095},"AAPL":{"current":259.20001220703125,"sma_20":253.7390007019043,"sma_50":260.86533325195313,"sma_200":250.5963694000244,"rsi":53.658150924174976,"avg_vol_20":40731299.9,"current_vol":"35080398","vol_ratio":0.8612638949929512,"high_52w":285.9224548339844,"low_52w":192.32177734375,"off_high":-9.346045466232802,"off_low":34.774135195176136,"trend_signals":["Golden Cross","Above 20d","Below 50d"],"macd":0.0790930288504228,"macd_signal":-1.2882145810644954,"macd_histogram":1.3673076099149182,"macd_crossover":null,"bb_upper":262.1977980914045,"bb_lower":245.28020331240415,"bb_width":6.667321433521102,"bb_pct_b":0.8228007040283081,"atr":5.750220733027059,"atr_pct":2.218449252399794,"rs_vs_bench":-0.4393397142324451}}