{"AMZN":{"current":265.05999755859375,"sma_20":244.44100036621094,"sma_50":223.53280029296874,"sma_200":227.15209999084473,"rsi":76.54632432060447,"avg_vol_20":49122620.0,"current_vol":"100869700","vol_ratio":2.0534267105459767,"high_52w":265.05999755859375,"low_52w":185.00999450683594,"off_high":0.0,"off_low":43.26793439734956,"trend_signals":["Death Cross","Above 20d","Above 50d"],"macd":12.374535766832167,"macd_signal":11.10084075985695,"macd_histogram":1.2736950069752169,"macd_crossover":null,"bb_upper":279.6849562642783,"bb_lower":209.1970444681436,"bb_width":28.83637020407083,"bb_pct_b":0.7925182015891904,"atr":7.241623363751513,"atr_pct":2.732069505188421,"rs_vs_bench":12.209940998844248},"GOOG":{"current":381.94000244140625,"sma_20":330.41249694824216,"sma_50":312.5761114501953,"sma_200":280.02989639282225,"rsi":82.49583017311475,"avg_vol_20":17136890.0,"current_vol":"44509500","vol_ratio":2.597291573908685,"high_52w":381.94000244140625,"low_52w":152.27357482910156,"off_high":0.0,"off_low":150.82487415827865,"trend_signals":["Golden Cross","Above 20d","Above 50d"],"macd":14.212806203261664,"macd_signal":10.296291438159718,"macd_histogram":3.9165147651019456,"macd_crossover":null,"bb_upper":370.90464362247695,"bb_lower":289.9203502740074,"bb_width":24.510057608733682,"bb_pct_b":1.136265420893962,"atr":9.845095376311747,"atr_pct":2.577654949306362,"rs_vs_bench":15.561129396705175},"MSFT":{"current":407.7799987792969,"sma_20":403.5240005493164,"sma_50":395.7907995605469,"sma_200":467.07655822753907,"rsi":51.1225483601494,"avg_vol_20":34348815.0,"current_vol":"70783800","vol_ratio":2.060734846311292,"high_52w":539.8252563476562,"low_52w":356.7699890136719,"off_high":-24.460740955647335,"off_low":14.297730004322261,"trend_signals":["Death Cross","Above 20d","Above 50d"],"macd":9.243611187929503,"macd_signal":7.9067967573451,"macd_histogram":1.3368144305844023,"macd_crossover":null,"bb_upper":450.58087425948673,"bb_lower":356.46712683914603,"bb_width":23.3229615319594,"bb_pct_b":0.5452218549004526,"atr":11.351850731607552,"atr_pct":2.7838174421476527,"rs_vs_bench":-4.957752996631903},"AAPL":{"current":271.3500061035156,"sma_20":265.14799880981445,"sma_50":260.8273992919922,"sma_200":254.54828010559083,"rsi":58.74758807938132,"avg_vol_20":43288260.0,"current_vol":"90134300","vol_ratio":2.0821881036567422,"high_52w":285.9224548339844,"low_52w":194.6775665283203,"off_high":-5.096643682263421,"off_low":39.38432195475463,"trend_signals":["Golden Cross","Above 20d","Above 50d"],"macd":3.707972401775123,"macd_signal":3.2282367242652446,"macd_histogram":0.47973567750987867,"macd_crossover":null,"bb_upper":277.96888542455605,"bb_lower":252.32711219507289,"bb_width":9.670739867765517,"bb_pct_b":0.7418712324688227,"atr":5.887889290616731,"atr_pct":2.1698504360344835,"rs_vs_bench":-8.118263336444054},"NVDA":{"current":199.57000732421875,"sma_20":196.1710006713867,"sma_50":186.9403924560547,"sma_200":183.70579238891602,"rsi":54.12313369022228,"avg_vol_20":148043390.0,"current_vol":"224690300","vol_ratio":1.5177327403810463,"high_52w":216.61000061035156,"low_52w":111.58370208740234,"off_high":-7.86666970043787,"off_low":78.85229078337773,"trend_signals":["Golden Cross","Above 20d","Above 50d"],"macd":7.112021231341799,"macd_signal":6.382210122650965,"macd_histogram":0.7298111086908348,"macd_crossover":null,"bb_upper":219.8097505641083,"bb_lower":172.53225077866512,"bb_width":24.10014712859597,"bb_pct_b":0.5718948055260444,"atr":6.3095285090362445,"atr_pct":3.161561495954585,"rs_vs_bench":-1.643966537511865}}