{"AMZN":{"current":249.91000366210938,"sma_20":225.55450057983398,"sma_50":215.54760009765624,"sma_200":225.85879997253417,"rsi":74.01278276502005,"avg_vol_20":45905722.65,"current_vol":"42571853","vol_ratio":0.9273757288297476,"high_52w":254.0,"low_52w":173.17999267578125,"off_high":-1.6102347786970963,"off_low":44.30651012324394,"trend_signals":["Death Cross","Above 20d","Above 50d"],"macd":10.486438924633063,"macd_signal":7.345166986988957,"macd_histogram":3.141271937644106,"macd_crossover":null,"bb_upper":264.12787979252937,"bb_lower":186.98112136713863,"bb_width":34.2031563223386,"bb_pct_b":0.8157035185843846,"atr":6.509245439274502,"atr_pct":2.604635806446277,"rs_vs_bench":10.255388438438338},"GOOG":{"current":330.4700012207031,"sma_20":307.6684967041016,"sma_50":307.2142663574219,"sma_200":274.0819290924072,"rsi":63.42032869705458,"avg_vol_20":18935040.2,"current_vol":"14411304","vol_ratio":0.7610918090366664,"high_52w":344.6571960449219,"low_52w":152.27357482910156,"off_high":-4.116320502523215,"off_low":117.0238674645903,"trend_signals":["Golden Cross","Above 20d","Above 50d"],"macd":8.947680288782749,"macd_signal":5.189527792968411,"macd_histogram":3.758152495814338,"macd_crossover":null,"bb_upper":351.46859809549824,"bb_lower":263.86839531270493,"bb_width":28.472269251226685,"bb_pct_b":0.7602905449104769,"atr":7.663660101031074,"atr_pct":2.3190183897850773,"rs_vs_bench":3.936132066168385},"AAPL":{"current":266.1700134277344,"sma_20":258.3729988098145,"sma_50":260.2681994628906,"sma_200":252.400445022583,"rsi":56.72387613491698,"avg_vol_20":42043723.65,"current_vol":"49363473","vol_ratio":1.1740985030473152,"high_52w":285.9224548339844,"low_52w":194.67758178710938,"off_high":-6.9083211452276085,"off_low":36.72350508175404,"trend_signals":["Golden Cross","Above 20d","Above 50d"],"macd":2.926443704209021,"macd_signal":1.1966880254943262,"macd_histogram":1.7297556787146946,"macd_crossover":null,"bb_upper":272.2418270614537,"bb_lower":244.50417055817522,"bb_width":10.735508985478731,"bb_pct_b":0.7810985353790915,"atr":6.084620585924721,"atr_pct":2.285990261475005,"rs_vs_bench":-4.56013728522533},"MSFT":{"current":424.1600036621094,"sma_20":383.79499969482424,"sma_50":393.0870666503906,"sma_200":469.73460388183594,"rsi":69.92258190802647,"avg_vol_20":34463981.1,"current_vol":"31779522","vol_ratio":0.9221082703065897,"high_52w":539.8251953125,"low_52w":356.7699890136719,"off_high":-21.426415931444822,"off_low":18.888924720025997,"trend_signals":["Death Cross","Above 20d","Above 50d"],"macd":7.199478970748999,"macd_signal":0.05777001862310138,"macd_histogram":7.141708952125898,"macd_crossover":null,"bb_upper":428.67404910102164,"bb_lower":338.91595028862685,"bb_width":23.38699015979005,"bb_pct_b":0.9497087672462051,"atr":9.726706214976767,"atr_pct":2.2931691180211256,"rs_vs_bench":3.4608780273322814},"NVDA":{"current":199.8800048828125,"sma_20":184.11849975585938,"sma_50":184.1853726196289,"sma_200":182.18434158325195,"rsi":67.60890107959737,"avg_vol_20":154081760.15,"current_vol":"107184703","vol_ratio":0.6956352451818743,"high_52w":207.01727294921875,"low_52w":98.86670684814453,"off_high":-3.447667899749128,"off_low":102.17119721588432,"trend_signals":["Golden Cross","Above 20d","Above 50d"],"macd":5.594946630777457,"macd_signal":3.0681996995925247,"macd_histogram":2.5267469311849324,"macd_crossover":null,"bb_upper":207.9662614240673,"bb_lower":160.27073808765144,"bb_width":25.90479685618773,"bb_pct_b":0.8304608907586742,"atr":4.980943109320283,"atr_pct":2.4919666738254067,"rs_vs_bench":3.752498125989966}}