{"AMZN":{"current":238.1199951171875,"sma_20":212.1859992980957,"sma_50":213.39740020751952,"sma_200":224.8561499786377,"rsi":71.33091789381635,"avg_vol_20":43519902.7,"current_vol":"38250154","vol_ratio":0.8789117536331256,"high_52w":254.0,"low_52w":167.32000732421875,"off_high":-6.251970426304133,"off_low":42.31411946795964,"trend_signals":["Death Cross","Above 20d","Above 50d"],"macd":3.6007442165252144,"macd_signal":0.05952873259054736,"macd_histogram":3.541215483934667,"macd_crossover":null,"bb_upper":230.97599540046343,"bb_lower":193.39600319572799,"bb_width":17.710872691435263,"bb_pct_b":1.190101149510719,"atr":6.688685224235086,"atr_pct":2.8089557203893527,"rs_vs_bench":11.741352042984875},"GOOG":{"current":314.8335876464844,"sma_20":297.7656784057617,"sma_50":307.7286444091797,"sma_200":268.6460772705078,"rsi":61.21990769227974,"avg_vol_20":19944951.1,"current_vol":"6722222","vol_ratio":0.3370387807067624,"high_52w":344.6571960449219,"low_52w":149.34371948242188,"off_high":-8.653122215544967,"off_low":110.81140120093305,"trend_signals":["Golden Cross","Above 20d","Above 50d"],"macd":0.8277598536332675,"macd_signal":-3.1177122359718616,"macd_histogram":3.945472089605129,"macd_crossover":null,"bb_upper":323.09231554668247,"bb_lower":272.43904126484097,"bb_width":17.01111912999486,"bb_pct_b":0.8369556950209094,"atr":8.175033820410714,"atr_pct":2.596620608850087,"rs_vs_bench":1.5149430396961705},"NVDA":{"current":188.4199981689453,"sma_20":177.40999908447264,"sma_50":182.06798583984374,"sma_200":180.72388168334962,"rsi":61.162809473946616,"avg_vol_20":167103975.05,"current_vol":"109893701","vol_ratio":0.6576366658370524,"high_52w":207.01727294921875,"low_52w":96.88717651367188,"off_high":-8.983441099060048,"off_low":94.47361864483389,"trend_signals":["Golden Cross","Above 20d","Above 50d"],"macd":0.11207212833272706,"macd_signal":-1.6657531028924573,"macd_histogram":1.7778252312251843,"macd_crossover":null,"bb_upper":188.53277130121992,"bb_lower":166.28722686772537,"bb_width":12.539058986693577,"bb_pct_b":0.994930529454482,"atr":5.386746441884708,"atr_pct":2.8589037757312386,"rs_vs_bench":1.611259995156078},"MSFT":{"current":370.260009765625,"sma_20":377.0949996948242,"sma_50":393.61025085449216,"sma_200":472.58684158325195,"rsi":37.940845738929525,"avg_vol_20":31128249.15,"current_vol":"16975983","vol_ratio":0.5453561785051442,"high_52w":539.8252563476562,"low_52w":356.3916320800781,"off_high":-31.41113621272075,"off_low":3.891330894781157,"trend_signals":["Death Cross","Below 20d","Below 50d"],"macd":-8.36406238000825,"macd_signal":-9.788055776046875,"macd_histogram":1.4239933960386253,"macd_crossover":null,"bb_upper":401.9328169325473,"bb_lower":352.25718245710107,"bb_width":13.173241362427984,"bb_pct_b":0.3624075967750829,"atr":8.458962298697688,"atr_pct":2.2846005713801554,"rs_vs_bench":-9.314956375329007},"AAPL":{"current":259.489990234375,"sma_20":253.23549880981446,"sma_50":260.8223034667969,"sma_200":250.30016136169434,"rsi":54.20436797154504,"avg_vol_20":39978935.35,"current_vol":"14399707","vol_ratio":0.36018235287998984,"high_52w":285.9224548339844,"low_52w":189.59368896484375,"off_high":-9.244627049301497,"off_low":36.866364936067086,"trend_signals":["Golden Cross","Above 20d","Below 50d"],"macd":-0.24045244345342098,"macd_signal":-1.645836605603574,"macd_histogram":1.405384162150153,"macd_crossover":null,"bb_upper":261.2579067127893,"bb_lower":245.21309090683962,"bb_width":6.335926788052603,"bb_pct_b":0.8898138501684313,"atr":5.898476348868682,"atr_pct":2.2731036151109705,"rs_vs_bench":0.8248673350953473}}