{"AMZN":{"current":262.489990234375,"sma_20":232.87649993896486,"sma_50":218.61099975585938,"sma_200":226.39659996032714,"rsi":79.79112321183749,"avg_vol_20":45433361.3,"current_vol":"33671526","vol_ratio":0.7411189715342501,"high_52w":262.489990234375,"low_52w":184.4199981689453,"off_high":0.0,"off_low":42.33271491192107,"trend_signals":["Death Cross","Above 20d","Above 50d"],"macd":11.90845719757354,"macd_signal":9.34966364430694,"macd_histogram":2.5587935532666,"macd_crossover":null,"bb_upper":274.59752397056303,"bb_lower":191.15547590736668,"bb_width":35.83102978834957,"bb_pct_b":0.8548988907005474,"atr":6.542582293018807,"atr_pct":2.4925073474904673,"rs_vs_bench":13.914261177940347},"NVDA":{"current":209.4499969482422,"sma_20":188.44199981689454,"sma_50":185.04518829345704,"sma_200":182.837091217041,"rsi":72.2342063795266,"avg_vol_20":147432209.6,"current_vol":"142229892","vol_ratio":0.9647138327905791,"high_52w":209.4499969482422,"low_52w":106.40492248535156,"off_high":0.0,"off_low":96.8423941825403,"trend_signals":["Golden Cross","Above 20d","Above 50d"],"macd":6.602510641586093,"macd_signal":4.596807771187065,"macd_histogram":2.005702870399028,"macd_crossover":null,"bb_upper":214.6920335181976,"bb_lower":162.19196611559147,"bb_width":27.86006699866242,"bb_pct_b":0.9001518125728121,"atr":5.449858475618664,"atr_pct":2.601985464323208,"rs_vs_bench":7.264563339508733},"MSFT":{"current":419.06500244140625,"sma_20":391.6942504882812,"sma_50":393.87304443359375,"sma_200":468.6272840881348,"rsi":61.247640986753126,"avg_vol_20":32988872.2,"current_vol":"13450844","vol_ratio":0.40773882533638117,"high_52w":539.8251953125,"low_52w":356.7699890136719,"off_high":-22.370240203624945,"off_low":17.460833406967748,"trend_signals":["Death Cross","Above 20d","Above 50d"],"macd":9.408969161394737,"macd_signal":4.55572071380855,"macd_histogram":4.853248447586187,"macd_crossover":null,"bb_upper":442.7770076072521,"bb_lower":340.6114933693104,"bb_width":26.082975205937647,"bb_pct_b":0.7679059774453738,"atr":10.276602973054823,"atr_pct":2.452269436289111,"rs_vs_bench":-0.3044454254379474},"AAPL":{"current":269.9299011230469,"sma_20":261.34199447631835,"sma_50":260.1227978515625,"sma_200":253.33716773986816,"rsi":58.274809383455555,"avg_vol_20":40929542.95,"current_vol":"15760659","vol_ratio":0.3850680428866113,"high_52w":285.9224548339844,"low_52w":194.67758178710938,"off_high":-5.593318552130955,"off_low":38.6548459484308,"trend_signals":["Golden Cross","Above 20d","Above 50d"],"macd":3.9292772084004355,"macd_signal":2.4729482015392765,"macd_histogram":1.456329006861159,"macd_crossover":null,"bb_upper":277.2897398202397,"bb_lower":245.39424913239702,"bb_width":12.20450266776122,"bb_pct_b":0.7692514352821012,"atr":5.881179439282346,"atr_pct":2.178780273994701,"rs_vs_bench":-9.272554631396158},"GOOG":{"current":341.3699951171875,"sma_20":315.5344970703125,"sma_50":308.47750366210937,"sma_200":276.52023872375486,"rsi":69.20622235437813,"avg_vol_20":16774014.9,"current_vol":"9257198","vol_ratio":0.5518772968301107,"high_52w":344.6571960449219,"low_52w":152.27359008789062,"off_high":-0.9537595516519923,"off_low":124.18201010441308,"trend_signals":["Golden Cross","Above 20d","Above 50d"],"macd":10.105741623976655,"macd_signal":7.439713870688859,"macd_histogram":2.6660277532877963,"macd_crossover":null,"bb_upper":360.0824579185669,"bb_lower":270.98653622205813,"bb_width":28.236507425891677,"bb_pct_b":0.7899739691214998,"atr":7.628405541016566,"atr_pct":2.2346444181181893,"rs_vs_bench":6.93152966400168}}