{"AMZN":{"current":247.7899932861328,"sma_20":223.54150009155273,"sma_50":214.74600006103515,"sma_200":225.72384994506837,"rsi":72.40306309643854,"avg_vol_20":45191667.3,"current_vol":"23608246","vol_ratio":0.5224026332836806,"high_52w":254.0,"low_52w":167.32000732421875,"off_high":-2.4448845330185778,"off_low":48.0934630883598,"trend_signals":["Death Cross","Above 20d","Above 50d"],"macd":10.198892064912002,"macd_signal":6.552031289090751,"macd_histogram":3.646860775821251,"macd_crossover":null,"bb_upper":260.8422501564637,"bb_lower":186.24075002664173,"bb_width":33.37255055516246,"bb_pct_b":0.8250402894363079,"atr":6.4933898311545875,"atr_pct":2.6205214121203095,"rs_vs_bench":7.995702053910293},"GOOG":{"current":336.3800048828125,"sma_20":306.1449966430664,"sma_50":307.08191772460935,"sma_200":273.33520042419434,"rsi":69.59754269128395,"avg_vol_20":19072321.45,"current_vol":"7898129","vol_ratio":0.41411471701049796,"high_52w":344.6571960449219,"low_52w":149.34368896484375,"off_high":-2.4015721293776626,"off_low":125.2388481993357,"trend_signals":["Golden Cross","Above 20d","Above 50d"],"macd":9.012581322696178,"macd_signal":4.265625198002551,"macd_histogram":4.746956124693627,"macd_crossover":null,"bb_upper":348.8838954361217,"bb_lower":263.4060978500111,"bb_width":27.92069069342619,"bb_pct_b":0.853717679837121,"atr":7.6731717502387795,"atr_pct":2.281102217390105,"rs_vs_bench":2.5732312105647424},"NVDA":{"current":200.60000610351562,"sma_20":182.83349990844727,"sma_50":183.86657196044922,"sma_200":181.9742088317871,"rsi":69.44310509274943,"avg_vol_20":156102106.45,"current_vol":"84617929","vol_ratio":0.5420678229419242,"high_52w":207.01727294921875,"low_52w":96.88717651367188,"off_high":-3.0998702447777284,"off_low":107.04494993226344,"trend_signals":["Golden Cross","Above 20d","Above 50d"],"macd":5.227333659747984,"macd_signal":2.413219668874257,"macd_histogram":2.814113990873727,"macd_crossover":null,"bb_upper":205.5054296398431,"bb_lower":160.16157017705143,"bb_width":24.80062980006253,"bb_pct_b":0.891817247264698,"atr":5.040651373726726,"atr_pct":2.51278724843388,"rs_vs_bench":4.289967670689233},"MSFT":{"current":418.1799011230469,"sma_20":381.7424942016602,"sma_50":392.6105944824219,"sma_200":470.0941479492187,"rsi":67.5360546294885,"avg_vol_20":33808879.5,"current_vol":"17335690","vol_ratio":0.5127555321672225,"high_52w":539.8251953125,"low_52w":356.3916320800781,"off_high":-22.534200931291053,"off_low":17.337182885676018,"trend_signals":["Death Cross","Above 20d","Above 50d"],"macd":5.50441366808019,"macd_signal":-1.7259038785168128,"macd_histogram":7.230317546597003,"macd_crossover":null,"bb_upper":422.4253531567236,"bb_lower":341.05963524659677,"bb_width":21.314294097723472,"bb_pct_b":0.9478225947890478,"atr":9.710308211506502,"atr_pct":2.3220408693552455,"rs_vs_bench":-0.7355693305517654},"AAPL":{"current":273.2699890136719,"sma_20":257.6499984741211,"sma_50":260.50639892578124,"sma_200":252.13520530700683,"rsi":66.70401331121504,"avg_vol_20":40855869.5,"current_vol":"21771890","vol_ratio":0.5328950348248004,"high_52w":285.9224548339844,"low_52w":192.32177734375,"off_high":-4.42513891665449,"off_low":42.089987305617264,"trend_signals":["Golden Cross","Above 20d","Above 50d"],"macd":2.889676677093007,"macd_signal":0.7677591389501311,"macd_histogram":2.121917538142876,"macd_crossover":null,"bb_upper":271.3863870898225,"bb_lower":243.9136098584197,"bb_width":10.662828408346458,"bb_pct_b":1.0685624867112566,"atr":5.963849749882094,"atr_pct":2.1824020161920226,"rs_vs_bench":-1.2605447353996269}}