{"GOOG":{"current":338.375,"sma_20":304.21424713134763,"sma_50":306.95575256347655,"sma_200":272.54495613098146,"rsi":72.58848998557792,"avg_vol_20":19956138.6,"current_vol":"10469872","vol_ratio":0.5246441814149356,"high_52w":344.6571960449219,"low_52w":149.3437042236328,"off_high":-1.8227375249994977,"off_low":126.57466664500615,"trend_signals":["Golden Cross","Above 20d","Above 50d"],"macd":8.203774403400757,"macd_signal":3.0625329633836165,"macd_histogram":5.141241440017141,"macd_crossover":null,"bb_upper":344.4102838825511,"bb_lower":264.0182103801442,"bb_width":26.426136928326304,"bb_pct_b":0.9249268787379842,"atr":7.797566443289241,"atr_pct":2.304415646335941,"rs_vs_bench":1.8085511622661041},"NVDA":{"current":200.5,"sma_20":181.37949981689454,"sma_50":183.26838592529296,"sma_200":181.75142822265624,"rsi":70.54022563096603,"avg_vol_20":161476014.6,"current_vol":"110828692","vol_ratio":0.6863477047940468,"high_52w":207.01727294921875,"low_52w":96.88717651367188,"off_high":-3.148178341049558,"off_low":106.94173079933564,"trend_signals":["Golden Cross","Above 20d","Above 50d"],"macd":4.629424667101802,"macd_signal":1.6908650472926579,"macd_histogram":2.9385596198091437,"macd_crossover":null,"bb_upper":202.62121468317406,"bb_lower":160.137784950615,"bb_width":23.422398769125913,"bb_pct_b":0.9500695989818267,"atr":5.131558277235017,"atr_pct":2.559380686900258,"rs_vs_bench":4.657399614256397},"MSFT":{"current":424.2300109863281,"sma_20":379.9989990234375,"sma_50":392.13126708984373,"sma_200":470.451717376709,"rsi":72.19389231828526,"avg_vol_20":34647700.85,"current_vol":"31186517","vol_ratio":0.9001035057135688,"high_52w":539.8252563476562,"low_52w":356.3916320800781,"off_high":-21.413456299436813,"off_low":19.034784433717373,"trend_signals":["Death Cross","Above 20d","Above 50d"],"macd":3.9759458918030077,"macd_signal":-3.51050892098307,"macd_histogram":7.486454812786078,"macd_crossover":null,"bb_upper":417.2563630683037,"bb_lower":342.74163497857126,"bb_width":19.60919062450913,"bb_pct_b":1.0935875107754078,"atr":9.916485850067355,"atr_pct":2.3375257745230424,"rs_vs_bench":-0.34709639192955777},"AAPL":{"current":270.3800048828125,"sma_20":256.39349899291994,"sma_50":260.5570404052734,"sma_200":251.8285831451416,"rsi":64.29937999781339,"avg_vol_20":42900652.5,"current_vol":"35710850","vol_ratio":0.8324080851684016,"high_52w":285.9224548339844,"low_52w":192.32176208496094,"off_high":-5.435896932333039,"off_low":40.5873167714469,"trend_signals":["Golden Cross","Above 20d","Above 50d"],"macd":2.072480906378985,"macd_signal":0.23967279477989537,"macd_histogram":1.8328081115990895,"macd_crossover":null,"bb_upper":268.68660067276477,"bb_lower":244.1003973130751,"bb_width":9.589246005168253,"bb_pct_b":1.0688761979746801,"atr":6.1114548973491845,"atr_pct":2.260320581027431,"rs_vs_bench":-2.411291538558258},"AMZN":{"current":253.47999572753906,"sma_20":221.56650009155274,"sma_50":214.30240020751953,"sma_200":225.59909996032715,"rsi":77.82292406526388,"avg_vol_20":46181525.95,"current_vol":"31679119","vol_ratio":0.6859695159120224,"high_52w":254.0,"low_52w":167.32000732421875,"off_high":-0.2047260915200541,"off_low":51.494133774669685,"trend_signals":["Death Cross","Above 20d","Above 50d"],"macd":10.170840256978039,"macd_signal":5.686902926231539,"macd_histogram":4.4839373307465,"macd_crossover":null,"bb_upper":258.385857913703,"bb_lower":184.7471422694025,"bb_width":33.235491653238405,"bb_pct_b":0.9333793081093258,"atr":6.593266583546854,"atr_pct":2.6010993745770117,"rs_vs_bench":11.986131488061934}}