{"AMZN":{"current":259.70001220703125,"sma_20":238.97800064086914,"sma_50":221.08959991455077,"sma_200":226.77180000305177,"rsi":73.73002273915138,"avg_vol_20":45675057.2,"current_vol":"42065244","vol_ratio":0.920967516598972,"high_52w":263.989990234375,"low_52w":184.4199981689453,"off_high":-1.6250532921854466,"off_low":40.81987571061717,"trend_signals":["Death Cross","Above 20d","Above 50d"],"macd":12.211962005348653,"macd_signal":10.405194951248594,"macd_histogram":1.8067670541000584,"macd_crossover":null,"bb_upper":277.33307218508764,"bb_lower":200.62292909665064,"bb_width":32.09924883576012,"bb_pct_b":0.7701339188257318,"atr":6.297674427612079,"atr_pct":2.4249804126276326,"rs_vs_bench":10.769312008219714},"GOOG":{"current":347.5,"sma_20":323.03799591064455,"sma_50":310.1177685546875,"sma_200":278.20908432006837,"rsi":71.34929773514772,"avg_vol_20":16528260.0,"current_vol":"17042700","vol_ratio":1.0311248733986518,"high_52w":348.5199890136719,"low_52w":152.27357482910156,"off_high":-0.2926629880135404,"off_low":128.20768501035283,"trend_signals":["Golden Cross","Above 20d","Above 50d"],"macd":11.307764151350113,"macd_signal":8.781224347198577,"macd_histogram":2.526539804151536,"macd_crossover":null,"bb_upper":361.200669062496,"bb_lower":284.8753227587931,"bb_width":23.627358784387457,"bb_pct_b":0.8204964703601835,"atr":7.648216426040786,"atr_pct":2.2009255902275644,"rs_vs_bench":7.214639624233435},"MSFT":{"current":429.25,"sma_20":398.8890014648438,"sma_50":395.0389245605469,"sma_200":467.9304252624512,"rsi":65.40266638924939,"avg_vol_20":32621997.1,"current_vol":"30312242","vol_ratio":0.9291963918419942,"high_52w":539.8251953125,"low_52w":356.7699890136719,"off_high":-20.483518789538717,"off_low":20.315613201297207,"trend_signals":["Death Cross","Above 20d","Above 50d"],"macd":10.819207252538604,"macd_signal":6.778109307513855,"macd_histogram":4.041097945024749,"macd_crossover":null,"bb_upper":448.9648396423297,"bb_lower":348.81316328735784,"bb_width":25.10765550997494,"bb_pct_b":0.8031501782111609,"atr":10.284392137658259,"atr_pct":2.3958979936303457,"rs_vs_bench":2.035632037784941},"AAPL":{"current":270.7099914550781,"sma_20":263.5429977416992,"sma_50":260.56159912109376,"sma_200":253.92299362182618,"rsi":58.262722517848495,"avg_vol_20":41402082.75,"current_vol":"32820055","vol_ratio":0.7927150718039662,"high_52w":285.9224548339844,"low_52w":194.67758178710938,"off_high":-5.320485719716938,"off_low":39.05555481530193,"trend_signals":["Golden Cross","Above 20d","Above 50d"],"macd":3.790523559871019,"macd_signal":2.9565792862505185,"macd_histogram":0.8339442736205007,"macd_crossover":null,"bb_upper":277.19408050998874,"bb_lower":249.89191497340968,"bb_width":10.359662662461686,"bb_pct_b":0.7625064192720054,"atr":5.86902764097295,"atr_pct":2.1680129386531575,"rs_vs_bench":-7.257669436748414},"NVDA":{"current":213.1699981689453,"sma_20":193.2375,"sma_50":186.22258850097657,"sma_200":183.3352643585205,"rsi":70.98935972929229,"avg_vol_20":150295951.4,"current_vol":"179415428","vol_ratio":1.1937475782198614,"high_52w":216.61000061035156,"low_52w":108.89433288574219,"off_high":-1.5881087815489605,"off_low":95.75857854110258,"trend_signals":["Golden Cross","Above 20d","Above 50d"],"macd":8.039343219926138,"macd_signal":5.748821045191591,"macd_histogram":2.290522174734547,"macd_crossover":null,"bb_upper":219.15448028746738,"bb_lower":167.32051971253264,"bb_width":26.823965625168373,"bb_pct_b":0.8845451504738773,"atr":5.926612716235889,"atr_pct":2.7802283469265796,"rs_vs_bench":8.305909572295356}}