{"AMZN":{"current":237.4499969482422,"sma_20":212.15249938964843,"sma_50":213.38400024414062,"sma_200":224.85279998779296,"rsi":71.00188066101225,"avg_vol_20":42285014.4,"current_vol":"13552388","vol_ratio":0.32050096688627355,"high_52w":254.0,"low_52w":167.32000732421875,"off_high":-6.515749232975517,"off_low":41.91369026665854,"trend_signals":["Death Cross","Above 20d","Above 50d"],"macd":3.5472970691449746,"macd_signal":0.048839303114499355,"macd_histogram":3.498457766030475,"macd_crossover":null,"bb_upper":230.74920975238018,"bb_lower":193.55578902691667,"bb_width":17.531455359926007,"bb_pct_b":1.1801605516556988,"atr":6.574400163897475,"atr_pct":2.7687514206751156,"rs_vs_bench":11.217197317911332},"GOOG":{"current":317.57000732421875,"sma_20":297.9024993896484,"sma_50":307.7833728027344,"sma_200":268.65975997924807,"rsi":63.456148438983426,"avg_vol_20":19691555.45,"current_vol":"1654309","vol_ratio":0.08401108811340752,"high_52w":344.6571960449219,"low_52w":149.3437042236328,"off_high":-7.859168191333119,"off_low":112.64371938215596,"trend_signals":["Golden Cross","Above 20d","Above 50d"],"macd":1.0460497424226105,"macd_signal":-3.074054258255664,"macd_histogram":4.120104000678275,"macd_crossover":null,"bb_upper":323.64354433450467,"bb_lower":272.1614544447922,"bb_width":17.281523315578262,"bb_pct_b":0.8820262148778933,"atr":8.056462130268109,"atr_pct":2.5369090104415855,"rs_vs_bench":2.221137017297936},"MSFT":{"current":372.6499938964844,"sma_20":377.21449890136716,"sma_50":393.6580505371094,"sma_200":472.5987915039062,"rsi":39.69047493715099,"avg_vol_20":30529344.0,"current_vol":"4997880","vol_ratio":0.16370741539680642,"high_52w":539.8252563476562,"low_52w":356.3916015625,"off_high":-30.96840329076939,"off_low":4.561945978161093,"trend_signals":["Death Cross","Below 20d","Below 50d"],"macd":-8.173408375267172,"macd_signal":-9.749924975098534,"macd_histogram":1.5765165998313613,"macd_crossover":null,"bb_upper":401.9365833067415,"bb_lower":352.4924144959928,"bb_width":13.107706346058876,"bb_pct_b":0.4076836538125703,"atr":8.391104283909598,"atr_pct":2.2517387418072787,"rs_vs_bench":-8.912266757984321},"NVDA":{"current":186.6999969482422,"sma_20":177.3239990234375,"sma_50":182.0335858154297,"sma_200":180.71528167724608,"rsi":59.5436470683988,"avg_vol_20":163160496.65,"current_vol":"31024133","vol_ratio":0.19014487965521892,"high_52w":207.01727294921875,"low_52w":96.88717651367188,"off_high":-9.814290233627212,"off_low":92.69835665186993,"trend_signals":["Golden Cross","Above 20d","Above 50d"],"macd":-0.02513594625330029,"macd_signal":-1.6931947178096602,"macd_histogram":1.66805877155636,"macd_crossover":null,"bb_upper":188.10983138514376,"bb_lower":166.53816666173122,"bb_width":12.16511292448426,"bb_pct_b":0.9346441521793434,"atr":5.2381748825237295,"atr_pct":2.8056641500513146,"rs_vs_bench":0.45550072335067693},"AAPL":{"current":261.135009765625,"sma_20":253.31774978637696,"sma_50":260.8552038574219,"sma_200":250.30838676452638,"rsi":56.419583234333835,"avg_vol_20":39454562.25,"current_vol":"3912245","vol_ratio":0.09915824119934318,"high_52w":285.9224548339844,"low_52w":189.5936737060547,"off_high":-8.669289399726141,"off_low":37.734031236974566,"trend_signals":["Golden Cross","Above 20d","Above 50d"],"macd":-0.10922581418924437,"macd_signal":-1.6195912797626244,"macd_histogram":1.51036546557338,"macd_crossover":null,"bb_upper":261.6383480893351,"bb_lower":244.9971514834188,"bb_width":6.5692975008462104,"bb_pct_b":0.9697534777318131,"atr":5.832268463129066,"atr_pct":2.2334303119155368,"rs_vs_bench":1.2810311094230364}}