{"GOOG":{"current":337.1199951171875,"sma_20":306.18199615478517,"sma_50":307.0967175292969,"sma_200":273.3389002990723,"rsi":70.40439147671428,"avg_vol_20":19000152.45,"current_vol":"6454749","vol_ratio":0.3397209057656798,"high_52w":344.6571960449219,"low_52w":149.3437042236328,"off_high":-2.186868869771688,"off_low":125.73431994988653,"trend_signals":["Golden Cross","Above 20d","Above 50d"],"macd":9.071611882714024,"macd_signal":4.277431310019649,"macd_histogram":4.7941805726943745,"macd_crossover":null,"bb_upper":349.0322406683473,"bb_lower":263.33175164122304,"bb_width":27.99004843635542,"bb_pct_b":0.8610014285053896,"atr":7.673171750212003,"atr_pct":2.2760951178658817,"rs_vs_bench":2.9899198957233697},"NVDA":{"current":199.4600067138672,"sma_20":182.77649993896483,"sma_50":183.84377197265624,"sma_200":181.96850898742676,"rsi":67.51960290386441,"avg_vol_20":155140123.85,"current_vol":"65378277","vol_ratio":0.42141436642922986,"high_52w":207.01727294921875,"low_52w":96.88717651367188,"off_high":-3.6505486366856723,"off_low":105.86832426241787,"trend_signals":["Golden Cross","Above 20d","Above 50d"],"macd":5.13639353749133,"macd_signal":2.3950316444159405,"macd_histogram":2.741361893075389,"macd_crossover":null,"bb_upper":205.2653504889425,"bb_lower":160.28764938898718,"bb_width":24.608032824227877,"bb_pct_b":0.8709284015611668,"atr":5.0406513737325005,"atr_pct":2.5271489040725355,"rs_vs_bench":3.8101299876077235},"MSFT":{"current":419.2192077636719,"sma_20":381.7944595336914,"sma_50":392.6313806152344,"sma_200":470.0993449401856,"rsi":68.43137566501139,"avg_vol_20":33615496.05,"current_vol":"13468021","vol_ratio":0.40064918215002815,"high_52w":539.8251953125,"low_52w":356.3916015625,"off_high":-22.34167441536522,"off_low":17.628812218279467,"trend_signals":["Death Cross","Above 20d","Above 50d"],"macd":5.587321320321905,"macd_signal":-1.7093223480708737,"macd_histogram":7.296643668392779,"macd_crossover":null,"bb_upper":422.6754594672325,"bb_lower":340.9134596001503,"bb_width":21.415187629213648,"bb_pct_b":0.957727896710216,"atr":9.710308211539287,"atr_pct":2.3162841853881173,"rs_vs_bench":-0.29499303769271457},"AAPL":{"current":272.7900085449219,"sma_20":257.6259994506836,"sma_50":260.4967993164062,"sma_200":252.13280570983886,"rsi":66.3287349003325,"avg_vol_20":40628012.6,"current_vol":"17214752","vol_ratio":0.42371632030063905,"high_52w":285.9224548339844,"low_52w":192.32177734375,"off_high":-4.593009771368819,"off_low":41.84041574103459,"trend_signals":["Golden Cross","Above 20d","Above 50d"],"macd":2.8513876370565754,"macd_signal":0.76010133120414,"macd_histogram":2.091286305852435,"macd_crossover":null,"bb_upper":271.24868988271993,"bb_lower":244.00330901864726,"bb_width":10.57555562022697,"bb_pct_b":1.0565717421933498,"atr":5.963849750056506,"atr_pct":2.186242004195108,"rs_vs_bench":-1.2821825680929386},"AMZN":{"current":247.05999755859375,"sma_20":223.50500030517577,"sma_50":214.73140014648436,"sma_200":225.72019996643067,"rsi":71.37873654271314,"avg_vol_20":44958500.45,"current_vol":"18944909","vol_ratio":0.421386585637333,"high_52w":254.0,"low_52w":167.32000732421875,"off_high":-2.732284425750492,"off_low":47.65717591672196,"trend_signals":["Death Cross","Above 20d","Above 50d"],"macd":10.140658787501422,"macd_signal":6.540384633608635,"macd_histogram":3.600274153892787,"macd_crossover":null,"bb_upper":260.7071421348157,"bb_lower":186.30285847553586,"bb_width":33.28976244723274,"bb_pct_b":0.816581197949349,"atr":6.4933898311545875,"atr_pct":2.6282643468474047,"rs_vs_bench":7.817533486733886}}