{"MSFT":{"current":414.44000244140625,"sma_20":405.5730010986328,"sma_50":396.11039978027344,"sma_200":466.6352590942383,"rsi":54.49538614350923,"avg_vol_20":34712083.05,"current_vol":"31238861","vol_ratio":0.8999419872037902,"high_52w":539.8251953125,"low_52w":356.7699890136719,"off_high":-23.226999028548377,"off_low":16.164479974105777,"trend_signals":["Death Cross","Above 20d","Above 50d"],"macd":8.488919279139964,"macd_signal":8.023221210099155,"macd_histogram":0.46569806904080835,"macd_crossover":null,"bb_upper":450.64488722570957,"bb_lower":360.50111497155604,"bb_width":22.226275420200157,"bb_pct_b":0.5983651018927143,"atr":11.2074318382937,"atr_pct":2.704235057492601,"rs_vs_bench":-3.4082787780225434},"AMZN":{"current":268.260009765625,"sma_20":247.36550064086913,"sma_50":224.80080047607422,"sma_200":227.3774500274658,"rsi":78.12439331294203,"avg_vol_20":50003609.3,"current_vol":"48967586","vol_ratio":0.979281029619596,"high_52w":268.260009765625,"low_52w":185.00999450683594,"off_high":0.0,"off_low":44.99757728262246,"trend_signals":["Death Cross","Above 20d","Above 50d"],"macd":12.553996085398865,"macd_signal":11.391471826105793,"macd_histogram":1.1625242592930718,"macd_crossover":null,"bb_upper":280.1145021729217,"bb_lower":214.61649910881656,"bb_width":26.478228732145077,"bb_pct_b":0.8190098651451361,"atr":7.47663594991614,"atr_pct":2.7870855430328105,"rs_vs_bench":11.514008017435296},"GOOG":{"current":383.2200012207031,"sma_20":334.8504974365234,"sma_50":314.1735858154297,"sma_200":281.02921058654783,"rsi":82.76614752797299,"avg_vol_20":17864786.75,"current_vol":"27930335","vol_ratio":1.5634295214858918,"high_52w":383.2200012207031,"low_52w":152.27357482910156,"off_high":0.0,"off_low":151.66546569278057,"trend_signals":["Golden Cross","Above 20d","Above 50d"],"macd":16.308984098625103,"macd_signal":11.498829954665162,"macd_histogram":4.810154143959942,"macd_crossover":null,"bb_upper":378.1129744696226,"bb_lower":291.58802040342425,"bb_width":25.839876221955027,"bb_pct_b":1.0590237441463795,"atr":9.721876108748303,"atr_pct":2.536891623031258,"rs_vs_bench":14.190248752881638},"NVDA":{"current":198.4499969482422,"sma_20":197.2240005493164,"sma_50":187.15159576416016,"sma_200":183.84133514404297,"rsi":52.98323581799072,"avg_vol_20":147269188.45,"current_vol":"127110269","vol_ratio":0.8631151589672524,"high_52w":216.61000061035156,"low_52w":113.51325988769531,"off_high":-8.383732796703352,"off_low":74.82538792787669,"trend_signals":["Golden Cross","Above 20d","Above 50d"],"macd":6.243172908537389,"macd_signal":6.354402664758611,"macd_histogram":-0.11122975622122233,"macd_crossover":"bearish","bb_upper":219.15473600321462,"bb_lower":175.29326509541818,"bb_width":22.239418521899808,"bb_pct_b":0.527951556880138,"atr":6.278848235516649,"atr_pct":3.163944737753882,"rs_vs_bench":-2.8392523092855004},"AAPL":{"current":280.1400146484375,"sma_20":266.35899963378904,"sma_50":261.2185998535156,"sma_200":254.901368560791,"rsi":66.4362216659101,"avg_vol_20":45610172.0,"current_vol":"76013740","vol_ratio":1.6665962145461761,"high_52w":285.9224548339844,"low_52w":194.67759704589844,"off_high":-2.0223805747975767,"off_low":43.89946193058357,"trend_signals":["Golden Cross","Above 20d","Above 50d"],"macd":4.361253353361803,"macd_signal":3.4548400912153214,"macd_histogram":0.906413262146482,"macd_crossover":null,"bb_upper":280.0553761635046,"bb_lower":252.66262310407345,"bb_width":10.284147746872767,"bb_pct_b":1.0030898130154813,"atr":6.6001818554501765,"atr_pct":2.3560296674265166,"rs_vs_bench":-6.333283271736079}}