{"NVDA":{"current":198.35000610351562,"sma_20":180.28249969482422,"sma_50":182.74199737548827,"sma_200":181.51530120849608,"rsi":68.89941741688446,"avg_vol_20":164452379.1,"current_vol":"133187482","vol_ratio":0.8098847990457562,"high_52w":207.01727294921875,"low_52w":96.88717651367188,"off_high":-4.186736073868195,"off_low":104.72266118264496,"trend_signals":["Golden Cross","Above 20d","Above 50d"],"macd":3.90188204800171,"macd_signal":0.9562251423274111,"macd_histogram":2.9456569056742987,"macd_crossover":null,"bb_upper":199.53996588910087,"bb_lower":161.02503350054758,"bb_width":21.36365562589269,"bb_pct_b":0.969103936790529,"atr":5.270140716079703,"atr_pct":2.6569904481521935,"rs_vs_bench":2.945522029277093},"GOOG":{"current":332.7699890136719,"sma_20":302.5819976806641,"sma_50":306.85035888671877,"sma_200":271.7356433105469,"rsi":70.01298697310118,"avg_vol_20":20197427.65,"current_vol":"13822453","vol_ratio":0.6843670015572504,"high_52w":344.6571960449219,"low_52w":149.3437042236328,"off_high":-3.4489942956829043,"off_low":122.82157171846342,"trend_signals":["Golden Cross","Above 20d","Above 50d"],"macd":6.929564851954524,"macd_signal":1.7772226033795528,"macd_histogram":5.152342248574971,"macd_crossover":null,"bb_upper":339.4508470282478,"bb_lower":265.71314833308037,"bb_width":24.369492983844978,"bb_pct_b":0.9093969823740411,"atr":7.9489098540733565,"atr_pct":2.388709954775031,"rs_vs_bench":0.7068054626378615},"MSFT":{"current":420.260009765625,"sma_20":378.2384979248047,"sma_50":391.91160278320314,"sma_200":470.77660751342773,"rsi":70.77958036771605,"avg_vol_20":34316154.45,"current_vol":"40943689","vol_ratio":1.1931316214250223,"high_52w":539.8251953125,"low_52w":356.3916320800781,"off_high":-22.148870891003853,"off_low":17.920840989666168,"trend_signals":["Death Cross","Above 20d","Above 50d"],"macd":1.238020993920486,"macd_signal":-5.382122626279925,"macd_histogram":6.620143620200411,"macd_crossover":null,"bb_upper":409.54861615733506,"bb_lower":346.9283796922743,"bb_width":16.555754321314463,"bb_pct_b":1.1710532283643869,"atr":9.808525007277494,"atr_pct":2.333918236176603,"rs_vs_bench":-0.10715121232240854},"AMZN":{"current":249.6999969482422,"sma_20":219.33050003051758,"sma_50":213.89260040283204,"sma_200":225.4340000152588,"rsi":76.17723088287961,"avg_vol_20":46314950.8,"current_vol":"39731916","vol_ratio":0.8578637203259213,"high_52w":254.0,"low_52w":167.32000732421875,"off_high":-1.6929145873062255,"off_low":49.234990448210034,"trend_signals":["Death Cross","Above 20d","Above 50d"],"macd":9.178204587967656,"macd_signal":4.565918593544914,"macd_histogram":4.612285994422742,"macd_crossover":null,"bb_upper":253.31176648160195,"bb_lower":185.34923357943322,"bb_width":30.986357525612007,"bb_pct_b":0.9468564607714244,"atr":6.601979726316683,"atr_pct":2.6439646804181347,"rs_vs_bench":11.47344605584173},"AAPL":{"current":263.3999938964844,"sma_20":255.32249908447267,"sma_50":260.6740704345703,"sma_200":251.51263069152833,"rsi":57.429774057693535,"avg_vol_20":42833031.85,"current_vol":"42757837","vol_ratio":0.998244465853752,"high_52w":285.9224548339844,"low_52w":192.32177734375,"off_high":-7.877122120603383,"off_low":36.957965725166616,"trend_signals":["Golden Cross","Above 20d","Above 50d"],"macd":1.2817584297871463,"macd_signal":-0.2185292327601202,"macd_histogram":1.5002876625472665,"macd_crossover":null,"bb_upper":266.12713066156294,"bb_lower":244.5178675073824,"bb_width":8.463517015408499,"bb_pct_b":0.873797790067128,"atr":5.896951897615721,"atr_pct":2.238782093492838,"rs_vs_bench":-2.3374689968002063}}