{"AMZN":{"current":259.70001220703125,"sma_20":238.97800064086914,"sma_50":221.08959991455077,"sma_200":226.77180000305177,"rsi":73.73002273915138,"avg_vol_20":45678330.0,"current_vol":"42130700","vol_ratio":0.9223345074130337,"high_52w":263.989990234375,"low_52w":184.4199981689453,"off_high":-1.6250532921854466,"off_low":40.81987571061717,"trend_signals":["Death Cross","Above 20d","Above 50d"],"macd":12.211962005348653,"macd_signal":10.405194951248594,"macd_histogram":1.8067670541000584,"macd_crossover":null,"bb_upper":277.33307218508764,"bb_lower":200.62292909665064,"bb_width":32.09924883576012,"bb_pct_b":0.7701339188257318,"atr":6.299102214302928,"atr_pct":2.425530195694147,"rs_vs_bench":10.769312008219714},"GOOG":{"current":347.5,"sma_20":323.03799591064455,"sma_50":310.1177685546875,"sma_200":278.20908424377444,"rsi":71.34929772641806,"avg_vol_20":16599145.0,"current_vol":"18460400","vol_ratio":1.1121295705290846,"high_52w":348.5199890136719,"low_52w":152.27357482910156,"off_high":-0.2926629880135404,"off_low":128.20768501035283,"trend_signals":["Golden Cross","Above 20d","Above 50d"],"macd":11.307764152084587,"macd_signal":8.781224348278187,"macd_histogram":2.5265398038064006,"macd_crossover":null,"bb_upper":361.20066906249684,"bb_lower":284.87532275879227,"bb_width":23.627358784387987,"bb_pct_b":0.8204964703601763,"atr":7.648216425912164,"atr_pct":2.200925590190551,"rs_vs_bench":7.214639624233435},"NVDA":{"current":213.1699981689453,"sma_20":193.2375,"sma_50":186.22258850097657,"sma_200":183.33526443481446,"rsi":70.98935972824792,"avg_vol_20":150316620.0,"current_vol":"179828800","vol_ratio":1.196333446028789,"high_52w":216.61000061035156,"low_52w":108.89433288574219,"off_high":-1.5881087815489605,"off_low":95.75857854110258,"trend_signals":["Golden Cross","Above 20d","Above 50d"],"macd":8.039343219838457,"macd_signal":5.748821045062707,"macd_histogram":2.2905221747757505,"macd_crossover":null,"bb_upper":219.154480287467,"bb_lower":167.320519712533,"bb_width":26.82396562516799,"bb_pct_b":0.8845451504738828,"atr":5.926612716318572,"atr_pct":2.7802283469653672,"rs_vs_bench":8.305909572295356},"MSFT":{"current":429.25,"sma_20":398.8890014648438,"sma_50":395.0389245605469,"sma_200":467.9304252624512,"rsi":65.40266638927537,"avg_vol_20":32625045.0,"current_vol":"30373200","vol_ratio":0.9309780262372052,"high_52w":539.8251953125,"low_52w":356.7699890136719,"off_high":-20.483518789538717,"off_low":20.315613201297207,"trend_signals":["Death Cross","Above 20d","Above 50d"],"macd":10.819207252540195,"macd_signal":6.77810930751617,"macd_histogram":4.041097945024026,"macd_crossover":null,"bb_upper":448.96483964233096,"bb_lower":348.8131632873566,"bb_width":25.10765550997557,"bb_pct_b":0.8031501782111533,"atr":10.285107120924742,"atr_pct":2.396064559330167,"rs_vs_bench":2.035632037784941},"AAPL":{"current":270.7099914550781,"sma_20":263.5429977416992,"sma_50":260.56159912109376,"sma_200":253.92299324035645,"rsi":58.26272251831314,"avg_vol_20":41760010.0,"current_vol":"39978600","vol_ratio":0.9573417247744912,"high_52w":285.9224548339844,"low_52w":194.6775665283203,"off_high":-5.320485719716938,"off_low":39.05556571444874,"trend_signals":["Golden Cross","Above 20d","Above 50d"],"macd":3.79052355974153,"macd_signal":2.956579286060015,"macd_histogram":0.833944273681515,"macd_crossover":null,"bb_upper":277.1940805099895,"bb_lower":249.89191497340892,"bb_width":10.359662662462258,"bb_pct_b":0.7625064192719914,"atr":5.8697426241201,"atr_pct":2.1682770527123787,"rs_vs_bench":-7.257669436748414}}