{"AMZN":{"current":262.4649963378906,"sma_20":232.87525024414063,"sma_50":218.6104998779297,"sma_200":226.39647499084472,"rsi":79.78123950565849,"avg_vol_20":45187036.7,"current_vol":"28745034","vol_ratio":0.6361345221825533,"high_52w":262.4649963378906,"low_52w":184.4199981689453,"off_high":0.0,"off_low":42.31916220791255,"trend_signals":["Death Cross","Above 20d","Above 50d"],"macd":11.906463382469383,"macd_signal":9.349264881286109,"macd_histogram":2.557198501183274,"macd_crossover":null,"bb_upper":274.5925407402579,"bb_lower":191.15795974802336,"bb_width":35.82801560267302,"bb_pct_b":0.8546460681153775,"atr":6.542582293018807,"atr_pct":2.4927447028387952,"rs_vs_bench":13.777597714981507},"GOOG":{"current":341.8999938964844,"sma_20":315.56099700927734,"sma_50":308.4881036376953,"sma_200":276.5228888702393,"rsi":69.4648280811977,"avg_vol_20":16732628.3,"current_vol":"8429466","vol_ratio":0.5037741739592697,"high_52w":344.6571960449219,"low_52w":152.27357482910156,"off_high":-0.7999839202771591,"off_low":124.53008953142579,"trend_signals":["Golden Cross","Above 20d","Above 50d"],"macd":10.148020728869994,"macd_signal":7.4481696916575535,"macd_histogram":2.699851037212441,"macd_crossover":null,"bb_upper":360.17425039381834,"bb_lower":270.94774362473635,"bb_width":28.275518081995028,"bb_pct_b":0.7951925144326484,"atr":7.628405541036429,"atr_pct":2.2311803677147912,"rs_vs_bench":7.001004306959537},"NVDA":{"current":209.639892578125,"sma_20":188.45149459838868,"sma_50":185.04898620605468,"sma_200":182.8380404663086,"rsi":72.34910092983033,"avg_vol_20":146392127.2,"current_vol":"121428244","vol_ratio":0.8294725018518619,"high_52w":209.639892578125,"low_52w":106.40492248535156,"off_high":0.0,"off_low":97.020859262395,"trend_signals":["Golden Cross","Above 20d","Above 50d"],"macd":6.617659010926985,"macd_signal":4.599837445062244,"macd_histogram":2.0178215658647414,"macd_crossover":null,"bb_upper":214.73364059062334,"bb_lower":162.16934860615402,"bb_width":27.89274348632243,"bb_pct_b":0.9030948992140265,"atr":5.382001550743651,"atr_pct":2.5672602120505186,"rs_vs_bench":7.253795188743052},"MSFT":{"current":418.9198913574219,"sma_20":391.686994934082,"sma_50":393.8701422119141,"sma_200":468.62655807495116,"rsi":61.18562927054963,"avg_vol_20":32895517.3,"current_vol":"11583746","vol_ratio":0.35213752361328576,"high_52w":539.8251953125,"low_52w":356.7699890136719,"off_high":-22.397121328337985,"off_low":17.420159838995968,"trend_signals":["Death Cross","Above 20d","Above 50d"],"macd":9.397393348430683,"macd_signal":4.553405551219969,"macd_histogram":4.843987797210714,"macd_crossover":null,"bb_upper":442.75342176909305,"bb_lower":340.62056809907097,"bb_width":26.0751199276377,"bb_pct_b":0.7666418830450562,"atr":10.276602973039063,"atr_pct":2.4531188862242588,"rs_vs_bench":-0.46924413142448174},"AAPL":{"current":271.010009765625,"sma_20":261.39599990844727,"sma_50":260.14440002441404,"sma_200":253.34256828308105,"rsi":59.64136237249991,"avg_vol_20":40791082.6,"current_vol":"12991452","vol_ratio":0.3184875510021399,"high_52w":285.9224548339844,"low_52w":194.67758178710938,"off_high":-5.215555762144674,"off_low":39.209665169351304,"trend_signals":["Golden Cross","Above 20d","Above 50d"],"macd":4.015439721198732,"macd_signal":2.490180704098982,"macd_histogram":1.5252590170997498,"macd_crossover":null,"bb_upper":277.47298777578857,"bb_lower":245.31901204110596,"bb_width":12.300867551892296,"bb_pct_b":0.7989991015887863,"atr":5.870465589533462,"atr_pct":2.1661434552215844,"rs_vs_bench":-8.962552506818632}}