{"GOOG":{"current":315.0249938964844,"sma_20":297.7752487182617,"sma_50":307.7324725341797,"sma_200":268.6470343017578,"rsi":61.40585765990908,"avg_vol_20":19936628.7,"current_vol":"6555774","vol_ratio":0.32883062119725387,"high_52w":344.6571960449219,"low_52w":149.34371948242188,"off_high":-8.597586961328178,"off_low":110.93956611517473,"trend_signals":["Golden Cross","Above 20d","Above 50d"],"macd":0.8430287301132466,"macd_signal":-3.1146584583467902,"macd_histogram":3.957687188460037,"macd_crossover":null,"bb_upper":323.129171785049,"bb_lower":272.42132565147443,"bb_width":17.0288989269056,"bb_pct_b":0.8401790155468921,"atr":8.168605510288705,"atr_pct":2.593002354909296,"rs_vs_bench":1.5809579315757993},"NVDA":{"current":188.43089294433594,"sma_20":177.4105438232422,"sma_50":182.06820373535157,"sma_200":180.72393600463866,"rsi":61.17265255380022,"avg_vol_20":166972330.05,"current_vol":"107260801","vol_ratio":0.642386681481181,"high_52w":207.01727294921875,"low_52w":96.88717651367188,"off_high":-8.978178361687744,"off_low":94.48486345119801,"trend_signals":["Golden Cross","Above 20d","Above 50d"],"macd":0.1129412274537458,"macd_signal":-1.6655792827769327,"macd_histogram":1.7785205102306785,"macd_crossover":null,"bb_upper":188.53558725712168,"bb_lower":166.2855003893627,"bb_width":12.5415808938206,"bb_pct_b":0.9952946559980651,"atr":5.3867464416746405,"atr_pct":2.8587384783374827,"rs_vs_bench":1.6198260597682035},"MSFT":{"current":370.6650085449219,"sma_20":377.11524963378906,"sma_50":393.6183508300781,"sma_200":472.58886657714845,"rsi":38.22639547786555,"avg_vol_20":31099585.15,"current_vol":"16402703","vol_ratio":0.5274251383382199,"high_52w":539.8252563476562,"low_52w":356.3916015625,"off_high":-31.336112161042056,"off_low":4.004978489909439,"trend_signals":["Death Cross","Below 20d","Below 50d"],"macd":-8.331754785078601,"macd_signal":-9.781594257060945,"macd_histogram":1.4498394719823438,"macd_crossover":null,"bb_upper":401.93025371999767,"bb_lower":352.30024554758046,"bb_width":13.160435230506366,"bb_pct_b":0.3700334469730749,"atr":8.458962298697555,"atr_pct":2.2821043539836565,"rs_vs_bench":-9.210045795859589},"AMZN":{"current":237.781005859375,"sma_20":212.16904983520507,"sma_50":213.39062042236327,"sma_200":224.85445503234862,"rsi":71.1653783366682,"avg_vol_20":43471987.95,"current_vol":"37291859","vol_ratio":0.8578365232087344,"high_52w":254.0,"low_52w":167.32000732421875,"off_high":-6.385430764025591,"off_low":42.11152011165216,"trend_signals":["Death Cross","Above 20d","Above 50d"],"macd":3.573702338409106,"macd_signal":0.054120356967325645,"macd_histogram":3.5195819814417804,"macd_crossover":null,"bb_upper":230.8609014530661,"bb_lower":193.47719821734404,"bb_width":17.619772188619667,"bb_pct_b":1.1851101899315415,"atr":6.688685224235086,"atr_pct":2.8129602699177796,"rs_vs_bench":11.580639265304793},"AAPL":{"current":259.19000244140625,"sma_20":253.22049942016602,"sma_50":260.8163037109375,"sma_200":250.29866172790528,"rsi":53.78156010780654,"avg_vol_20":39949253.35,"current_vol":"13806067","vol_ratio":0.34559011351334806,"high_52w":285.9224548339844,"low_52w":189.5936737060547,"off_high":-9.349546333497951,"off_low":36.70814926201253,"trend_signals":["Golden Cross","Above 20d","Below 50d"],"macd":-0.2643830936141285,"macd_signal":-1.6506227356476013,"macd_histogram":1.3862396420334728,"macd_crossover":null,"bb_upper":261.19464628498304,"bb_lower":245.246352555349,"bb_width":6.298184296355565,"bb_pct_b":0.8743035538747387,"atr":5.898476348871253,"atr_pct":2.2757345164980625,"rs_vs_bench":0.7074515920094449}}