{"AMZN":{"current":260.3074951171875,"sma_20":239.00837478637695,"sma_50":221.1017495727539,"sma_200":226.77483741760253,"rsi":74.64677948167245,"avg_vol_20":44069630.65,"current_vol":"10019313","vol_ratio":0.22735187139581803,"high_52w":263.989990234375,"low_52w":184.4199981689453,"off_high":-1.3949374042243479,"off_low":41.14927757385748,"trend_signals":["Death Cross","Above 20d","Above 50d"],"macd":12.260422179253112,"macd_signal":10.414886984422548,"macd_histogram":1.845535194830564,"macd_crossover":null,"bb_upper":277.4334400899215,"bb_lower":200.58330948283245,"bb_width":32.15373966530538,"bb_pct_b":0.7771513875455379,"atr":6.297674435877698,"atr_pct":2.419321208189782,"rs_vs_bench":11.040202574497048},"GOOG":{"current":349.29998779296875,"sma_20":323.127995300293,"sma_50":310.15376831054687,"sma_200":278.2180842590332,"rsi":72.90066129294956,"avg_vol_20":15894992.25,"current_vol":"4418845","vol_ratio":0.27800233749720765,"high_52w":349.29998779296875,"low_52w":152.27357482910156,"off_high":0.0,"off_low":129.38975996655512,"trend_signals":["Golden Cross","Above 20d","Above 50d"],"macd":11.45135291969575,"macd_signal":8.809942099007714,"macd_histogram":2.641410820688037,"macd_crossover":null,"bb_upper":361.54123665959736,"bb_lower":284.7147539409886,"bb_width":23.77586709786984,"bb_pct_b":0.8406636821906261,"atr":7.643924357310319,"atr_pct":2.1883551744756713,"rs_vs_bench":7.821329295404489},"NVDA":{"current":212.25,"sma_20":193.19150009155274,"sma_50":186.20418853759764,"sma_200":183.3306642150879,"rsi":69.69589132847415,"avg_vol_20":144026966.55,"current_vol":"55599931","vol_ratio":0.38603833942929067,"high_52w":216.61000061035156,"low_52w":108.70438385009766,"off_high":-2.0128344019510624,"off_low":95.25431494344404,"trend_signals":["Golden Cross","Above 20d","Above 50d"],"macd":7.965953053788098,"macd_signal":5.734143013469944,"macd_histogram":2.2318100403181544,"macd_crossover":null,"bb_upper":218.96237399158133,"bb_lower":167.42062619152415,"bb_width":26.6790970491102,"bb_pct_b":0.8697682116326314,"atr":5.926612729507967,"atr_pct":2.7922792600744253,"rs_vs_bench":7.757597772494094},"AAPL":{"current":270.7200012207031,"sma_20":263.54349822998046,"sma_50":260.5617993164062,"sma_200":253.92304328918456,"rsi":58.271807611313754,"avg_vol_20":40177835.1,"current_vol":"8394302","vol_ratio":0.20892867868831488,"high_52w":285.9224548339844,"low_52w":194.6775665283203,"off_high":-5.316984852451786,"off_low":39.06070742944113,"trend_signals":["Golden Cross","Above 20d","Above 50d"],"macd":3.791322063909888,"macd_signal":2.9567389924161755,"macd_histogram":0.8345830714937126,"macd_crossover":null,"bb_upper":277.19568805692677,"bb_lower":249.89130840303417,"bb_width":10.36048312224554,"bb_pct_b":0.762833401882454,"atr":5.869027642274222,"atr_pct":2.1679327777076685,"rs_vs_bench":-7.2745152186308735},"MSFT":{"current":425.7149963378906,"sma_20":398.7122512817383,"sma_50":394.96822448730467,"sma_200":467.9127502441406,"rsi":63.94991735626383,"avg_vol_20":31431167.25,"current_vol":"6545345","vol_ratio":0.2082437775199074,"high_52w":539.8252563476562,"low_52w":356.7699890136719,"off_high":-21.138369994359206,"off_low":19.324777713177184,"trend_signals":["Death Cross","Above 20d","Above 50d"],"macd":10.537212670845634,"macd_signal":6.721710406975342,"macd_histogram":3.8155022638702913,"macd_crossover":null,"bb_upper":448.35999869430975,"bb_lower":349.06450386916686,"bb_width":24.904049099554417,"bb_pct_b":0.7719433052194719,"atr":10.153676642648547,"atr_pct":2.385087847501984,"rs_vs_bench":1.0598745506942713}}