{"AMZN":{"current":255.52999877929688,"sma_20":230.15149993896483,"sma_50":217.45179992675781,"sma_200":226.19909996032715,"rsi":76.90665674488838,"avg_vol_20":45429477.8,"current_vol":"25885856","vol_ratio":0.5698030717843735,"high_52w":255.52999877929688,"low_52w":180.60000610351562,"off_high":0.0,"off_low":41.489474055074595,"trend_signals":["Death Cross","Above 20d","Above 50d"],"macd":11.284106378180354,"macd_signal":8.717144730118804,"macd_histogram":2.5669616480615502,"macd_crossover":null,"bb_upper":270.94549084060355,"bb_lower":189.3575090373261,"bb_width":35.4496850226543,"bb_pct_b":0.8110568282167334,"atr":6.426626855298786,"atr_pct":2.515018544202128,"rs_vs_bench":9.628773458602959},"MSFT":{"current":414.95001220703125,"sma_20":388.99950103759767,"sma_50":393.54472717285154,"sma_200":469.03096954345705,"rsi":59.2765322435946,"avg_vol_20":33670043.45,"current_vol":"28487269","vol_ratio":0.8460716435458,"high_52w":539.8252563476562,"low_52w":356.7699890136719,"off_high":-23.132530883327792,"off_low":16.307431954746015,"trend_signals":["Death Cross","Above 20d","Above 50d"],"macd":9.142443806908716,"macd_signal":3.3296453421847705,"macd_histogram":5.8127984647239455,"macd_crossover":null,"bb_upper":439.5217737082147,"bb_lower":338.4772283669806,"bb_width":25.975494845549402,"bb_pct_b":0.7568224843983117,"atr":10.590950272289001,"atr_pct":2.5523436463968223,"rs_vs_bench":-0.11086964917386233},"NVDA":{"current":198.90919494628906,"sma_20":186.49496002197264,"sma_50":184.6423666381836,"sma_200":182.60045150756835,"rsi":63.44544258371938,"avg_vol_20":148180045.05,"current_vol":"84318801","vol_ratio":0.5690293923959094,"high_52w":207.01727294921875,"low_52w":102.68579864501953,"off_high":-3.9166190759930433,"off_low":93.70662503576541,"trend_signals":["Golden Cross","Above 20d","Above 50d"],"macd":5.850808716738243,"macd_signal":4.083722518001322,"macd_histogram":1.767086198736921,"macd_crossover":null,"bb_upper":211.7764308515033,"bb_lower":161.21348919244198,"bb_width":27.112229549315458,"bb_pct_b":0.745520424978907,"atr":4.998964099965491,"atr_pct":2.5131890465472693,"rs_vs_bench":2.6636506589203126},"GOOG":{"current":338.989990234375,"sma_20":312.56499633789065,"sma_50":307.8971197509766,"sma_200":275.70589317321776,"rsi":67.94162936154352,"avg_vol_20":17563771.7,"current_vol":"9187934","vol_ratio":0.5231185053492811,"high_52w":344.6571960449219,"low_52w":152.27357482910156,"off_high":-1.6443021865146907,"off_low":122.61905298724842,"trend_signals":["Golden Cross","Above 20d","Above 50d"],"macd":9.810254274435124,"macd_signal":6.792990273379595,"macd_histogram":3.017264001055529,"macd_crossover":null,"bb_upper":358.1025609782547,"bb_lower":267.0274316975266,"bb_width":29.13798101124337,"bb_pct_b":0.7901450056143483,"atr":7.472951396466459,"atr_pct":2.2044755337170043,"rs_vs_bench":7.254252921562786},"AAPL":{"current":274.1400146484375,"sma_20":260.52550048828124,"sma_50":260.2484002685547,"sma_200":253.04356590270996,"rsi":63.50012646945645,"avg_vol_20":41572784.85,"current_vol":"20168197","vol_ratio":0.48512980481748985,"high_52w":285.9224548339844,"low_52w":194.67758178710938,"off_high":-4.120851645733152,"off_low":40.817454239915854,"trend_signals":["Golden Cross","Above 20d","Above 50d"],"macd":3.976324594213793,"macd_signal":2.120193958227314,"macd_histogram":1.8561306359864789,"macd_crossover":null,"bb_upper":276.4865762597149,"bb_lower":244.56442471684755,"bb_width":12.25298540182759,"bb_pct_b":0.9264911198693393,"atr":6.042808715083327,"atr_pct":2.2042782491394926,"rs_vs_bench":-5.09161432611247}}