{"GOOG":{"current":349.42999267578125,"sma_20":319.36549682617186,"sma_50":309.30205993652345,"sma_200":277.3806469726562,"rsi":72.92936055546855,"avg_vol_20":16353140.15,"current_vol":"8248503","vol_ratio":0.5043987224679903,"high_52w":349.42999267578125,"low_52w":152.27357482910156,"off_high":0.0,"off_low":129.47513583230094,"trend_signals":["Golden Cross","Above 20d","Above 50d"],"macd":11.001056836566704,"macd_signal":8.164107970781169,"macd_histogram":2.8369488657855353,"macd_crossover":null,"bb_upper":361.8829362825867,"bb_lower":276.84805736975704,"bb_width":26.626194675974485,"bb_pct_b":0.8535548734117548,"atr":7.714947746982347,"atr_pct":2.2078664993536097,"rs_vs_bench":9.20625256987293},"NVDA":{"current":211.25970458984375,"sma_20":190.56998519897462,"sma_50":185.50818481445313,"sma_200":183.0671257019043,"rsi":73.42048126113428,"avg_vol_20":145131493.95,"current_vol":"78025979","vol_ratio":0.5376226543005279,"high_52w":211.25970458984375,"low_52w":108.70439147949219,"off_high":0.0,"off_low":94.34330270796771,"trend_signals":["Golden Cross","Above 20d","Above 50d"],"macd":7.142221617324509,"macd_signal":5.090829655201671,"macd_histogram":2.051391962122838,"macd_crossover":null,"bb_upper":216.59515687768243,"bb_lower":164.5448135202668,"bb_width":27.312980741993403,"bb_pct_b":0.8974943882463643,"atr":5.387010880421815,"atr_pct":2.549947180358215,"rs_vs_bench":9.179936341744789},"MSFT":{"current":423.80999755859375,"sma_20":395.3240005493164,"sma_50":394.44184631347656,"sma_200":468.2811904907227,"rsi":62.911741280126805,"avg_vol_20":32488981.3,"current_vol":"13765726","vol_ratio":0.42370445145351476,"high_52w":539.8251953125,"low_52w":356.7699890136719,"off_high":-21.491252865058676,"off_low":18.790820587309216,"trend_signals":["Death Cross","Above 20d","Above 50d"],"macd":10.181214199583394,"macd_signal":5.7517207238608465,"macd_histogram":4.4294934757225475,"macd_crossover":null,"bb_upper":446.1654267017736,"bb_lower":344.4825743968592,"bb_width":25.721396162039877,"bb_pct_b":0.7801455345081878,"atr":10.285339949148723,"atr_pct":2.426875252683657,"rs_vs_bench":-0.6583874643105716},"AAPL":{"current":266.75,"sma_20":262.29599914550784,"sma_50":260.24579956054686,"sma_200":253.61774055480956,"rsi":54.23486641869916,"avg_vol_20":40437885.6,"current_vol":"15589312","vol_ratio":0.3855125402501262,"high_52w":285.9224548339844,"low_52w":194.67758178710938,"off_high":-6.705473637989192,"off_low":37.02142668471492,"trend_signals":["Golden Cross","Above 20d","Above 50d"],"macd":3.7079504269342465,"macd_signal":2.734372660526134,"macd_histogram":0.9735777664081127,"macd_crossover":null,"bb_upper":277.39218327396947,"bb_lower":247.19981501704618,"bb_width":11.51080014765081,"bb_pct_b":0.6475207514889413,"atr":5.888951624822829,"atr_pct":2.2076669633825037,"rs_vs_bench":-10.566502094186657},"AMZN":{"current":262.5299987792969,"sma_20":236.11100006103516,"sma_50":219.899599609375,"sma_200":226.60544998168945,"rsi":78.03578032337577,"avg_vol_20":44743862.8,"current_vol":"22056556","vol_ratio":0.49295153837276656,"high_52w":263.989990234375,"low_52w":184.4199981689453,"off_high":-0.5530480355644996,"off_low":42.354409167055614,"trend_signals":["Death Cross","Above 20d","Above 50d"],"macd":12.385613805594858,"macd_signal":9.975998970637448,"macd_histogram":2.4096148349574094,"macd_crossover":null,"bb_upper":276.90455434921097,"bb_lower":195.31744577285934,"bb_width":34.554556354960674,"bb_pct_b":0.8238133962492131,"atr":6.4382646831988195,"atr_pct":2.4523919982993356,"rs_vs_bench":11.919970910989399}}