{"GOOG":{"current":348.5199890136719,"sma_20":319.3199966430664,"sma_50":309.28385986328124,"sma_200":277.3760969543457,"rsi":72.55148823437536,"avg_vol_20":16811665.0,"current_vol":"17401500","vol_ratio":1.0350848651814082,"high_52w":348.5199890136719,"low_52w":152.2735595703125,"off_high":0.0,"off_low":128.87754774836162,"trend_signals":["Golden Cross","Above 20d","Above 50d"],"macd":10.928463952636037,"macd_signal":8.14958939500576,"macd_histogram":2.7788745576302762,"macd_crossover":null,"bb_upper":361.7037055884789,"bb_lower":276.93628769765394,"bb_width":26.54622910621453,"bb_pct_b":0.8444718866889774,"atr":7.804233461120368,"atr_pct":2.239249887275252,"rs_vs_bench":8.619635668651181},"AMZN":{"current":261.1199951171875,"sma_20":236.04049987792968,"sma_50":219.8713995361328,"sma_200":226.5983999633789,"rsi":75.90916873097174,"avg_vol_20":45887355.0,"current_vol":"44844200","vol_ratio":0.9772670488416689,"high_52w":263.989990234375,"low_52w":184.4199981689453,"off_high":-1.0871605831113018,"off_low":41.58984801527765,"trend_signals":["Death Cross","Above 20d","Above 50d"],"macd":12.273134880982155,"macd_signal":9.953503185714908,"macd_histogram":2.3196316952672476,"macd_crossover":null,"bb_upper":276.64625206150953,"bb_lower":195.43474769434982,"bb_width":34.40575003406573,"bb_pct_b":0.8088170257981265,"atr":6.4382646831988195,"atr_pct":2.4656344989242984,"rs_vs_bench":10.964848899005862},"NVDA":{"current":216.61000061035156,"sma_20":190.8375,"sma_50":185.6151907348633,"sma_200":183.09387756347655,"rsi":76.28291845314999,"avg_vol_20":150528320.0,"current_vol":"185608200","vol_ratio":1.2330450509246367,"high_52w":216.61000061035156,"low_52w":108.70438385009766,"off_high":0.0,"off_low":99.26519330540961,"trend_signals":["Golden Cross","Above 20d","Above 50d"],"macd":7.569025858176843,"macd_signal":5.176190503245363,"macd_histogram":2.3928353549314805,"macd_crossover":null,"bb_upper":217.84941567508804,"bb_lower":163.82558432491197,"bb_width":28.308813178843817,"bb_pct_b":0.9770579939674634,"atr":5.735582657857584,"atr_pct":2.6478845121167907,"rs_vs_bench":12.165749503076292},"AAPL":{"current":267.6099853515625,"sma_20":262.33899841308596,"sma_50":260.26299926757815,"sma_200":253.62204071044923,"rsi":55.2449978657819,"avg_vol_20":41730430.0,"current_vol":"41407600","vol_ratio":0.9922639186799657,"high_52w":285.9224548339844,"low_52w":194.67758178710938,"off_high":-6.4046979077088135,"off_low":37.46317521254641,"trend_signals":["Golden Cross","Above 20d","Above 50d"],"macd":3.7765532471447045,"macd_signal":2.748093224749638,"macd_histogram":1.0284600223950666,"macd_crossover":null,"bb_upper":277.49338655255207,"bb_lower":247.18461027361988,"bb_width":11.553286572821012,"bb_pct_b":0.6739095927188726,"atr":5.888951624941896,"atr_pct":2.200572455174088,"rs_vs_bench":-10.471260655590367},"MSFT":{"current":424.82000732421875,"sma_20":395.37450103759767,"sma_50":394.46204650878906,"sma_200":468.286240234375,"rsi":63.562549312784725,"avg_vol_20":33343750.0,"current_vol":"30817600","vol_ratio":0.9242391752577319,"high_52w":539.8252563476562,"low_52w":356.7699890136719,"off_high":-21.304162350894572,"off_low":19.07391888501561,"trend_signals":["Death Cross","Above 20d","Above 50d"],"macd":10.261784780015603,"macd_signal":5.767834841011999,"macd_histogram":4.4939499390036035,"macd_crossover":null,"bb_upper":446.3369264050665,"bb_lower":344.41207567012884,"bb_width":25.77931820778832,"bb_pct_b":0.788894279209651,"atr":10.45934464011405,"atr_pct":2.462064982766119,"rs_vs_bench":-0.6304694370523833}}