{"AMZN":{"current":253.52000427246094,"sma_20":221.56850051879883,"sma_50":214.30320037841796,"sma_200":225.59930000305175,"rsi":77.83912740665531,"avg_vol_20":45869024.6,"current_vol":"25429092","vol_ratio":0.554384842968734,"high_52w":254.0,"low_52w":167.32000732421875,"off_high":-0.1889746958815207,"off_low":51.51804516791051,"trend_signals":["Death Cross","Above 20d","Above 50d"],"macd":10.174031821815106,"macd_signal":5.687541239198952,"macd_histogram":4.486490582616154,"macd_crossover":null,"bb_upper":258.3951625430094,"bb_lower":184.74183849458825,"bb_width":33.241784764514435,"bb_pct_b":0.9338093923996771,"atr":6.593266583546854,"atr_pct":2.6006888894104754,"rs_vs_bench":11.718971798377709},"NVDA":{"current":200.7449951171875,"sma_20":181.3917495727539,"sma_50":183.27328582763673,"sma_200":181.75265312194824,"rsi":70.71627554426044,"avg_vol_20":160730788.25,"current_vol":"95924165","vol_ratio":0.5968001902087355,"high_52w":207.01727294921875,"low_52w":96.88717651367188,"off_high":-3.0298330871983987,"off_low":107.19459720127165,"trend_signals":["Golden Cross","Above 20d","Above 50d"],"macd":4.648968437282264,"macd_signal":1.6947738015172162,"macd_histogram":2.9541946357650475,"macd_crossover":null,"bb_upper":202.68012307137468,"bb_lower":160.1033760741331,"bb_width":23.472262160503934,"bb_pct_b":0.9545496523181409,"atr":5.131558277098306,"atr_pct":2.556257143099728,"rs_vs_bench":4.512620402017408},"MSFT":{"current":427.739990234375,"sma_20":380.1744979858398,"sma_50":392.2014666748047,"sma_200":470.4692677307129,"rsi":73.3349688225452,"avg_vol_20":34396902.3,"current_vol":"26170546","vol_ratio":0.7608401992641065,"high_52w":539.8251953125,"low_52w":356.3916015625,"off_high":-20.76324077708894,"off_low":20.019660496787186,"trend_signals":["Death Cross","Above 20d","Above 50d"],"macd":4.2559442350486165,"macd_signal":-3.454509254020074,"macd_histogram":7.710453489068691,"macd_crossover":null,"bb_upper":418.33132646706275,"bb_lower":342.0176695046169,"bb_width":20.07332353084038,"bb_pct_b":1.123289384126124,"atr":9.916485850111814,"atr_pct":2.318344339204336,"rs_vs_bench":0.28541826420680394},"GOOG":{"current":336.7699890136719,"sma_20":304.1339965820313,"sma_50":306.92365234375,"sma_200":272.5369303894043,"rsi":71.89733097760522,"avg_vol_20":19864516.75,"current_vol":"8637435","vol_ratio":0.43481727286418886,"high_52w":344.6571960449219,"low_52w":149.3437042236328,"off_high":-2.2884208198055433,"off_low":125.49995713872208,"trend_signals":["Golden Cross","Above 20d","Above 50d"],"macd":8.075739340236794,"macd_signal":3.0369259523659733,"macd_histogram":5.038813387870821,"macd_crossover":null,"bb_upper":344.0482916069199,"bb_lower":264.2197015571426,"bb_width":26.247835147310095,"bb_pct_b":0.9088258656615426,"atr":7.69970964901098,"atr_pct":2.286340796447392,"rs_vs_bench":0.9847400365191383},"AAPL":{"current":270.8900146484375,"sma_20":256.4189994812012,"sma_50":260.56724060058593,"sma_200":251.83113327026368,"rsi":64.71541821661862,"avg_vol_20":42605803.35,"current_vol":"29813867","vol_ratio":0.6997607052514361,"high_52w":285.9224548339844,"low_52w":192.32177734375,"off_high":-5.257523475823255,"off_low":40.85249127261187,"trend_signals":["Golden Cross","Above 20d","Above 50d"],"macd":2.1131654463135305,"macd_signal":0.24780970305460998,"macd_histogram":1.8653557432589205,"macd_crossover":null,"bb_upper":268.8357561640227,"bb_lower":244.00224279837965,"bb_width":9.68473998256267,"bb_pct_b":1.0827212184666886,"atr":6.111454897534911,"atr_pct":2.2560650326909943,"rs_vs_bench":-2.4922750437643693}}