{"AMZN":{"current":253.3300018310547,"sma_20":227.8590003967285,"sma_50":216.43980010986328,"sma_200":226.00809997558594,"rsi":75.85011799037589,"avg_vol_20":45040981.6,"current_vol":"17795132","vol_ratio":0.3950875706492151,"high_52w":254.0,"low_52w":173.17999267578125,"off_high":-0.26377880667138287,"off_low":46.28133303211659,"trend_signals":["Death Cross","Above 20d","Above 50d"],"macd":10.834416640590803,"macd_signal":8.043016917709327,"macd_histogram":2.7913997228814758,"macd_crossover":null,"bb_upper":267.3222274497071,"bb_lower":188.3957733437499,"bb_width":34.638286821471716,"bb_pct_b":0.8227181776104102,"atr":6.346339125162978,"atr_pct":2.505166809810131,"rs_vs_bench":8.403833484707858},"GOOG":{"current":335.2550048828125,"sma_20":309.97124633789065,"sma_50":307.4359338378906,"sma_200":274.87239936828615,"rsi":66.07705141973543,"avg_vol_20":17870174.4,"current_vol":"5943288","vol_ratio":0.332581421253505,"high_52w":344.6571960449219,"low_52w":152.27357482910156,"off_high":-2.7279834194681705,"off_low":120.16624043867962,"trend_signals":["Golden Cross","Above 20d","Above 50d"],"macd":9.237823931059722,"macd_signal":5.999187020575076,"macd_histogram":3.2386369104846464,"macd_crossover":null,"bb_upper":354.51929156729403,"bb_lower":265.42320110848726,"bb_width":28.74334039412343,"bb_pct_b":0.7837807856071047,"atr":7.559113822911112,"atr_pct":2.2547355633224266,"rs_vs_bench":4.513717718447419},"MSFT":{"current":431.4200134277344,"sma_20":386.7290008544922,"sma_50":393.4623040771484,"sma_200":469.41747787475583,"rsi":72.60175975015352,"avg_vol_20":33113983.55,"current_vol":"15521071","vol_ratio":0.46871651598679376,"high_52w":539.8251953125,"low_52w":356.7699890136719,"off_high":-20.08153432371952,"off_low":20.92385198105938,"trend_signals":["Death Cross","Above 20d","Above 50d"],"macd":9.03149065362686,"macd_signal":1.8525141456191843,"macd_histogram":7.178976508007676,"macd_crossover":null,"bb_upper":436.0205599736975,"bb_lower":337.4374417352869,"bb_width":25.491524561278712,"bb_pct_b":0.9533333229038535,"atr":9.714600400970857,"atr_pct":2.251773236894147,"rs_vs_bench":5.018047994251363},"NVDA":{"current":201.85000610351562,"sma_20":185.45100021362305,"sma_50":184.42177856445312,"sma_200":182.40252265930175,"rsi":69.29277934504017,"avg_vol_20":149700146.6,"current_vol":"59658432","vol_ratio":0.39851952957272524,"high_52w":207.01727294921875,"low_52w":98.86669921875,"off_high":-2.4960558952830247,"off_low":104.16379599859738,"trend_signals":["Golden Cross","Above 20d","Above 50d"],"macd":5.885104792022247,"macd_signal":3.6315807182381583,"macd_histogram":2.2535240737840887,"macd_crossover":null,"bb_upper":210.1630480931537,"bb_lower":160.7389523340924,"bb_width":26.65075718229027,"bb_pct_b":0.8318018395285669,"atr":4.815160630205301,"atr_pct":2.3855142356230203,"rs_vs_bench":1.7121928774826092},"AAPL":{"current":273.239990234375,"sma_20":259.45299835205077,"sma_50":260.2405993652344,"sma_200":252.72008010864258,"rsi":62.79431418903502,"avg_vol_20":40984301.6,"current_vol":"23173232","vol_ratio":0.5654172718658698,"high_52w":285.9224548339844,"low_52w":194.67759704589844,"off_high":-4.435630845074136,"off_low":40.355127852720614,"trend_signals":["Golden Cross","Above 20d","Above 50d"],"macd":3.4996367345483463,"macd_signal":1.6572777670737833,"macd_histogram":1.842358967474563,"macd_crossover":null,"bb_upper":274.43370214200195,"bb_lower":244.47229456209956,"bb_width":11.547913406361127,"bb_pct_b":0.9601583502229157,"atr":6.173932790712427,"atr_pct":2.259527525753701,"rs_vs_bench":-3.0926753701018495}}