{"GOOG":{"current":316.2298889160156,"sma_20":297.83549346923826,"sma_50":307.75657043457034,"sma_200":268.65305877685546,"rsi":62.602847999951464,"avg_vol_20":19830966.3,"current_vol":"4442526","vol_ratio":0.2240196434603391,"high_52w":344.6571960449219,"low_52w":149.34368896484375,"off_high":-8.247994661107002,"off_low":111.74640261528408,"trend_signals":["Golden Cross","Above 20d","Above 50d"],"macd":0.9391457117282016,"macd_signal":-3.095435062023944,"macd_histogram":4.034580773752145,"macd_crossover":null,"bb_upper":323.3671009935306,"bb_lower":272.30388594494593,"bb_width":17.1447715830614,"bb_pct_b":0.8602279141506428,"atr":8.085033122593577,"atr_pct":2.556694798934961,"rs_vs_bench":1.8018844255607958},"NVDA":{"current":188.8489990234375,"sma_20":177.43144912719725,"sma_50":182.0765658569336,"sma_200":180.72602699279784,"rsi":61.54666438629451,"avg_vol_20":165684721.55,"current_vol":"81508631","vol_ratio":0.49195019454707223,"high_52w":207.01727294921875,"low_52w":96.88717651367188,"off_high":-8.77621160154975,"off_low":94.91640258170675,"trend_signals":["Golden Cross","Above 20d","Above 50d"],"macd":0.1462944187163373,"macd_signal":-1.6589086448198522,"macd_histogram":1.8052030635361895,"macd_crossover":null,"bb_upper":188.64490656067025,"bb_lower":166.21799169372426,"bb_width":12.639763118244366,"bb_pct_b":1.0091003360907234,"atr":5.386746441882518,"atr_pct":2.852409316299307,"rs_vs_bench":1.6730250001624425},"MSFT":{"current":370.6300048828125,"sma_20":377.1134994506836,"sma_50":393.6176507568359,"sma_200":472.58869247436525,"rsi":38.20154610256737,"avg_vol_20":30840151.35,"current_vol":"11214027","vol_ratio":0.36361776804315193,"high_52w":539.8252563476562,"low_52w":356.3916320800781,"off_high":-31.34259641899364,"off_low":3.9951478994139618,"trend_signals":["Death Cross","Below 20d","Below 50d"],"macd":-8.334547100034968,"macd_signal":-9.78215272009074,"macd_histogram":1.4476056200557732,"macd_crossover":null,"bb_upper":401.9304238971172,"bb_lower":352.29657500425003,"bb_width":13.161514760189045,"bb_pct_b":0.3693735280964108,"atr":8.425177159869886,"atr_pct":2.273204286990687,"rs_vs_bench":-9.397655210241018},"AAPL":{"current":261.6199951171875,"sma_20":253.34199905395508,"sma_50":260.86490356445313,"sma_200":250.3108113861084,"rsi":56.97159581145447,"avg_vol_20":39717268.0,"current_vol":"9166360","vol_ratio":0.23079029504244855,"high_52w":285.9224548339844,"low_52w":189.5936737060547,"off_high":-8.499668111379238,"off_low":37.98983373401064,"trend_signals":["Golden Cross","Above 20d","Above 50d"],"macd":-0.07053752402674718,"macd_signal":-1.6118536217181991,"macd_histogram":1.541316097691452,"macd_crossover":null,"bb_upper":261.76077074804243,"bb_lower":244.92322735986772,"bb_width":6.646171361657552,"bb_pct_b":0.9916391822958092,"atr":5.89512595475582,"atr_pct":2.253316284986251,"rs_vs_bench":1.5002222971363999},"AMZN":{"current":238.0,"sma_20":212.17999954223632,"sma_50":213.39500030517578,"sma_200":224.85555000305175,"rsi":71.27253811748601,"avg_vol_20":43059632.45,"current_vol":"29044749","vol_ratio":0.674523848612182,"high_52w":254.0,"low_52w":167.32000732421875,"off_high":-6.299212598425196,"off_low":42.242403527286164,"trend_signals":["Death Cross","Above 20d","Above 50d"],"macd":3.5911719564646774,"macd_signal":0.05761428057843998,"macd_histogram":3.5335576758862373,"macd_crossover":null,"bb_upper":230.93517315775995,"bb_lower":193.42482592671269,"bb_width":17.67854996322615,"bb_pct_b":1.1883434135846256,"atr":6.688685224235086,"atr_pct":2.8103719429559186,"rs_vs_bench":11.507332166527817}}