{"GOOG":{"current":348.5199890136719,"sma_20":319.3199966430664,"sma_50":309.28385986328124,"sma_200":277.3760969543457,"rsi":72.55148823437536,"avg_vol_20":16808021.6,"current_vol":"17346132","vol_ratio":1.032015094507018,"high_52w":348.5199890136719,"low_52w":152.2735595703125,"off_high":0.0,"off_low":128.87754774836162,"trend_signals":["Golden Cross","Above 20d","Above 50d"],"macd":10.928463952636037,"macd_signal":8.14958939500576,"macd_histogram":2.7788745576302762,"macd_crossover":null,"bb_upper":361.7037055884789,"bb_lower":276.93628769765394,"bb_width":26.54622910621453,"bb_pct_b":0.8444718866889774,"atr":7.803520657688448,"atr_pct":2.23904536430544,"rs_vs_bench":8.619635668651181},"AMZN":{"current":261.1199951171875,"sma_20":236.04049987792968,"sma_50":219.8713995361328,"sma_200":226.5983999633789,"rsi":75.90916873097174,"avg_vol_20":45880685.6,"current_vol":"44793012","vol_ratio":0.9762934318488039,"high_52w":263.989990234375,"low_52w":184.4199981689453,"off_high":-1.0871605831113018,"off_low":41.58984801527765,"trend_signals":["Death Cross","Above 20d","Above 50d"],"macd":12.273134880982155,"macd_signal":9.953503185714908,"macd_histogram":2.3196316952672476,"macd_crossover":null,"bb_upper":276.64625206150953,"bb_lower":195.43474769434982,"bb_width":34.40575003406573,"bb_pct_b":0.8088170257981265,"atr":6.4382646831988195,"atr_pct":2.4656344989242984,"rs_vs_bench":10.964848899005862},"NVDA":{"current":216.61000061035156,"sma_20":190.8375,"sma_50":185.6151907348633,"sma_200":183.09387741088867,"rsi":76.28291845313547,"avg_vol_20":150473638.0,"current_vol":"184868860","vol_ratio":1.2285797197247268,"high_52w":216.61000061035156,"low_52w":108.70439147949219,"off_high":0.0,"off_low":99.26517932002452,"trend_signals":["Golden Cross","Above 20d","Above 50d"],"macd":7.5690258581782075,"macd_signal":5.1761905032473585,"macd_histogram":2.392835354930849,"macd_crossover":null,"bb_upper":217.8494156750879,"bb_lower":163.8255843249121,"bb_width":28.308813178843668,"bb_pct_b":0.977057993967466,"atr":5.734868764513132,"atr_pct":2.6475549366851667,"rs_vs_bench":12.165749503076292},"MSFT":{"current":424.82000732421875,"sma_20":395.37450103759767,"sma_50":394.46204650878906,"sma_200":468.2862413024902,"rsi":63.56254931284626,"avg_vol_20":33339168.35,"current_vol":"30769467","vol_ratio":0.9229224519633226,"high_52w":539.8252563476562,"low_52w":356.7699890136719,"off_high":-21.304162350894572,"off_low":19.07391888501561,"trend_signals":["Death Cross","Above 20d","Above 50d"],"macd":10.261784779999573,"macd_signal":5.767834840988389,"macd_histogram":4.493949939011184,"macd_crossover":null,"bb_upper":446.33692640506484,"bb_lower":344.4120756701305,"bb_width":25.779318207787487,"bb_pct_b":0.7888942792096604,"atr":10.457195330661808,"atr_pct":2.461559048625733,"rs_vs_bench":-0.6304694370523833},"AAPL":{"current":267.6099853515625,"sma_20":262.33899841308596,"sma_50":260.26299926757815,"sma_200":253.62204055786134,"rsi":55.24499786579166,"avg_vol_20":41719113.3,"current_vol":"41213866","vol_ratio":0.9878893087595897,"high_52w":285.9224548339844,"low_52w":194.67758178710938,"off_high":-6.4046979077088135,"off_low":37.46317521254641,"trend_signals":["Golden Cross","Above 20d","Above 50d"],"macd":3.7765532471439087,"macd_signal":2.7480932247484775,"macd_histogram":1.0284600223954312,"macd_crossover":null,"bb_upper":277.4933865525548,"bb_lower":247.18461027361712,"bb_width":11.553286572823101,"bb_pct_b":0.6739095927188417,"atr":5.888951624943384,"atr_pct":2.200572455174644,"rs_vs_bench":-10.471260655590367}}