{"AMZN":{"current":263.0849914550781,"sma_20":241.71875,"sma_50":222.32829986572267,"sma_200":226.95877494812012,"rsi":75.53315521432236,"avg_vol_20":44611712.4,"current_vol":"37137748","vol_ratio":0.8324663188674193,"high_52w":263.989990234375,"low_52w":184.4199981689453,"off_high":-0.3428155660346822,"off_low":42.65534869709119,"trend_signals":["Death Cross","Above 20d","Above 50d"],"macd":12.294893714035538,"macd_signal":10.783134703805985,"macd_histogram":1.5117590102295537,"macd_crossover":null,"bb_upper":278.6417467184416,"bb_lower":204.79575328155838,"bb_width":30.55037866813527,"bb_pct_b":0.7893351482005594,"atr":6.435594302929728,"atr_pct":2.446203512916322,"rs_vs_bench":12.107215482135913},"NVDA":{"current":208.9499969482422,"sma_20":194.9650001525879,"sma_50":186.70238861083985,"sma_200":183.55980049133302,"rsi":65.02782381321879,"avg_vol_20":142629572.25,"current_vol":"72440345","vol_ratio":0.5078914832123813,"high_52w":216.61000061035156,"low_52w":108.89433288574219,"off_high":-3.536311177011885,"off_low":91.88326096591621,"trend_signals":["Golden Cross","Above 20d","Above 50d"],"macd":7.979570763366837,"macd_signal":6.1949709888307884,"macd_histogram":1.7845997745360487,"macd_crossover":null,"bb_upper":220.1918557586545,"bb_lower":169.73814454652128,"bb_width":25.878342868025538,"bb_pct_b":0.7771846997905509,"atr":5.83256899438357,"atr_pct":2.791370700918614,"rs_vs_bench":6.058241502131789},"MSFT":{"current":423.2001037597656,"sma_20":401.54050598144534,"sma_50":395.5838018798828,"sma_200":467.5458515930176,"rsi":60.88089982361005,"avg_vol_20":31190189.8,"current_vol":"16547296","vol_ratio":0.5305288652010703,"high_52w":539.8252563476562,"low_52w":356.7699890136719,"off_high":-21.60424159791111,"off_low":18.61987184789471,"trend_signals":["Death Cross","Above 20d","Above 50d"],"macd":10.650025657535593,"macd_signal":7.552492578432833,"macd_histogram":3.09753307910276,"macd_crossover":null,"bb_upper":450.8231288407353,"bb_lower":352.25788312215536,"bb_width":24.5467752942301,"bb_pct_b":0.7197488335813824,"atr":10.190456001916358,"atr_pct":2.4079521510942463,"rs_vs_bench":1.741266350714188},"GOOG":{"current":347.3999938964844,"sma_20":326.06499633789065,"sma_50":311.0136322021484,"sma_200":279.0340881347656,"rsi":71.22468191362549,"avg_vol_20":15539653.95,"current_vol":"10435279","vol_ratio":0.6715258289261969,"high_52w":348.5199890136719,"low_52w":152.27357482910156,"off_high":-0.32135749813293046,"off_low":128.14200972583424,"trend_signals":["Golden Cross","Above 20d","Above 50d"],"macd":11.468095567100193,"macd_signal":9.318598591184658,"macd_histogram":2.1494969759155342,"macd_crossover":null,"bb_upper":361.6629104431614,"bb_lower":290.4670822326199,"bb_width":21.83485777687207,"bb_pct_b":0.7996664003331979,"atr":7.884773965069178,"atr_pct":2.26965287956183,"rs_vs_bench":4.970419154620664},"AAPL":{"current":270.29998779296875,"sma_20":264.36849746704104,"sma_50":260.6899987792969,"sma_200":254.2345583343506,"rsi":57.708495551858896,"avg_vol_20":39971977.25,"current_vol":"13837445","vol_ratio":0.3461786469419648,"high_52w":285.9224548339844,"low_52w":194.67758178710938,"off_high":-5.463882523702632,"off_low":38.84494830460583,"trend_signals":["Golden Cross","Above 20d","Above 50d"],"macd":3.7255652707328863,"macd_signal":3.110376483147791,"macd_histogram":0.6151887875850952,"macd_crossover":null,"bb_upper":277.52407752193676,"bb_lower":251.2129174121453,"bb_width":9.952456651183146,"bb_pct_b":0.7254362901968877,"atr":5.736189579642648,"atr_pct":2.1221568030688096,"rs_vs_bench":-7.093469917253459}}