{"AMZN":{"current":239.88999938964844,"sma_20":213.80999984741212,"sma_50":213.3658004760742,"sma_200":224.99694999694825,"rsi":72.21835495682525,"avg_vol_20":44673623.15,"current_vol":"39846563","vol_ratio":0.8919483173819986,"high_52w":254.0,"low_52w":167.32000732421875,"off_high":-5.555118350532111,"off_low":43.37197519051599,"trend_signals":["Death Cross","Above 20d","Above 50d"],"macd":5.066829417135722,"macd_signal":1.0643075091370697,"macd_histogram":4.002521907998652,"macd_crossover":null,"bb_upper":236.21759897135334,"bb_lower":191.4024007234709,"bb_width":20.960291043386796,"bb_pct_b":1.081945423915839,"atr":6.514493399267716,"atr_pct":2.7156169143534643,"rs_vs_bench":10.33172726257705},"GOOG":{"current":319.2099914550781,"sma_20":298.69749908447267,"sma_50":307.36214050292966,"sma_200":269.3910362243652,"rsi":64.24684649871814,"avg_vol_20":19972480.2,"current_vol":"12123704","vol_ratio":0.6070204540746021,"high_52w":344.6571960449219,"low_52w":149.34371948242188,"off_high":-7.383337670549324,"off_low":113.7418249400504,"trend_signals":["Golden Cross","Above 20d","Above 50d"],"macd":2.165199899902177,"macd_signal":-2.0498160724678587,"macd_histogram":4.215015972370036,"macd_crossover":null,"bb_upper":325.868389493613,"bb_lower":271.52660867533234,"bb_width":18.19291456568661,"bb_pct_b":0.8774718469238134,"atr":8.012012449723603,"atr_pct":2.509950397605621,"rs_vs_bench":1.8955357540028972},"NVDA":{"current":189.30999755859375,"sma_20":177.8734992980957,"sma_50":182.00839447021485,"sma_200":180.90005989074706,"rsi":61.99609780838632,"avg_vol_20":167932316.35,"current_vol":"126951527","vol_ratio":0.755968414890503,"high_52w":207.01727294921875,"low_52w":96.88717651367188,"off_high":-8.553525577051046,"off_low":95.39221223138851,"trend_signals":["Golden Cross","Above 20d","Above 50d"],"macd":0.8945270323931709,"macd_signal":-1.1510166641847244,"macd_histogram":2.0455436965778953,"macd_crossover":null,"bb_upper":190.19863368002225,"bb_lower":165.54836491616916,"bb_width":13.858314398224127,"bb_pct_b":0.9639502461437016,"atr":5.281263671222557,"atr_pct":2.7897436687610444,"rs_vs_bench":0.36099481577946957},"MSFT":{"current":384.3699951171875,"sma_20":376.5664993286133,"sma_50":392.65959411621094,"sma_200":472.06460708618164,"rsi":51.52044565197234,"avg_vol_20":32083792.75,"current_vol":"34812755","vol_ratio":1.0850573456593595,"high_52w":539.8251953125,"low_52w":356.3916015625,"off_high":-28.797322085961707,"off_low":7.850463768513063,"trend_signals":["Death Cross","Above 20d","Below 50d"],"macd":-6.829408661415869,"macd_signal":-9.188540820358194,"macd_histogram":2.359132158942325,"macd_crossover":null,"bb_upper":400.09315990090715,"bb_lower":353.03983875631945,"bb_width":12.495355064372388,"bb_pct_b":0.6658436768914832,"atr":8.839139049020098,"atr_pct":2.2996433544000237,"rs_vs_bench":-6.858367192927095},"AAPL":{"current":259.20001220703125,"sma_20":253.7390007019043,"sma_50":260.86533325195313,"sma_200":250.59636909484863,"rsi":53.65815092393941,"avg_vol_20":40731299.9,"current_vol":"35080398","vol_ratio":0.8612638949929512,"high_52w":285.9224548339844,"low_52w":192.32179260253906,"off_high":-9.346045466232802,"off_low":34.77412450221164,"trend_signals":["Golden Cross","Above 20d","Below 50d"],"macd":0.07909302916584693,"macd_signal":-1.2882145806006489,"macd_histogram":1.3673076097664958,"macd_crossover":null,"bb_upper":262.1977980914046,"bb_lower":245.28020331240404,"bb_width":6.6673214335211926,"bb_pct_b":0.8228007040283037,"atr":5.75022073327761,"atr_pct":2.2184492524964567,"rs_vs_bench":-0.4393397142324451}}