{"AMZN":{"current":248.5399932861328,"sma_20":215.64999923706054,"sma_50":213.55060028076173,"sma_200":225.15404998779297,"rsi":76.1456887562816,"avg_vol_20":45488273.65,"current_vol":"56203273","vol_ratio":1.2355551989606008,"high_52w":254.0,"low_52w":167.32000732421875,"off_high":-2.1496089424673968,"off_low":48.54170595661806,"trend_signals":["Death Cross","Above 20d","Above 50d"],"macd":6.8315075495844155,"macd_signal":2.217747517226539,"macd_histogram":4.6137600323578765,"macd_crossover":null,"bb_upper":242.86900567865257,"bb_lower":188.4309927954685,"bb_width":25.24368795538053,"bb_pct_b":1.1041733029390575,"atr":6.927029105472365,"atr_pct":2.7870883127841686,"rs_vs_bench":11.398342467829515},"GOOG":{"current":329.57000732421875,"sma_20":299.9549987792969,"sma_50":307.18770690917967,"sma_200":270.1686964416504,"rsi":69.74759272363151,"avg_vol_20":19829830.75,"current_vol":"11891815","vol_ratio":0.5996932172504801,"high_52w":344.6571960449219,"low_52w":149.3437042236328,"off_high":-4.377447763701035,"off_low":120.67887564293194,"trend_signals":["Golden Cross","Above 20d","Above 50d"],"macd":3.959416782057815,"macd_signal":-0.8479694995465168,"macd_histogram":4.807386281604332,"macd_crossover":null,"bb_upper":330.3747312660189,"bb_lower":269.5352662925749,"bb_width":20.282864169971354,"bb_pct_b":0.9867729944345927,"atr":8.248993318148809,"atr_pct":2.502956317270023,"rs_vs_bench":2.421406515531399},"NVDA":{"current":195.7949981689453,"sma_20":178.50224914550782,"sma_50":182.10190124511718,"sma_200":181.10406356811524,"rsi":67.5527432558539,"avg_vol_20":163167485.1,"current_vol":"115360202","vol_ratio":0.7070048418611068,"high_52w":207.01727294921875,"low_52w":96.88717651367188,"off_high":-5.4209364370412985,"off_low":102.08556510191669,"trend_signals":["Golden Cross","Above 20d","Above 50d"],"macd":2.001564144670624,"macd_signal":-0.5205005024071538,"macd_histogram":2.522064647077778,"macd_crossover":null,"bb_upper":193.0570889253971,"bb_lower":163.94740936561854,"bb_width":16.307738249308848,"bb_pct_b":1.0940549427184778,"atr":5.3689801791611504,"atr_pct":2.74214368567701,"rs_vs_bench":3.526845266512768},"MSFT":{"current":391.5899963378906,"sma_20":376.14849853515625,"sma_50":391.90519165039063,"sma_200":471.54967193603517,"rsi":56.82557871890577,"avg_vol_20":32045632.3,"current_vol":"26146846","vol_ratio":0.8159254202014918,"high_52w":539.8251953125,"low_52w":356.3916320800781,"off_high":-27.459851867195145,"off_low":9.876316133568402,"trend_signals":["Death Cross","Above 20d","Below 50d"],"macd":-5.0113858561544475,"macd_signal":-8.35310982751423,"macd_histogram":3.341723971359782,"macd_crossover":null,"bb_upper":398.1751099217378,"bb_lower":354.1218871485747,"bb_width":11.711657216424001,"bb_pct_b":0.8505191409546818,"atr":8.944915354347241,"atr_pct":2.284255327766074,"rs_vs_bench":-6.052110806347222},"AAPL":{"current":258.05999755859375,"sma_20":254.00100021362306,"sma_50":260.84178466796874,"sma_200":250.8847183227539,"rsi":51.8787381654595,"avg_vol_20":40426112.2,"current_vol":"25822244","vol_ratio":0.638751603722111,"high_52w":285.9224548339844,"low_52w":192.32179260253906,"off_high":-9.74476009293095,"off_low":34.1813603474008,"trend_signals":["Golden Cross","Above 20d","Below 50d"],"macd":0.17573073216840385,"macd_signal":-0.995425518057241,"macd_histogram":1.171156250225645,"macd_crossover":null,"bb_upper":262.66212987360456,"bb_lower":245.33987055364156,"bb_width":6.819760278658121,"bb_pct_b":0.7343226290517952,"atr":5.678054872448523,"atr_pct":2.20028478887329,"rs_vs_bench":-2.587710507073804}}