{"GOOG":{"current":347.0199890136719,"sma_20":323.0139953613281,"sma_50":310.10816833496096,"sma_200":278.20668464660645,"rsi":70.79722172940309,"avg_vol_20":15716997.25,"current_vol":"858945","vol_ratio":0.05465070626006504,"high_52w":348.5199890136719,"low_52w":152.27357482910156,"off_high":-0.4303913827855531,"off_low":127.89245566943346,"trend_signals":["Golden Cross","Above 20d","Above 50d"],"macd":11.269472675185398,"macd_signal":8.773566050095463,"macd_histogram":2.495906625089935,"macd_crossover":null,"bb_upper":361.11244272173485,"bb_lower":284.9155480009214,"bb_width":23.589347772866166,"bb_pct_b":0.8150521256844137,"atr":7.412500843067128,"atr_pct":2.1360443426142495,"rs_vs_bench":7.204965244979334},"AMZN":{"current":258.1400146484375,"sma_20":238.90000076293944,"sma_50":221.05839996337892,"sma_200":226.7640000152588,"rsi":71.4758246935016,"avg_vol_20":43663656.75,"current_vol":"1899835","vol_ratio":0.04351067091970028,"high_52w":263.989990234375,"low_52w":184.4199981689453,"off_high":-2.215983863912335,"off_low":39.973981786919886,"trend_signals":["Death Cross","Above 20d","Above 50d"],"macd":12.087517754395577,"macd_signal":10.380306099451042,"macd_histogram":1.707211654944535,"macd_crossover":null,"bb_upper":277.08359885476,"bb_lower":200.71640267111886,"bb_width":31.966176617730667,"bb_pct_b":0.751940818139131,"atr":6.24410300730627,"atr_pct":2.4188822549693247,"rs_vs_bench":10.177943961209547},"MSFT":{"current":423.9649963378906,"sma_20":398.62475128173827,"sma_50":394.9332244873047,"sma_200":467.9040002441406,"rsi":62.91669079732316,"avg_vol_20":31176790.1,"current_vol":"1457802","vol_ratio":0.04675920758115506,"high_52w":539.8251953125,"low_52w":356.7699890136719,"off_high":-21.462540092731118,"off_low":18.83426560344563,"trend_signals":["Death Cross","Above 20d","Above 50d"],"macd":10.397611530471067,"macd_signal":6.693790177917927,"macd_histogram":3.70382135255314,"macd_crossover":null,"bb_upper":448.07790652614653,"bb_lower":349.17159603733,"bb_width":24.81188390103553,"bb_pct_b":0.7562045326624292,"atr":9.822964188022942,"atr_pct":2.3169281126676458,"rs_vs_bench":0.7655671722679891},"AAPL":{"current":272.0799865722656,"sma_20":263.6114974975586,"sma_50":260.5889990234375,"sma_200":253.92984375,"rsi":59.47044280648267,"avg_vol_20":39857021.1,"current_vol":"1978022","vol_ratio":0.049627943720058895,"high_52w":285.9224548339844,"low_52w":194.67758178710938,"off_high":-4.8413365329267775,"off_low":39.75927997184598,"trend_signals":["Golden Cross","Above 20d","Above 50d"],"macd":3.8998109239938685,"macd_signal":2.9784367645984844,"macd_histogram":0.9213741593953841,"macd_crossover":null,"bb_upper":277.42676611883775,"bb_lower":249.7962288762795,"bb_width":10.481537226127296,"bb_pct_b":0.8064902068448858,"atr":5.869027642384663,"atr_pct":2.157096417242664,"rs_vs_bench":-6.560196492986403},"NVDA":{"current":208.72999572753906,"sma_20":193.0154998779297,"sma_50":186.13378845214845,"sma_200":183.31306442260743,"rsi":65.15377379321127,"avg_vol_20":142059068.1,"current_vol":"16241962","vol_ratio":0.11433245492337564,"high_52w":216.61000061035156,"low_52w":108.70439147949219,"off_high":-3.637876764973299,"off_low":92.01615766085897,"trend_signals":["Golden Cross","Above 20d","Above 50d"],"macd":7.685154992077145,"macd_signal":5.677983401013259,"macd_histogram":2.0071715910638854,"macd_crossover":null,"bb_upper":218.2814708721278,"bb_lower":167.74952888373159,"bb_width":26.18025081941841,"bb_pct_b":0.8109814353309026,"atr":5.895183983775954,"atr_pct":2.824310882213162,"rs_vs_bench":5.917694993489999}}