{"GOOG":{"current":347.5150146484375,"sma_20":323.0387466430664,"sma_50":310.1180688476563,"sma_200":278.2091593170166,"rsi":71.36670545872965,"avg_vol_20":16357005.1,"current_vol":"13617602","vol_ratio":0.8325241642187909,"high_52w":348.5199890136719,"low_52w":152.27357482910156,"off_high":-0.2883548711448374,"off_low":128.217545321608,"trend_signals":["Golden Cross","Above 20d","Above 50d"],"macd":11.308961900353893,"macd_signal":8.781463896072315,"macd_histogram":2.5274980042815773,"macd_crossover":null,"bb_upper":361.2034464968182,"bb_lower":284.87404678931466,"bb_width":23.628558648366035,"bb_pct_b":0.820666323843301,"atr":7.6482164365623575,"atr_pct":2.2008305006043125,"rs_vs_bench":7.185770297193429},"AMZN":{"current":259.7300109863281,"sma_20":238.979500579834,"sma_50":221.09019989013672,"sma_200":226.77194999694825,"rsi":73.77476525012267,"avg_vol_20":45344613.65,"current_vol":"35456373","vol_ratio":0.7819313066305065,"high_52w":263.989990234375,"low_52w":184.4199981689453,"off_high":-1.6136896873494293,"off_low":40.83614226500104,"trend_signals":["Death Cross","Above 20d","Above 50d"],"macd":12.2143550690991,"macd_signal":10.405673562391748,"macd_histogram":1.8086815067073516,"macd_crossover":null,"bb_upper":277.33798639747033,"bb_lower":200.62101476219766,"bb_width":32.101904744605676,"bb_pct_b":0.7704813545710077,"atr":6.297674435877698,"atr_pct":2.4247003309175543,"rs_vs_bench":10.74961233537297},"MSFT":{"current":429.4949951171875,"sma_20":398.9012512207031,"sma_50":395.0438244628906,"sma_200":467.9316502380371,"rsi":65.49902340236096,"avg_vol_20":32341768.2,"current_vol":"24707664","vol_ratio":0.7639552620378993,"high_52w":539.8251953125,"low_52w":356.7699890136719,"off_high":-20.43813463197903,"off_low":20.384283528043248,"trend_signals":["Death Cross","Above 20d","Above 50d"],"macd":10.838751034232644,"macd_signal":6.782018078670243,"macd_histogram":4.056732955562401,"macd_crossover":null,"bb_upper":449.0084711392992,"bb_lower":348.794031302107,"bb_width":25.12261857552957,"bb_pct_b":0.8052827910447518,"atr":10.28439214909995,"atr_pct":2.3945313137569526,"rs_vs_bench":2.067713057465671},"AAPL":{"current":270.760009765625,"sma_20":263.5454986572266,"sma_50":260.5625994873047,"sma_200":253.9232433319092,"rsi":58.308080787105794,"avg_vol_20":41086873.7,"current_vol":"26515874","vol_ratio":0.645361197194227,"high_52w":285.9224548339844,"low_52w":194.6775665283203,"off_high":-5.30299205676699,"off_low":39.08125861345034,"trend_signals":["Golden Cross","Above 20d","Above 50d"],"macd":3.7945136287469268,"macd_signal":2.9573773053835835,"macd_histogram":0.8371363233633433,"macd_crossover":null,"bb_upper":277.2021271008231,"bb_lower":249.88887021363007,"bb_width":10.363772868956213,"bb_pct_b":0.764139539938251,"atr":5.8690276422742365,"atr_pct":2.1676124355862516,"rs_vs_bench":-7.272064358882568},"NVDA":{"current":213.47999572753906,"sma_20":193.25299987792968,"sma_50":186.22878845214845,"sma_200":183.3368141937256,"rsi":71.43608198179022,"avg_vol_20":149293412.5,"current_vol":"159364650","vol_ratio":1.067459356252574,"high_52w":216.61000061035156,"low_52w":108.70439147949219,"off_high":-1.4449955560652543,"off_low":96.38580633406471,"trend_signals":["Golden Cross","Above 20d","Above 50d"],"macd":8.064072371085729,"macd_signal":5.753766876930832,"macd_histogram":2.310305494154897,"macd_crossover":null,"bb_upper":219.22049459688344,"bb_lower":167.28550515897592,"bb_width":26.874092236970608,"bb_pct_b":0.8894676030269033,"atr":5.926612729504373,"atr_pct":2.7761911411448636,"rs_vs_bench":8.449557006838425}}