{"AMZN":{"current":268.635009765625,"sma_20":247.38425064086914,"sma_50":224.8083004760742,"sma_200":227.37932502746582,"rsi":78.29553029692113,"avg_vol_20":48556103.9,"current_vol":"20122678","vol_ratio":0.4144211825858623,"high_52w":268.635009765625,"low_52w":185.00999450683594,"off_high":0.0,"off_low":45.2002690350327,"trend_signals":["Death Cross","Above 20d","Above 50d"],"macd":12.5839106144158,"macd_signal":11.397454730768722,"macd_histogram":1.1864558836470778,"macd_crossover":null,"bb_upper":280.1840122157053,"bb_lower":214.58448906603297,"bb_width":26.51725927569415,"bb_pct_b":0.8239468536420604,"atr":7.47663593179828,"atr_pct":2.7831949150341173,"rs_vs_bench":11.87601937559002},"GOOG":{"current":379.9750061035156,"sma_20":334.68824768066406,"sma_50":314.10868591308594,"sma_200":281.0129857635498,"rsi":80.5560962065206,"avg_vol_20":17081494.65,"current_vol":"12325493","vol_ratio":0.7215699359189274,"high_52w":381.94000244140625,"low_52w":152.27357482910156,"off_high":-0.514477751827547,"off_low":149.53443598468485,"trend_signals":["Golden Cross","Above 20d","Above 50d"],"macd":16.05012410213436,"macd_signal":11.447057971703519,"macd_histogram":4.603066130430843,"macd_crossover":null,"bb_upper":377.204832684591,"bb_lower":292.1716626767371,"bb_width":25.406679379129717,"bb_pct_b":1.0325775625990277,"atr":9.669017483826646,"atr_pct":2.5446456552441084,"rs_vs_bench":13.285861680678336},"MSFT":{"current":413.3349914550781,"sma_20":405.5177505493164,"sma_50":396.0882995605469,"sma_200":466.6297343444824,"rsi":53.96835596426097,"avg_vol_20":33750790.9,"current_vol":"12138618","vol_ratio":0.35965432738940645,"high_52w":539.8251953125,"low_52w":356.7699890136719,"off_high":-23.43169695593734,"off_low":15.854753534002718,"trend_signals":["Death Cross","Above 20d","Above 50d"],"macd":8.400770294590643,"macd_signal":8.005591464014165,"macd_histogram":0.3951788305764783,"macd_crossover":null,"bb_upper":450.5465590927972,"bb_lower":360.4889420058356,"bb_width":22.208057961696895,"bb_pct_b":0.5868026621025649,"atr":11.147432124689647,"atr_pct":2.696948565967507,"rs_vs_bench":-3.518842440590154},"AAPL":{"current":282.21990966796875,"sma_20":266.46299438476564,"sma_50":261.26019775390625,"sma_200":254.91176788330077,"rsi":67.8539077821763,"avg_vol_20":43562581.8,"current_vol":"36775836","vol_ratio":0.8442069886684265,"high_52w":285.9224548339844,"low_52w":194.67758178710938,"off_high":-1.2949473199526913,"off_low":44.96785252684704,"trend_signals":["Golden Cross","Above 20d","Above 50d"],"macd":4.527170872404497,"macd_signal":3.4880235538912583,"macd_histogram":1.0391473185132387,"macd_crossover":null,"bb_upper":280.623664617352,"bb_lower":252.30232415217924,"bb_width":10.628620507160363,"bb_pct_b":1.0563619173527352,"atr":6.6001818663984855,"atr_pct":2.3386662812569066,"rs_vs_bench":-5.3440193746741915},"NVDA":{"current":199.38999938964844,"sma_20":197.27100067138673,"sma_50":187.1703958129883,"sma_200":183.84603477478026,"rsi":53.936632808654004,"avg_vol_20":143522524.65,"current_vol":"52725893","vol_ratio":0.3673701610850252,"high_52w":216.61000061035156,"low_52w":111.58370208740234,"off_high":-7.949772019842836,"off_low":78.6909697918683,"trend_signals":["Golden Cross","Above 20d","Above 50d"],"macd":6.318158870140422,"macd_signal":6.369399872149966,"macd_histogram":-0.051241002009543735,"macd_crossover":"bearish","bb_upper":219.2168229662249,"bb_lower":175.32517837654856,"bb_width":22.249415494571785,"bb_pct_b":0.5482779521722482,"atr":6.278848250017385,"atr_pct":3.149028672068574,"rs_vs_bench":-2.1243095674403403}}