{"AMZN":{"current":256.75,"sma_20":230.2125,"sma_50":217.47619995117188,"sma_200":226.20519996643065,"rsi":77.49127240226044,"avg_vol_20":44962035.0,"current_vol":"16537000","vol_ratio":0.3677991888045103,"high_52w":256.75,"low_52w":180.60000610351562,"off_high":0.0,"off_low":42.16500073252324,"trend_signals":["Death Cross","Above 20d","Above 50d"],"macd":11.381428412880325,"macd_signal":8.736609137058798,"macd_histogram":2.6448192758215274,"macd_crossover":null,"bb_upper":271.1695985479181,"bb_lower":189.2554014520819,"bb_width":35.581993634505594,"bb_pct_b":0.823967040401461,"atr":6.372341533381934,"atr_pct":2.4819246478605392,"rs_vs_bench":9.608388407799183},"GOOG":{"current":338.4700012207031,"sma_20":312.538996887207,"sma_50":307.8867199707031,"sma_200":275.70329277038576,"rsi":67.68203523424683,"avg_vol_20":17365694.25,"current_vol":"5226385","vol_ratio":0.30096032584473265,"high_52w":344.6571960449219,"low_52w":152.27357482910156,"off_high":-1.795173550768493,"off_low":122.27756956554808,"trend_signals":["Golden Cross","Above 20d","Above 50d"],"macd":9.768773669366055,"macd_signal":6.784694152378745,"macd_histogram":2.98407951698731,"macd_crossover":null,"bb_upper":358.01358660996266,"bb_lower":267.0644071644514,"bb_width":29.100106019196755,"bb_pct_b":0.785115319253998,"atr":7.333457726700715,"atr_pct":2.166649245207067,"rs_vs_bench":6.46080791837651},"NVDA":{"current":201.27000427246094,"sma_20":186.61300048828124,"sma_50":184.68958282470703,"sma_200":182.6122557067871,"rsi":67.49124343210926,"avg_vol_20":146422454.35,"current_vol":"49166987","vol_ratio":0.3357885729908201,"high_52w":207.01727294921875,"low_52w":102.68579864501953,"off_high":-2.7762266379422433,"off_low":96.00568620812197,"trend_signals":["Golden Cross","Above 20d","Above 50d"],"macd":6.039135386521735,"macd_signal":4.1213878518176985,"macd_histogram":1.917747534704037,"macd_crossover":null,"bb_upper":212.15918437266558,"bb_lower":161.0668166038969,"bb_width":27.3787826330873,"bb_pct_b":0.7868726665891399,"atr":4.7311494638411,"atr_pct":2.350648066483122,"rs_vs_bench":3.434081762155426},"MSFT":{"current":418.7200012207031,"sma_20":389.18800048828126,"sma_50":393.620126953125,"sma_200":469.04981857299805,"rsi":61.724876822206,"avg_vol_20":33119626.25,"current_vol":"17478925","vol_ratio":0.5277512755748565,"high_52w":539.8252563476562,"low_52w":356.7699890136719,"off_high":-22.434158776920835,"off_low":17.364132106038003,"trend_signals":["Death Cross","Above 20d","Above 50d"],"macd":9.443183671265729,"macd_signal":3.3897933150797335,"macd_histogram":6.053390356185995,"macd_crossover":null,"bb_upper":440.14421209329595,"bb_lower":338.2317888832666,"bb_width":26.185910943340616,"bb_pct_b":0.7897782213612949,"atr":10.27738651673359,"atr_pct":2.4544770937074203,"rs_vs_bench":0.311042280889982},"AAPL":{"current":273.2300109863281,"sma_20":260.4800003051758,"sma_50":260.2302001953125,"sma_200":253.03901588439942,"rsi":62.79035409247298,"avg_vol_20":41087544.5,"current_vol":"10463390","vol_ratio":0.2546608741731938,"high_52w":285.9224548339844,"low_52w":194.67758178710938,"off_high":-4.439121038963478,"off_low":40.350012815096576,"trend_signals":["Golden Cross","Above 20d","Above 50d"],"macd":3.903731709487147,"macd_signal":2.1056753812820688,"macd_histogram":1.798056328205078,"macd_crossover":null,"bb_upper":276.28205813123793,"bb_lower":244.67794247911363,"bb_width":12.133029643388067,"bb_pct_b":0.9034288072317993,"atr":5.944202060507429,"atr_pct":2.1755304401041307,"rs_vs_bench":-6.059680168795701}}