{"AMZN":{"current":269.3500061035156,"sma_20":247.42000045776368,"sma_50":224.82260040283202,"sma_200":227.38290000915526,"rsi":78.61451903285139,"avg_vol_20":49210258.75,"current_vol":"33205775","vol_ratio":0.6747734282132788,"high_52w":269.3500061035156,"low_52w":185.00999450683594,"off_high":0.0,"off_low":45.58673266354992,"trend_signals":["Death Cross","Above 20d","Above 50d"],"macd":12.640947359318687,"macd_signal":11.408862079749298,"macd_histogram":1.2320852795693895,"macd_crossover":null,"bb_upper":280.31869598674905,"bb_lower":214.52130492877828,"bb_width":26.593400265231526,"bb_pct_b":0.8332959756174912,"atr":7.47663593179828,"atr_pct":2.775806854418591,"rs_vs_bench":11.857175342208492},"NVDA":{"current":199.43499755859375,"sma_20":197.27325057983398,"sma_50":187.17129577636717,"sma_200":183.84626014709474,"rsi":53.98313348137053,"avg_vol_20":145122529.55,"current_vol":"84725991","vol_ratio":0.583823829854129,"high_52w":216.61000061035156,"low_52w":111.58370208740234,"off_high":-7.92899820108169,"off_low":78.73129662105887,"trend_signals":["Golden Cross","Above 20d","Above 50d"],"macd":6.321748467589742,"macd_signal":6.370117791546614,"macd_histogram":-0.04836932395687121,"macd_crossover":"bearish","bb_upper":219.21999678466705,"bb_lower":175.32650437500092,"bb_width":22.25009841965522,"bb_pct_b":0.5492498286211491,"atr":6.278848250085803,"atr_pct":3.148318162282969,"rs_vs_bench":-2.453832819344594},"GOOG":{"current":381.5780944824219,"sma_20":334.7684020996094,"sma_50":314.14074768066405,"sma_200":281.0210013580322,"rsi":82.13158788525467,"avg_vol_20":17406116.1,"current_vol":"18817922","vol_ratio":1.0811097600342905,"high_52w":381.94000244140625,"low_52w":152.27357482910156,"off_high":-0.0947551858069372,"off_low":150.58720458271995,"trend_signals":["Golden Cross","Above 20d","Above 50d"],"macd":16.17800579559497,"macd_signal":11.47263430965491,"macd_histogram":4.705371485940059,"macd_crossover":null,"bb_upper":377.64895529691216,"bb_lower":291.8878489023066,"bb_width":25.618040967046706,"bb_pct_b":1.0458149311580809,"atr":9.712590046011071,"atr_pct":2.5453741151428964,"rs_vs_bench":13.469570909388228},"MSFT":{"current":415.92999267578125,"sma_20":405.6475006103516,"sma_50":396.14019958496095,"sma_200":466.64270935058596,"rsi":55.18721366262786,"avg_vol_20":34173352.8,"current_vol":"20589856","vol_ratio":0.6025120251004461,"high_52w":539.8251953125,"low_52w":356.7699890136719,"off_high":-22.95098556209421,"off_low":16.582113261730175,"trend_signals":["Death Cross","Above 20d","Above 50d"],"macd":8.607778938976082,"macd_signal":8.046993192889781,"macd_histogram":0.5607857460863013,"macd_crossover":null,"bb_upper":450.7859739275146,"bb_lower":360.5090272931886,"bb_width":22.25502351142115,"bb_pct_b":0.6138994222642434,"atr":11.20743186310434,"atr_pct":2.6945476547637592,"rs_vs_bench":-3.177762127106366},"AAPL":{"current":281.239990234375,"sma_20":266.41399841308595,"sma_50":261.2405993652344,"sma_200":254.9068684387207,"rsi":67.2012040007419,"avg_vol_20":44587640.35,"current_vol":"57277007","vol_ratio":1.284593814572652,"high_52w":285.9224548339844,"low_52w":194.67759704589844,"off_high":-1.6376694171600346,"off_low":44.46448615660078,"trend_signals":["Golden Cross","Above 20d","Above 50d"],"macd":4.4490006611757735,"macd_signal":3.4723895116431134,"macd_histogram":0.9766111495326601,"macd_crossover":null,"bb_upper":280.35011564636966,"bb_lower":252.47788117980224,"bb_width":10.462000732915829,"bb_pct_b":1.0319269195683878,"atr":6.600181866397718,"atr_pct":2.3468148540672935,"rs_vs_bench":-6.077425644025981}}