{"AMZN":{"current":233.64999389648438,"sma_20":210.75649948120116,"sma_50":213.4952001953125,"sma_200":224.72940002441408,"rsi":68.98284720837088,"avg_vol_20":43824870.0,"current_vol":"65666300","vol_ratio":1.498379801240711,"high_52w":254.0,"low_52w":167.32000732421875,"off_high":-8.011813426580956,"off_low":39.64259124357849,"trend_signals":["Death Cross","Above 20d","Above 50d"],"macd":1.8777703555472556,"macd_signal":-0.8257751383931193,"macd_histogram":2.703545493940375,"macd_crossover":null,"bb_upper":225.05163361348087,"bb_lower":196.46136534892145,"bb_width":13.565545231078197,"bb_pct_b":1.3007443023422782,"atr":6.681661104614949,"atr_pct":2.859688114340449,"rs_vs_bench":9.217771144368658},"NVDA":{"current":183.91000366210938,"sma_20":177.1459991455078,"sma_50":182.1297787475586,"sma_200":180.52115859985352,"rsi":56.6092841622251,"avg_vol_20":169397425.0,"current_vol":"116030600","vol_ratio":0.6849608251128965,"high_52w":207.01727294921875,"low_52w":96.88717651367188,"off_high":-11.16200061855591,"off_low":89.81872553191556,"trend_signals":["Golden Cross","Above 20d","Above 50d"],"macd":-0.7811278975673588,"macd_signal":-2.110209410684879,"macd_histogram":1.3290815131175204,"macd_crossover":null,"bb_upper":187.3839080375004,"bb_lower":166.9080902535152,"bb_width":11.558724375799384,"bb_pct_b":0.8303411169194878,"atr":5.332650296034533,"atr_pct":2.8995977325039926,"rs_vs_bench":-1.873258951351553},"MSFT":{"current":373.07000732421875,"sma_20":378.6749984741211,"sma_50":395.8157147216797,"sma_200":473.1719380187988,"rsi":40.01476033078405,"avg_vol_20":31642645.0,"current_vol":"30351200","vol_ratio":0.9591865661040662,"high_52w":539.8252563476562,"low_52w":356.3916015625,"off_high":-30.890597848583134,"off_low":4.679797640740386,"trend_signals":["Death Cross","Below 20d","Below 50d"],"macd":-8.716574451887652,"macd_signal":-10.144054125045923,"macd_histogram":1.4274796731582704,"macd_crossover":null,"bb_upper":405.6135876560396,"bb_lower":351.73640929220255,"bb_width":14.227815034247387,"bb_pct_b":0.3959672477268323,"atr":8.687342417712616,"atr_pct":2.328609174460607,"rs_vs_bench":-9.457885988327952},"AAPL":{"current":260.489990234375,"sma_20":253.0489990234375,"sma_50":260.7565093994141,"sma_200":250.0011728668213,"rsi":55.66309292262201,"avg_vol_20":41298650.0,"current_vol":"28084500","vol_ratio":0.6800343352627749,"high_52w":285.9224548339844,"low_52w":189.59365844726562,"off_high":-8.894881870812235,"off_low":37.39383076825261,"trend_signals":["Golden Cross","Above 20d","Below 50d"],"macd":-0.5965090028304587,"macd_signal":-1.9971826466741405,"macd_histogram":1.4006736438436818,"macd_crossover":null,"bb_upper":260.61991508850815,"bb_lower":245.4780829583668,"bb_width":5.983754999457204,"bb_pct_b":0.9914194759909851,"atr":6.108597557355606,"atr_pct":2.3450411863655165,"rs_vs_bench":-0.4443162398983791},"GOOG":{"current":316.3699951171875,"sma_20":297.1844985961914,"sma_50":308.1528381347656,"sma_200":267.90872467041015,"rsi":62.745070597030825,"avg_vol_20":20389350.0,"current_vol":"14578000","vol_ratio":0.7149811053319503,"high_52w":344.6571960449219,"low_52w":149.3437042236328,"off_high":-8.207343775885498,"off_low":111.84019558229473,"trend_signals":["Golden Cross","Above 20d","Above 50d"],"macd":-0.3760601524600702,"macd_signal":-4.104080255435031,"macd_histogram":3.728020102974961,"macd_crossover":null,"bb_upper":321.36976913070254,"bb_lower":272.9992280616803,"bb_width":16.27626652719434,"bb_pct_b":0.8966359709232812,"atr":8.435420379725503,"atr_pct":2.666314919213788,"rs_vs_bench":2.0465229136324536}}