{"GOOG":{"current":337.75,"sma_20":312.50299682617185,"sma_50":307.87231994628905,"sma_200":275.6996925354004,"rsi":67.31556944716141,"avg_vol_20":17768329.85,"current_vol":"13253297","vol_ratio":0.745894358776776,"high_52w":344.6571960449219,"low_52w":152.27357482910156,"off_high":-2.004077130605335,"off_low":121.80473557481055,"trend_signals":["Golden Cross","Above 20d","Above 50d"],"macd":9.711337660239337,"macd_signal":6.773206932366906,"macd_histogram":2.938130727872431,"macd_crossover":null,"bb_upper":357.89221128065174,"bb_lower":267.11378237169197,"bb_width":29.048818677234888,"bb_pct_b":0.7781167671358133,"atr":7.472951395648306,"atr_pct":2.212568881020964,"rs_vs_bench":6.777708478438239},"AMZN":{"current":255.0800018310547,"sma_20":230.12900009155274,"sma_50":217.44279998779297,"sma_200":226.19684997558593,"rsi":76.36590875920977,"avg_vol_20":45691144.85,"current_vol":"31032997","vol_ratio":0.679190620017918,"high_52w":255.36000061035156,"low_52w":184.4199981689453,"off_high":-0.1096486445127008,"off_low":38.31471877435898,"trend_signals":["Death Cross","Above 20d","Above 50d"],"macd":11.248209161494088,"macd_signal":8.70996525599029,"macd_histogram":2.5382439055037977,"macd_crossover":null,"bb_upper":270.86450877953627,"bb_lower":189.39349140356921,"bb_width":35.40232536688347,"bb_pct_b":0.8062561699010057,"atr":6.4266268500388835,"atr_pct":2.5194553880767905,"rs_vs_bench":9.377091163344112},"NVDA":{"current":199.63999938964844,"sma_20":186.53150024414063,"sma_50":184.65698272705077,"sma_200":182.60410568237305,"rsi":64.64503159740269,"avg_vol_20":149428206.4,"current_vol":"108937228","vol_ratio":0.7290272072756405,"high_52w":207.01727294921875,"low_52w":106.40492248535156,"off_high":-3.563602908333139,"off_low":87.6228981954592,"trend_signals":["Golden Cross","Above 20d","Above 50d"],"macd":5.909106491807961,"macd_signal":4.095382053596058,"macd_histogram":1.8137244382119029,"macd_crossover":null,"bb_upper":211.890513059731,"bb_lower":161.17248742855026,"bb_width":27.19005935447834,"bb_pct_b":0.7584583879670758,"atr":4.998964105240459,"atr_pct":2.50398924089541,"rs_vs_bench":3.0555645999067025},"MSFT":{"current":415.75,"sma_20":389.0395004272461,"sma_50":393.56072692871095,"sma_200":469.0349690246582,"rsi":59.77969587304992,"avg_vol_20":34150400.7,"current_vol":"37996014","vol_ratio":1.1126081457662076,"high_52w":539.8251953125,"low_52w":356.7699890136719,"off_high":-22.984328332558462,"off_low":16.531662640510923,"trend_signals":["Death Cross","Above 20d","Above 50d"],"macd":9.20626044371511,"macd_signal":3.3424086019120027,"macd_histogram":5.863851841803107,"macd_crossover":null,"bb_upper":439.6494710193393,"bb_lower":338.4295298351529,"bb_width":26.017908483078422,"bb_pct_b":0.7638857448469542,"atr":10.590950320623687,"atr_pct":2.547432428291927,"rs_vs_bench":0.07286608081300727},"AAPL":{"current":273.42999267578125,"sma_20":260.48999938964846,"sma_50":260.23419982910156,"sma_200":253.040015335083,"rsi":62.948689603704004,"avg_vol_20":42223953.5,"current_vol":"33138070","vol_ratio":0.7848168457271534,"high_52w":285.9224548339844,"low_52w":194.6775665283203,"off_high":-4.369178407291111,"off_low":40.45274838382809,"trend_signals":["Golden Cross","Above 20d","Above 50d"],"macd":3.919684649293117,"macd_signal":2.108865949577032,"macd_histogram":1.8108186997160853,"macd_crossover":null,"bb_upper":276.32624316412534,"bb_lower":244.6537556151716,"bb_width":12.15881132602604,"bb_pct_b":0.9085562672061176,"atr":6.0428087206813625,"atr_pct":2.2100021513903942,"rs_vs_bench":-5.407235580172021}}