{"AMZN":{"current":252.460693359375,"sma_20":225.68203506469726,"sma_50":215.59861389160156,"sma_200":225.8715534210205,"rsi":75.31349173298304,"avg_vol_20":44170717.9,"current_vol":"8201958","vol_ratio":0.1856876770390911,"high_52w":254.0,"low_52w":167.32000732421875,"off_high":-0.6060262364665354,"off_low":50.88494041849862,"trend_signals":["Death Cross","Above 20d","Above 50d"],"macd":10.689912770544595,"macd_signal":7.385861786547823,"macd_histogram":3.304050983996772,"macd_crossover":null,"bb_upper":264.6097113295562,"bb_lower":186.7543587998383,"bb_width":34.497806840229345,"bb_pct_b":0.8439539790723594,"atr":6.509245414528949,"atr_pct":2.578320342827828,"rs_vs_bench":10.826892750055173},"GOOG":{"current":336.9200134277344,"sma_20":307.9909973144531,"sma_50":307.3432666015625,"sma_200":274.1141798400879,"rsi":69.32309777957025,"avg_vol_20":18274000.75,"current_vol":"1215115","vol_ratio":0.06649419667994705,"high_52w":344.6571960449219,"low_52w":149.3437042236328,"off_high":-2.2448922308817987,"off_low":125.60041293954905,"trend_signals":["Golden Cross","Above 20d","Above 50d"],"macd":9.462211192417726,"macd_signal":5.292433993168009,"macd_histogram":4.169777199249717,"macd_crossover":null,"bb_upper":352.58576849377795,"bb_lower":263.3962261351283,"bb_width":28.958490065080948,"bb_pct_b":0.8243543508380352,"atr":7.366516974160769,"atr_pct":2.1864290278323892,"rs_vs_bench":5.507140751788775},"NVDA":{"current":201.7397003173828,"sma_20":184.21148452758788,"sma_50":184.2225665283203,"sma_200":182.19363975524902,"rsi":71.02286573832,"avg_vol_20":149500635.05,"current_vol":"15896201","vol_ratio":0.10632865201330795,"high_52w":207.01727294921875,"low_52w":96.88717651367188,"off_high":-2.5493392684824534,"off_low":108.22126062153856,"trend_signals":["Golden Cross","Above 20d","Above 50d"],"macd":5.743298411418749,"macd_signal":3.097870065990935,"macd_histogram":2.6454283454278142,"macd_crossover":null,"bb_upper":208.33096122078268,"bb_lower":160.0920078343931,"bb_width":26.18672419371618,"bb_pct_b":0.8633622738328406,"atr":4.849514815317151,"atr_pct":2.4038475360515315,"rs_vs_bench":4.154682243743913},"AAPL":{"current":271.6050109863281,"sma_20":258.64474868774414,"sma_50":260.3768994140625,"sma_200":252.42762031555176,"rsi":64.20128486411991,"avg_vol_20":39821265.5,"current_vol":"5031810","vol_ratio":0.1263598717122639,"high_52w":285.9224548339844,"low_52w":192.32179260253906,"off_high":-5.00745695400853,"off_low":41.22425093428666,"trend_signals":["Golden Cross","Above 20d","Above 50d"],"macd":3.360004789546167,"macd_signal":1.2834002762729053,"macd_histogram":2.076604513273262,"macd_crossover":null,"bb_upper":273.34492151496806,"bb_lower":243.94457586052025,"bb_width":11.367076193741779,"bb_pct_b":0.9408200655499193,"atr":5.718191653807172,"atr_pct":2.1053336361658697,"rs_vs_bench":-3.0595926424959554},"MSFT":{"current":422.7200012207031,"sma_20":383.7229995727539,"sma_50":393.0582666015625,"sma_200":469.7274038696289,"rsi":69.37094438592034,"avg_vol_20":33035566.85,"current_vol":"3292337","vol_ratio":0.09966037558698648,"high_52w":539.8251953125,"low_52w":356.3916015625,"off_high":-21.693169401625596,"off_low":18.611100645302717,"trend_signals":["Death Cross","Above 20d","Above 50d"],"macd":7.084607012296885,"macd_signal":0.03479566654423172,"macd_histogram":7.049811345752653,"macd_crossover":null,"bb_upper":428.33319814067175,"bb_lower":339.11280100483606,"bb_width":23.251250833329188,"bb_pct_b":0.937086169753059,"atr":9.4281353174926,"atr_pct":2.230349945653541,"rs_vs_bench":2.415263192867668}}