{"GOOG":{"current":318.5899963378906,"sma_20":298.66649932861327,"sma_50":307.34974060058596,"sma_200":269.3879362487793,"rsi":63.88189954823163,"avg_vol_20":19714017.35,"current_vol":"6954447","vol_ratio":0.3527666064471633,"high_52w":344.6571960449219,"low_52w":149.34371948242188,"off_high":-7.5632251425946455,"off_low":113.32667851184024,"trend_signals":["Golden Cross","Above 20d","Above 50d"],"macd":2.1157415999555838,"macd_signal":-2.059707732457177,"macd_histogram":4.175449332412761,"macd_crossover":null,"bb_upper":325.74009100894,"bb_lower":271.59290764828654,"bb_width":18.12964744367832,"bb_pct_b":0.86795075519579,"atr":7.989512275337443,"atr_pct":2.507772487264137,"rs_vs_bench":1.9970655326590592},"AMZN":{"current":239.06500244140625,"sma_20":213.76875,"sma_50":213.34930053710937,"sma_200":224.99282501220702,"rsi":71.8072812010199,"avg_vol_20":44235846.15,"current_vol":"31091023","vol_ratio":0.7028468019934101,"high_52w":254.0,"low_52w":167.32000732421875,"off_high":-5.8799202986589565,"off_low":42.87890985933681,"trend_signals":["Death Cross","Above 20d","Above 50d"],"macd":5.001017694768819,"macd_signal":1.0511451646636893,"macd_histogram":3.94987253010513,"macd_crossover":null,"bb_upper":235.97634527147517,"bb_lower":191.56115472852485,"bb_width":20.777213948694705,"bb_pct_b":1.069540558808237,"atr":6.465922493854769,"atr_pct":2.7046712935071024,"rs_vs_bench":10.247294077416047},"NVDA":{"current":188.74000549316406,"sma_20":177.84499969482422,"sma_50":181.99699462890624,"sma_200":180.89720993041993,"rsi":61.457394203858925,"avg_vol_20":166777481.45,"current_vol":"103854829","vol_ratio":0.6227149378744861,"high_52w":207.01727294921875,"low_52w":96.88717651367188,"off_high":-8.828861087614701,"off_low":94.80390727097999,"trend_signals":["Golden Cross","Above 20d","Above 50d"],"macd":0.8490575796758435,"macd_signal":-1.160110554987675,"macd_histogram":2.0091681346635184,"macd_crossover":null,"bb_upper":190.06093986940246,"bb_lower":165.629059520246,"bb_width":13.73773813774957,"bb_pct_b":0.9459339863587698,"atr":5.281263671409329,"atr_pct":2.798168654075095,"rs_vs_bench":0.35509189381388584},"MSFT":{"current":382.739990234375,"sma_20":376.48499908447263,"sma_50":392.6269940185547,"sma_200":472.0564567565918,"rsi":50.23861949971582,"avg_vol_20":31636720.55,"current_vol":"25871311","vol_ratio":0.8177620989227342,"high_52w":539.8251953125,"low_52w":356.3916015625,"off_high":-29.09927258715477,"off_low":7.39310033018674,"trend_signals":["Death Cross","Above 20d","Below 50d"],"macd":-6.959437540953843,"macd_signal":-9.214546596262425,"macd_histogram":2.2551090553085817,"macd_crossover":null,"bb_upper":399.9089070088808,"bb_lower":353.06109116006445,"bb_width":12.443474763334471,"bb_pct_b":0.6335172416594188,"atr":8.724852898721334,"atr_pct":2.2795770291415263,"rs_vs_bench":-6.960725191731343},"AAPL":{"current":257.8900146484375,"sma_20":253.67350082397462,"sma_50":260.83913330078127,"sma_200":250.5898193359375,"rsi":51.763680561463396,"avg_vol_20":40019556.25,"current_vol":"20845525","vol_ratio":0.5208834618199946,"high_52w":285.9224548339844,"low_52w":192.32177734375,"off_high":-9.804210796183671,"off_low":34.092986353538556,"trend_signals":["Golden Cross","Above 20d","Below 50d"],"macd":-0.02540820058840154,"macd_signal":-1.309114826562774,"macd_histogram":1.2837066259743724,"macd_crossover":null,"bb_upper":261.97303687326274,"bb_lower":245.37396477468653,"bb_width":6.543478938343819,"bb_pct_b":0.7540210560820768,"atr":5.750220733279999,"atr_pct":2.229718254550822,"rs_vs_bench":-0.6522997893110949}}