{"GOOG":{"current":335.0350036621094,"sma_20":309.96024627685546,"sma_50":307.43153381347656,"sma_200":274.87129943847657,"rsi":65.96339460331535,"avg_vol_20":17855939.7,"current_vol":"5658594","vol_ratio":0.3169026158841699,"high_52w":344.6571960449219,"low_52w":152.2735595703125,"off_high":-2.7918153148203424,"off_low":120.0217848768463,"trend_signals":["Golden Cross","Above 20d","Above 50d"],"macd":9.220273976135104,"macd_signal":5.9956770295942805,"macd_histogram":3.2245969465408235,"macd_crossover":null,"bb_upper":354.48210524969653,"bb_lower":265.4383873040144,"bb_width":28.72746392972878,"bb_pct_b":0.781600521224303,"atr":7.559113822899577,"atr_pct":2.256216138694308,"rs_vs_bench":4.6588707287686475},"AMZN":{"current":253.23500061035156,"sma_20":227.85425033569337,"sma_50":216.43790008544923,"sma_200":226.00762496948244,"rsi":75.80259533226747,"avg_vol_20":44966602.2,"current_vol":"16307544","vol_ratio":0.3626590225222754,"high_52w":254.0,"low_52w":173.17999267578125,"off_high":-0.30118086206631395,"off_low":46.22647610595828,"trend_signals":["Death Cross","Above 20d","Above 50d"],"macd":10.826838195634423,"macd_signal":8.041501228718051,"macd_histogram":2.785336966916372,"macd_crossover":null,"bb_upper":267.30458926113687,"bb_lower":188.40391141024986,"bb_width":34.627696316677934,"bb_pct_b":0.821679749350504,"atr":6.318839517531839,"atr_pct":2.4952473008478524,"rs_vs_bench":8.580083113206747},"MSFT":{"current":431.0799865722656,"sma_20":386.7119995117188,"sma_50":393.45550354003905,"sma_200":469.4157772827148,"rsi":72.48697734789057,"avg_vol_20":33070368.35,"current_vol":"14648767","vol_ratio":0.4429574791839293,"high_52w":539.8251953125,"low_52w":356.7699890136719,"off_high":-20.144522650018722,"off_low":20.82854495806431,"trend_signals":["Death Cross","Above 20d","Above 50d"],"macd":9.004366004189762,"macd_signal":1.847089215734301,"macd_histogram":7.157276788455461,"macd_crossover":null,"bb_upper":435.93884734330834,"bb_lower":337.4851516801292,"bb_width":25.459177834536174,"bb_pct_b":0.9506482642595214,"atr":9.71460040098091,"atr_pct":2.2535493884155,"rs_vs_bench":5.147529340225287},"NVDA":{"current":201.44020080566406,"sma_20":185.43050994873047,"sma_50":184.41358245849608,"sma_200":182.40047378540038,"rsi":68.9570736284895,"avg_vol_20":149500352.45,"current_vol":"55662549","vol_ratio":0.37232386471206613,"high_52w":207.01727294921875,"low_52w":98.86670684814453,"off_high":-2.694012950756404,"off_low":103.74927741354678,"trend_signals":["Golden Cross","Above 20d","Above 50d"],"macd":5.852413771106228,"macd_signal":3.625042514048897,"macd_histogram":2.227371257057331,"macd_crossover":null,"bb_upper":210.0859202390659,"bb_lower":160.77509965839505,"bb_width":26.592614448563378,"bb_pct_b":0.8246689198923849,"atr":4.807303443756596,"atr_pct":2.3864667650894367,"rs_vs_bench":1.7039642539033117},"AAPL":{"current":272.5050048828125,"sma_20":259.41624908447267,"sma_50":260.2258996582031,"sma_200":252.71640518188477,"rsi":62.24373293532325,"avg_vol_20":40908643.75,"current_vol":"21660075","vol_ratio":0.5294742874481142,"high_52w":285.9224548339844,"low_52w":194.67759704589844,"off_high":-4.692688428043355,"off_low":39.977588083011405,"trend_signals":["Golden Cross","Above 20d","Above 50d"],"macd":3.4410054244521575,"macd_signal":1.6455515050545442,"macd_histogram":1.7954539193976133,"macd_crossover":null,"bb_upper":274.2575057899737,"bb_lower":244.57499237897161,"bb_width":11.442040934504726,"bb_pct_b":0.9409584733309128,"atr":6.173932790712417,"atr_pct":2.265621797796867,"rs_vs_bench":-3.1624975054723734}}