{"GOOG":{"current":334.5400085449219,"sma_20":304.0224975585937,"sma_50":306.879052734375,"sma_200":272.52578041076663,"rsi":70.87708987280533,"avg_vol_20":19662522.45,"current_vol":"4597549","vol_ratio":0.2338229498118132,"high_52w":344.6571960449219,"low_52w":149.3437042236328,"off_high":-2.935434865744497,"off_low":124.00677034498169,"trend_signals":["Golden Cross","Above 20d","Above 50d"],"macd":7.897849159143448,"macd_signal":3.00134791456063,"macd_histogram":4.896501244582818,"macd_crossover":null,"bb_upper":343.56364447026584,"bb_lower":264.4813506469216,"bb_width":26.011987421458123,"bb_pct_b":0.8858956222804922,"atr":7.575064961001605,"atr_pct":2.2643225825064293,"rs_vs_bench":0.757288014520018},"AMZN":{"current":254.19000244140625,"sma_20":221.60200042724608,"sma_50":214.31660034179689,"sma_200":225.60264999389648,"rsi":78.10699887438557,"avg_vol_20":45253706.95,"current_vol":"13122739","vol_ratio":0.28998152603275296,"high_52w":254.19000244140625,"low_52w":167.32000732421875,"off_high":0.0,"off_low":51.91847436921161,"trend_signals":["Death Cross","Above 20d","Above 50d"],"macd":10.227478969195374,"macd_signal":5.698230668675006,"macd_histogram":4.5292483005203685,"macd_crossover":null,"bb_upper":258.5520542580021,"bb_lower":184.6519465964901,"bb_width":33.34812299484366,"bb_pct_b":0.9409736744014562,"atr":6.565409484286251,"atr_pct":2.582874787059988,"rs_vs_bench":12.564096364293807},"AAPL":{"current":269.03009033203125,"sma_20":256.32600326538085,"sma_50":260.5300421142578,"sma_200":251.8218332672119,"rsi":63.14931712536155,"avg_vol_20":41902791.3,"current_vol":"15753626","vol_ratio":0.37595648192534614,"high_52w":285.9224548339844,"low_52w":192.32179260253906,"off_high":-5.9080230378412795,"off_low":39.88539036136224,"trend_signals":["Golden Cross","Above 20d","Above 50d"],"macd":1.9647954153802516,"macd_signal":0.21813569687451462,"macd_histogram":1.7466597185057369,"macd_crossover":null,"bb_upper":268.3066160036557,"bb_lower":244.34539052710602,"bb_width":9.347949553031492,"bb_pct_b":1.0301935445281638,"atr":5.932170665532078,"atr_pct":2.2050212517903547,"rs_vs_bench":-2.7233897458263776},"MSFT":{"current":424.5292053222656,"sma_20":380.0139587402344,"sma_50":392.1372509765625,"sma_200":470.45321334838866,"rsi":72.29495257245705,"avg_vol_20":33666309.65,"current_vol":"11558693","vol_ratio":0.34333115569142875,"high_52w":539.8252563476562,"low_52w":356.3916015625,"off_high":-21.35803200566409,"off_low":19.11874563290359,"trend_signals":["Death Cross","Above 20d","Above 50d"],"macd":3.999813246237011,"macd_signal":-3.50573545009597,"macd_histogram":7.505548696332981,"macd_crossover":null,"bb_upper":417.34626579277045,"bb_lower":342.6816516876983,"bb_width":19.64786092400109,"bb_pct_b":1.0962027275649875,"atr":9.532914770268132,"atr_pct":2.245526256086804,"rs_vs_bench":-0.03650248945486112},"NVDA":{"current":200.36300659179688,"sma_20":181.37265014648438,"sma_50":183.26564605712892,"sma_200":181.75074333190918,"rsi":70.4408583168815,"avg_vol_20":158482483.25,"current_vol":"50958065","vol_ratio":0.32153752234949284,"high_52w":207.01727294921875,"low_52w":96.88717651367188,"off_high":-3.214353209576944,"off_low":106.80033602127253,"trend_signals":["Golden Cross","Above 20d","Above 50d"],"macd":4.618496418158628,"macd_signal":1.6886793976872239,"macd_histogram":2.929817020471404,"macd_crossover":null,"bb_upper":202.58847692768774,"bb_lower":160.156823365281,"bb_width":23.394736487633107,"bb_pct_b":0.9475516472008867,"atr":5.131558277098493,"atr_pct":2.561130602094182,"rs_vs_bench":4.810319228105108}}