{"AMZN":{"current":253.1300048828125,"sma_20":225.71550064086915,"sma_50":215.6120001220703,"sma_200":225.8748999786377,"rsi":75.63351671133218,"avg_vol_20":44838032.85,"current_vol":"21548257","vol_ratio":0.48057989234467496,"high_52w":254.0,"low_52w":167.32000732421875,"off_high":-0.3425177626722441,"off_low":51.28495924119719,"trend_signals":["Death Cross","Above 20d","Above 50d"],"macd":10.743305142784635,"macd_signal":7.396540260995831,"macd_histogram":3.346764881788804,"macd_crossover":null,"bb_upper":264.741135967948,"bb_lower":186.6898653137903,"bb_width":34.57949074500796,"bb_pct_b":0.8512371292892332,"atr":6.509245414528949,"atr_pct":2.5715028992878297,"rs_vs_bench":11.32967668714069},"NVDA":{"current":200.625,"sma_20":184.15574951171874,"sma_50":184.20027252197266,"sma_200":182.18806632995606,"rsi":68.9363590374098,"avg_vol_20":151076556.95,"current_vol":"47414639","vol_ratio":0.3138451124200048,"high_52w":207.01727294921875,"low_52w":96.88717651367188,"off_high":-3.0877969061000874,"off_low":107.07074684098113,"trend_signals":["Golden Cross","Above 20d","Above 50d"],"macd":5.654376448773405,"macd_signal":3.0800856734553457,"macd_histogram":2.5742907753180595,"macd_crossover":null,"bb_upper":208.10926372188453,"bb_lower":160.20223530155295,"bb_width":26.014408210091222,"bb_pct_b":0.8437752461660044,"atr":4.887371870983122,"atr_pct":2.4360732067205593,"rs_vs_bench":3.6982572562388025},"GOOG":{"current":334.489990234375,"sma_20":307.86949615478517,"sma_50":307.2946661376953,"sma_200":274.1020291900635,"rsi":67.54716935410404,"avg_vol_20":18419405.7,"current_vol":"4123214","vol_ratio":0.2238516305659091,"high_52w":344.6571960449219,"low_52w":149.3437042236328,"off_high":-2.949947346876722,"off_low":123.973278266553,"trend_signals":["Golden Cross","Above 20d","Above 50d"],"macd":9.268363189483352,"macd_signal":5.253664393970299,"macd_histogram":4.014698795513054,"macd_crossover":null,"bb_upper":352.1444934483724,"bb_lower":263.59449886119796,"bb_width":28.762185176882483,"bb_pct_b":0.8006267160568019,"atr":7.368659743931229,"atr_pct":2.2029537382473108,"rs_vs_bench":4.846703301735779},"AAPL":{"current":266.3999938964844,"sma_20":258.38449783325194,"sma_50":260.2727990722656,"sma_200":252.40159492492677,"rsi":57.00481422024492,"avg_vol_20":40463295.2,"current_vol":"17872404","vol_ratio":0.4416942295890919,"high_52w":285.9224548339844,"low_52w":192.32179260253906,"off_high":-6.827886585135595,"off_low":38.517840485731476,"trend_signals":["Golden Cross","Above 20d","Above 50d"],"macd":2.9447897512367263,"macd_signal":1.2003572688608424,"macd_histogram":1.7444324823758839,"macd_crossover":null,"bb_upper":272.28089990237936,"bb_lower":244.48809576412452,"bb_width":10.756374461826608,"bb_pct_b":0.7884018475918976,"atr":6.05533459830663,"atr_pct":2.273023549940307,"rs_vs_bench":-4.948211033965743},"MSFT":{"current":426.7300109863281,"sma_20":383.92350006103516,"sma_50":393.138466796875,"sma_200":469.7474542236328,"rsi":70.85926328742566,"avg_vol_20":33527212.55,"current_vol":"13125251","vol_ratio":0.3914805318344307,"high_52w":539.8252563476562,"low_52w":356.3916015625,"off_high":-20.950343473461523,"off_low":19.736270191398702,"trend_signals":["Death Cross","Above 20d","Above 50d"],"macd":7.404493832345679,"macd_signal":0.09877303199968157,"macd_histogram":7.3057208003459975,"macd_crossover":null,"bb_upper":429.3011307930906,"bb_lower":338.54586932897973,"bb_width":23.638891979699814,"bb_pct_b":0.9716697438221893,"atr":9.726706222905902,"atr_pct":2.279358370043848,"rs_vs_bench":3.6709022613039775}}