{"GOOG":{"current":336.7699890136719,"sma_20":306.16449584960935,"sma_50":307.08971740722654,"sma_200":273.33715049743654,"rsi":70.0204432072861,"avg_vol_20":18966583.55,"current_vol":"5783371","vol_ratio":0.3049242360783526,"high_52w":344.6571960449219,"low_52w":149.34368896484375,"off_high":-2.2884208198055433,"off_low":125.49998017857267,"trend_signals":["Golden Cross","Above 20d","Above 50d"],"macd":9.043691166727456,"macd_signal":4.271847165329323,"macd_histogram":4.771844001398133,"macd_crossover":null,"bb_upper":348.96179240162337,"bb_lower":263.36719929759533,"bb_width":27.957060424822362,"bb_pct_b":0.8575633933660495,"atr":7.673171750439313,"atr_pct":2.278460670712498,"rs_vs_bench":2.9238975356949535},"NVDA":{"current":199.15499877929688,"sma_20":182.76124954223633,"sma_50":183.83767181396485,"sma_200":181.96698417663575,"rsi":67.02290387202433,"avg_vol_20":154951334.4,"current_vol":"61602488","vol_ratio":0.3975602290779627,"high_52w":207.01727294921875,"low_52w":96.88717651367188,"off_high":-3.79788317076831,"off_low":105.5535169313081,"trend_signals":["Golden Cross","Above 20d","Above 50d"],"macd":5.112062420062529,"macd_signal":2.3901654207509146,"macd_histogram":2.721896999311614,"macd_crossover":null,"bb_upper":205.2028278242603,"bb_lower":160.31967126021235,"bb_width":24.55835505418528,"bb_pct_b":0.8652539280223479,"atr":5.040651373860035,"atr_pct":2.5310192587463365,"rs_vs_bench":3.6875035326965797},"AMZN":{"current":246.85000610351562,"sma_20":223.49450073242187,"sma_50":214.72720031738282,"sma_200":225.71915000915527,"rsi":71.08942364908951,"avg_vol_20":44898988.0,"current_vol":"17754660","vol_ratio":0.395435638772081,"high_52w":254.0,"low_52w":167.32000732421875,"off_high":-2.8149582269623523,"off_low":47.531673020543366,"trend_signals":["Death Cross","Above 20d","Above 50d"],"macd":10.123907332395504,"macd_signal":6.537034342587452,"macd_histogram":3.586872989808052,"macd_crossover":null,"bb_upper":260.6687593409083,"bb_lower":186.3202421239354,"bb_width":33.266374328371704,"bb_pct_b":0.814135456164309,"atr":6.4933898311545875,"atr_pct":2.6305001703875224,"rs_vs_bench":7.7686328872611945},"AAPL":{"current":272.5199890136719,"sma_20":257.6124984741211,"sma_50":260.49139892578125,"sma_200":252.1314553833008,"rsi":66.11387507889773,"avg_vol_20":40573062.85,"current_vol":"16115757","vol_ratio":0.3972033627232064,"high_52w":285.9224548339844,"low_52w":192.32179260253906,"off_high":-4.687447800521436,"off_low":41.70000462551534,"trend_signals":["Golden Cross","Above 20d","Above 50d"],"macd":2.8298476174755365,"macd_signal":0.755793327295371,"macd_histogram":2.0740542901801655,"macd_crossover":null,"bb_upper":271.1723009656861,"bb_lower":244.0526959825561,"bb_width":10.527286192930712,"bb_pct_b":1.0496942359161994,"atr":5.963849750054862,"atr_pct":2.188408186731457,"rs_vs_bench":-1.3385217532986715},"MSFT":{"current":418.19500732421875,"sma_20":381.7432495117188,"sma_50":392.6108966064453,"sma_200":470.09422393798826,"rsi":67.54890020346137,"avg_vol_20":33567969.85,"current_vol":"12517497","vol_ratio":0.3729000310693499,"high_52w":539.8252563476562,"low_52w":356.3916320800781,"off_high":-22.5314113397291,"off_low":17.34142153771274,"trend_signals":["Death Cross","Above 20d","Above 50d"],"macd":5.505618722390466,"macd_signal":-1.7256628660988556,"macd_histogram":7.231281588489321,"macd_crossover":null,"bb_upper":422.4289573061494,"bb_lower":341.05754171728813,"bb_width":21.315744467765196,"bb_pct_b":0.9479676007687614,"atr":9.710308211486279,"atr_pct":2.3219569916955174,"rs_vs_bench":-0.5113795837693882}}