{"GOOG":{"current":338.8999938964844,"sma_20":315.41099700927737,"sma_50":308.4281036376953,"sma_200":276.50788940429686,"rsi":67.94086903105773,"avg_vol_20":16579864.05,"current_vol":"5374181","vol_ratio":0.3241390269421419,"high_52w":344.6571960449219,"low_52w":152.27359008789062,"off_high":-1.6704140271851797,"off_low":122.55992894163398,"trend_signals":["Golden Cross","Above 20d","Above 50d"],"macd":9.908704488687647,"macd_signal":7.400306442521416,"macd_histogram":2.5083980461662314,"macd_crossover":null,"bb_upper":359.6701436989272,"bb_lower":271.15185031962756,"bb_width":28.064428386653866,"bb_pct_b":0.7653575435142767,"atr":7.309119739691234,"atr_pct":2.1567187581371794,"rs_vs_bench":6.2823897999041876},"MSFT":{"current":420.3800048828125,"sma_20":391.76000061035154,"sma_50":393.8993444824219,"sma_200":468.6338591003418,"rsi":61.80068883318592,"avg_vol_20":32759096.25,"current_vol":"8855325","vol_ratio":0.27031652315500004,"high_52w":539.8251953125,"low_52w":356.7699890136719,"off_high":-22.126642377361016,"off_low":17.829418905159933,"trend_signals":["Death Cross","Above 20d","Above 50d"],"macd":9.513869641051087,"macd_signal":4.576700809739862,"macd_histogram":4.937168831311226,"macd_crossover":null,"bb_upper":442.9942538251951,"bb_lower":340.525747395508,"bb_width":26.155938909037136,"bb_pct_b":0.7793053716665592,"atr":10.253745307039152,"atr_pct":2.439161041900064,"rs_vs_bench":0.3172507684875221},"AMZN":{"current":261.6199951171875,"sma_20":232.83300018310547,"sma_50":218.59359985351563,"sma_200":226.3922499847412,"rsi":79.44130395522902,"avg_vol_20":44825754.7,"current_vol":"21519394","vol_ratio":0.4800676339756082,"high_52w":261.6199951171875,"low_52w":184.4199981689453,"off_high":0.0,"off_low":41.86096828692084,"trend_signals":["Death Cross","Above 20d","Above 50d"],"macd":11.839055877683933,"macd_signal":9.335783380329019,"macd_histogram":2.5032724973549136,"macd_crossover":null,"bb_upper":274.4256365067667,"bb_lower":191.24036385944424,"bb_width":35.72744094776237,"bb_pct_b":0.8460587916340576,"atr":6.4547243654239415,"atr_pct":2.467213701511108,"rs_vs_bench":13.730934062310965},"NVDA":{"current":209.6300048828125,"sma_20":188.45100021362305,"sma_50":185.04878845214844,"sma_200":182.83799087524415,"rsi":72.34314194630215,"avg_vol_20":145100079.65,"current_vol":"95587293","vol_ratio":0.6587680257003911,"high_52w":209.6300048828125,"low_52w":106.40492248535156,"off_high":0.0,"off_low":97.01156674558136,"trend_signals":["Golden Cross","Above 20d","Above 50d"],"macd":6.61687024901002,"macd_signal":4.599679692808735,"macd_histogram":2.0171905562012853,"macd_crossover":null,"bb_upper":214.73146834342654,"bb_lower":162.17053208381955,"bb_width":27.891035972229016,"bb_pct_b":0.902941921821615,"atr":5.377001027486592,"atr_pct":2.5649958986035637,"rs_vs_bench":7.625128625726354},"AAPL":{"current":270.3599853515625,"sma_20":261.36349868774414,"sma_50":260.1313995361328,"sma_200":253.33931861877443,"rsi":58.81137935308925,"avg_vol_20":40628560.6,"current_vol":"9741012","vol_ratio":0.2397577432265715,"high_52w":285.9224548339844,"low_52w":194.67759704589844,"off_high":-5.442898666863341,"off_low":38.875756355170495,"trend_signals":["Golden Cross","Above 20d","Above 50d"],"macd":3.963585921625736,"macd_signal":2.4798099439803787,"macd_histogram":1.4837759776453572,"macd_crossover":null,"bb_upper":277.36108424646113,"bb_lower":245.36591312902712,"bb_width":12.241637136813523,"bb_pct_b":0.781182639430118,"atr":5.84903571007899,"atr_pct":2.1634250728609854,"rs_vs_bench":-8.846580501884649}}