{"AMZN":{"current":263.989990234375,"sma_20":232.95149993896484,"sma_50":218.64099975585938,"sma_200":226.40409996032716,"rsi":80.36710265056823,"avg_vol_20":46328463.85,"current_vol":"51433977","vol_ratio":1.110202513222333,"high_52w":263.989990234375,"low_52w":184.4199981689453,"off_high":0.0,"off_low":43.14607572685063,"trend_signals":["Death Cross","Above 20d","Above 50d"],"macd":12.028115307236106,"macd_signal":9.37359525353924,"macd_histogram":2.654520053696867,"macd_crossover":null,"bb_upper":274.90143561560075,"bb_lower":191.00156426232894,"bb_width":36.01602538522149,"bb_pct_b":0.8699468163034288,"atr":6.631510498058127,"atr_pct":2.512031040332459,"rs_vs_bench":14.400809993943973},"GOOG":{"current":342.32000732421875,"sma_20":315.5819976806641,"sma_50":308.49650390625,"sma_200":276.52498947143556,"rsi":69.66670333423065,"avg_vol_20":17131727.8,"current_vol":"16360356","vol_ratio":0.9549740803143043,"high_52w":344.6571960449219,"low_52w":152.27357482910156,"off_high":-0.678119809341947,"off_low":124.80591770989061,"trend_signals":["Golden Cross","Above 20d","Above 50d"],"macd":10.181526062989974,"macd_signal":7.454870745087012,"macd_histogram":2.726655317902962,"macd_crossover":null,"bb_upper":360.2478196521042,"bb_lower":270.9161757092239,"bb_width":28.306951790473985,"bb_pct_b":0.7993117384098659,"atr":7.628405553669994,"atr_pct":2.2284427992679277,"rs_vs_bench":7.012619005253519},"NVDA":{"current":208.25999450683594,"sma_20":188.38249969482422,"sma_50":185.0213882446289,"sma_200":182.83114097595214,"rsi":71.49188569833123,"avg_vol_20":150764465.65,"current_vol":"208252813","vol_ratio":1.381312314557326,"high_52w":208.25999450683594,"low_52w":108.70438385009766,"off_high":0.0,"off_low":91.5838047470326,"trend_signals":["Golden Cross","Above 20d","Above 50d"],"macd":6.507581653323939,"macd_signal":4.577821949930442,"macd_histogram":1.929759703393497,"macd_crossover":null,"bb_upper":214.43670005943724,"bb_lower":162.3282993302112,"bb_width":27.660956200093207,"bb_pct_b":0.8814643039095043,"atr":5.449858498562114,"atr_pct":2.6168532806636695,"rs_vs_bench":6.288264566143376},"MSFT":{"current":424.6000061035156,"sma_20":391.9710006713867,"sma_50":393.98374450683593,"sma_200":468.6549597167969,"rsi":63.47354314942365,"avg_vol_20":33613523.15,"current_vol":"25787063","vol_ratio":0.7671633492545693,"high_52w":539.8252563476562,"low_52w":356.7699890136719,"off_high":-21.34491650570971,"off_low":19.012254163352406,"trend_signals":["Death Cross","Above 20d","Above 50d"],"macd":9.85050789753518,"macd_signal":4.64402843876003,"macd_histogram":5.206479458775151,"macd_crossover":null,"bb_upper":443.7335704288603,"bb_lower":340.20843091391316,"bb_width":26.41142822750262,"bb_pct_b":0.8151795359562677,"atr":10.487318083432468,"atr_pct":2.4699288583796455,"rs_vs_bench":0.9810409385843784},"AAPL":{"current":271.05999755859375,"sma_20":261.3984992980957,"sma_50":260.14539978027346,"sma_200":253.34281852722168,"rsi":59.70616031790744,"avg_vol_20":41904862.35,"current_vol":"35153347","vol_ratio":0.8388846789756845,"high_52w":285.9224548339844,"low_52w":194.67758178710938,"off_high":-5.1980727725705345,"off_low":39.23534239037998,"trend_signals":["Golden Cross","Above 20d","Above 50d"],"macd":4.019427347552778,"macd_signal":2.4909782244726095,"macd_histogram":1.5284491230801684,"macd_crossover":null,"bb_upper":277.48179465184376,"bb_lower":245.31520394434767,"bb_width":12.305575890400844,"bb_pct_b":0.8003581681488715,"atr":5.8811794197014455,"atr_pct":2.169696551565171,"rs_vs_bench":-9.084270204753196}}