{"AMZN":{"current":252.85000610351562,"sma_20":225.7015007019043,"sma_50":215.60640014648436,"sma_200":225.87349998474122,"rsi":75.50065294600027,"avg_vol_20":44409690.15,"current_vol":"12981403","vol_ratio":0.29231014573966807,"high_52w":254.0,"low_52w":167.32000732421875,"off_high":-0.45275350255290353,"off_low":51.11761596660941,"trend_signals":["Death Cross","Above 20d","Above 50d"],"macd":10.720969057826494,"macd_signal":7.392073044004203,"macd_histogram":3.328896013822291,"macd_crossover":null,"bb_upper":264.6859063132854,"bb_lower":186.71709509052323,"bb_width":34.54510093211105,"bb_pct_b":0.8481969902560936,"atr":6.509245414528949,"atr_pct":2.57435050717938,"rs_vs_bench":10.874352607092487},"GOOG":{"current":336.19000244140625,"sma_20":307.9544967651367,"sma_50":307.32866638183594,"sma_200":274.1105291748047,"rsi":68.9598946114444,"avg_vol_20":18324490.6,"current_vol":"2224912","vol_ratio":0.12141739972842681,"high_52w":344.6571960449219,"low_52w":149.34368896484375,"off_high":-2.4567000778396713,"off_low":125.11162324411784,"trend_signals":["Golden Cross","Above 20d","Above 50d"],"macd":9.403976698872782,"macd_signal":5.2807870958439835,"macd_histogram":4.1231896030287984,"macd_crossover":null,"bb_upper":352.4506561490472,"bb_lower":263.4583373812262,"bb_width":28.897879297957278,"bb_pct_b":0.817280255950352,"atr":7.368659743943822,"atr_pct":2.19181406063022,"rs_vs_bench":5.114320369929892},"NVDA":{"current":201.66000366210938,"sma_20":184.2074996948242,"sma_50":184.22097259521485,"sma_200":182.19324119567872,"rsi":70.86950548787605,"avg_vol_20":150084919.1,"current_vol":"27581882","vol_ratio":0.18377517318460546,"high_52w":207.01727294921875,"low_52w":96.88717651367188,"off_high":-2.587836855731121,"off_low":108.13900344557246,"trend_signals":["Golden Cross","Above 20d","Above 50d"],"macd":5.73694084360551,"macd_signal":3.0965985525918747,"macd_histogram":2.640342291013635,"macd_crossover":null,"bb_upper":208.31480649026662,"bb_lower":160.1001928993818,"bb_width":26.174077423971216,"bb_pct_b":0.8619753984834307,"atr":4.849514815194029,"atr_pct":2.404797543949079,"rs_vs_bench":3.968797161079962},"MSFT":{"current":426.1603088378906,"sma_20":383.89501495361327,"sma_50":393.12707275390625,"sma_200":469.74460571289063,"rsi":70.65669387840313,"avg_vol_20":33202770.55,"current_vol":"6636411","vol_ratio":0.1998752179432207,"high_52w":539.8252563476562,"low_52w":356.3916015625,"off_high":-21.055878022232356,"off_low":19.576417336858977,"trend_signals":["Death Cross","Above 20d","Above 50d"],"macd":7.359047507110347,"macd_signal":0.08968376694770774,"macd_histogram":7.269363740162639,"macd_crossover":null,"bb_upper":429.160079724974,"bb_lower":338.6299501822525,"bb_width":23.582001853725668,"bb_pct_b":0.9668643919738589,"atr":9.656698898667958,"atr_pct":2.265978013062995,"rs_vs_bench":3.1978449380593013},"AAPL":{"current":269.4100036621094,"sma_20":258.5349983215332,"sma_50":260.33299926757815,"sma_200":252.41664497375487,"rsi":60.956103060016325,"avg_vol_20":40008993.4,"current_vol":"8786368","vol_ratio":0.2196098240252153,"high_52w":285.9224548339844,"low_52w":192.32179260253906,"off_high":-5.775150182402656,"off_low":40.082930809034366,"trend_signals":["Golden Cross","Above 20d","Above 50d"],"macd":3.1849044903748904,"macd_signal":1.2483802166884317,"macd_histogram":1.9365242736864587,"macd_crossover":null,"bb_upper":272.85563524077486,"bb_lower":244.2143614022915,"bb_width":11.078296565041054,"bb_pct_b":0.8796969856125666,"atr":5.802476845097898,"atr_pct":2.153771859331286,"rs_vs_bench":-4.072269535844253}}