{"AMZN":{"current":262.0599060058594,"sma_20":244.2909957885742,"sma_50":223.47279846191407,"sma_200":227.13709953308106,"rsi":73.92713457624747,"avg_vol_20":47266761.25,"current_vol":"65883925","vol_ratio":1.3938743264327214,"high_52w":263.989990234375,"low_52w":184.4199981689453,"off_high":-0.7311202317944184,"off_low":42.099505806191864,"trend_signals":["Death Cross","Above 20d","Above 50d"],"macd":12.135212247745045,"macd_signal":11.052976086001472,"macd_histogram":1.0822361617435732,"macd_crossover":null,"bb_upper":279.18928648157123,"bb_lower":209.39270509557718,"bb_width":28.571082270425013,"bb_pct_b":0.7545813829909271,"atr":7.24090839825067,"atr_pct":2.7630737218110624,"rs_vs_bench":10.813961338345335},"NVDA":{"current":200.8300018310547,"sma_20":196.2340003967285,"sma_50":186.9655923461914,"sma_200":183.7120925140381,"rsi":55.367488435797185,"avg_vol_20":143938886.0,"current_vol":"144574520","vol_ratio":1.0044159991623112,"high_52w":216.61000061035156,"low_52w":108.89433288574219,"off_high":-7.284981642044632,"off_low":84.4264954006159,"trend_signals":["Golden Cross","Above 20d","Above 50d"],"macd":7.212533624623433,"macd_signal":6.40231261524559,"macd_histogram":0.8102210093778428,"macd_crossover":null,"bb_upper":219.9175657604428,"bb_lower":172.5504350330142,"bb_width":24.138085465141593,"bb_pct_b":0.5970293400453915,"atr":6.309528520581141,"atr_pct":3.141726068343583,"rs_vs_bench":-0.8994685666392943},"MSFT":{"current":404.8799133300781,"sma_20":403.37899627685545,"sma_50":395.7327978515625,"sma_200":467.06205780029296,"rsi":49.634971527506394,"avg_vol_20":32909778.6,"current_vol":"43513772","vol_ratio":1.3222140607168957,"high_52w":539.8251953125,"low_52w":356.7699890136719,"off_high":-24.997959182750492,"off_low":13.484857414551934,"trend_signals":["Death Cross","Above 20d","Above 50d"],"macd":9.012265461495815,"macd_signal":7.860527766266361,"macd_histogram":1.1517376952294542,"macd_crossover":null,"bb_upper":450.39850830679825,"bb_lower":356.35948424691264,"bb_width":23.312821175087358,"bb_pct_b":0.515960576667266,"atr":11.351850751605634,"atr_pct":2.803757454460588,"rs_vs_bench":-5.700096421547473},"AAPL":{"current":273.8800048828125,"sma_20":265.2744987487793,"sma_50":260.8779992675781,"sma_200":254.5609300994873,"rsi":61.12753218834709,"avg_vol_20":40069019.45,"current_vol":"25966889","vol_ratio":0.6480540167049184,"high_52w":285.9224548339844,"low_52w":194.6775665283203,"off_high":-4.21178880762062,"off_low":40.68390609504068,"trend_signals":["Golden Cross","Above 20d","Above 50d"],"macd":3.9097956695514426,"macd_signal":3.268601382052783,"macd_histogram":0.6411942874986596,"macd_crossover":null,"bb_upper":278.39936366389185,"bb_lower":252.1496338336668,"bb_width":9.89530842732234,"bb_pct_b":0.8278321792144478,"atr":5.759318744367317,"atr_pct":2.102862071596504,"rs_vs_bench":-7.095471897272776},"GOOG":{"current":381.2349853515625,"sma_20":330.37724609375,"sma_50":312.56201110839845,"sma_200":280.0263705444336,"rsi":82.35427147632576,"avg_vol_20":16423723.5,"current_vol":"30617770","vol_ratio":1.8642404689776957,"high_52w":381.2349853515625,"low_52w":152.27359008789062,"off_high":0.0,"off_low":150.3618553496492,"trend_signals":["Golden Cross","Above 20d","Above 50d"],"macd":14.156565531466072,"macd_signal":10.285043313630013,"macd_histogram":3.871522217836059,"macd_crossover":null,"bb_upper":370.6813085207553,"bb_lower":290.0731836667447,"bb_width":24.39881251117903,"bb_pct_b":1.1309257205761947,"atr":9.822952703637117,"atr_pct":2.5766136585231574,"rs_vs_bench":15.35590399702671}}