{"AMZN":{"current":233.64999389648438,"sma_20":210.75649948120116,"sma_50":213.4952001953125,"sma_200":224.72940002441408,"rsi":68.98284720837088,"avg_vol_20":43816093.2,"current_vol":"65490764","vol_ratio":1.4946737423865073,"high_52w":254.0,"low_52w":167.32000732421875,"off_high":-8.011813426580956,"off_low":39.64259124357849,"trend_signals":["Death Cross","Above 20d","Above 50d"],"macd":1.8777703555472556,"macd_signal":-0.8257751383931193,"macd_histogram":2.703545493940375,"macd_crossover":null,"bb_upper":225.05163361348087,"bb_lower":196.46136534892145,"bb_width":13.565545231078197,"bb_pct_b":1.3007443023422782,"atr":6.681661104614949,"atr_pct":2.859688114340449,"rs_vs_bench":9.217771144368658},"GOOG":{"current":316.3699951171875,"sma_20":297.1844985961914,"sma_50":308.1528381347656,"sma_200":267.9087245178223,"rsi":62.74507059702874,"avg_vol_20":20387301.95,"current_vol":"14537039","vol_ratio":0.7130437875326607,"high_52w":344.6571960449219,"low_52w":149.34371948242188,"off_high":-8.207343775885498,"off_low":111.8401739380979,"trend_signals":["Golden Cross","Above 20d","Above 50d"],"macd":-0.3760601524782601,"macd_signal":-4.104080255461799,"macd_histogram":3.728020102983539,"macd_crossover":null,"bb_upper":321.36976913070407,"bb_lower":272.99922806167876,"bb_width":16.276266527195375,"bb_pct_b":0.896635970923256,"atr":8.434705396511118,"atr_pct":2.666088923314866,"rs_vs_bench":2.0465229136324536},"NVDA":{"current":183.91000366210938,"sma_20":177.1459991455078,"sma_50":182.1297787475586,"sma_200":180.52115852355956,"rsi":56.60928416346122,"avg_vol_20":169380882.0,"current_vol":"115699740","vol_ratio":0.6830743743558969,"high_52w":207.01727294921875,"low_52w":96.88717651367188,"off_high":-11.16200061855591,"off_low":89.81872553191556,"trend_signals":["Golden Cross","Above 20d","Above 50d"],"macd":-0.7811278973319418,"macd_signal":-2.110209410338951,"macd_histogram":1.3290815130070093,"macd_crossover":null,"bb_upper":187.38390803750042,"bb_lower":166.90809025351518,"bb_width":11.558724375799416,"bb_pct_b":0.8303411169194868,"atr":5.332642666426764,"atr_pct":2.8995935839489295,"rs_vs_bench":-1.873258951351553},"MSFT":{"current":373.07000732421875,"sma_20":378.6749984741211,"sma_50":395.8157147216797,"sma_200":473.1719380187988,"rsi":40.0147603307843,"avg_vol_20":31546203.75,"current_vol":"28422375","vol_ratio":0.9009760802042623,"high_52w":539.8252563476562,"low_52w":356.3916015625,"off_high":-30.890597848583134,"off_low":4.679797640740386,"trend_signals":["Death Cross","Below 20d","Below 50d"],"macd":-8.716574451887368,"macd_signal":-10.144054125045521,"macd_histogram":1.4274796731581532,"macd_crossover":null,"bb_upper":405.6135876560388,"bb_lower":351.73640929220335,"bb_width":14.227815034246966,"bb_pct_b":0.39596724772682923,"atr":8.687342417712628,"atr_pct":2.32860917446061,"rs_vs_bench":-9.457885988327952},"AAPL":{"current":260.489990234375,"sma_20":253.0489990234375,"sma_50":260.7565093994141,"sma_200":250.00117347717284,"rsi":55.66309292256747,"avg_vol_20":41205898.7,"current_vol":"26229474","vol_ratio":0.6365465825891573,"high_52w":285.9224548339844,"low_52w":189.59368896484375,"off_high":-8.894881870812235,"off_low":37.393808652922786,"trend_signals":["Golden Cross","Above 20d","Below 50d"],"macd":-0.5965090028422821,"macd_signal":-1.997182646691424,"macd_histogram":1.4006736438491418,"macd_crossover":null,"bb_upper":260.6199150885188,"bb_lower":245.47808295835617,"bb_width":5.983754999465606,"bb_pct_b":0.9914194759902951,"atr":6.10859755735284,"atr_pct":2.3450411863644547,"rs_vs_bench":-0.4443162398983791}}