{"GOOG":{"current":316.614990234375,"sma_20":297.1967483520508,"sma_50":308.15773803710937,"sma_200":267.9099494934082,"rsi":62.88199297225549,"avg_vol_20":20210205.5,"current_vol":"10995110","vol_ratio":0.5440375160955192,"high_52w":344.6571960449219,"low_52w":149.34371948242188,"off_high":-8.136260067203677,"off_low":112.00422175881415,"trend_signals":["Golden Cross","Above 20d","Above 50d"],"macd":-0.3565164094137572,"macd_signal":-4.100171541108976,"macd_histogram":3.7436551316952187,"macd_crossover":null,"bb_upper":321.42314741042793,"bb_lower":272.9703492936737,"bb_width":16.303273298050506,"bb_pct_b":0.9007661608217763,"atr":8.434705471259264,"atr_pct":2.6640259404696702,"rs_vs_bench":2.1893707163348486},"AMZN":{"current":232.59500122070312,"sma_20":210.7037498474121,"sma_50":213.47410034179688,"sma_200":224.72412506103515,"rsi":68.41592596363141,"avg_vol_20":43036237.7,"current_vol":"49893654","vol_ratio":1.1593405154930632,"high_52w":254.0,"low_52w":167.32000732421875,"off_high":-8.427164873738926,"off_low":39.012067319600305,"trend_signals":["Death Cross","Above 20d","Above 50d"],"macd":1.7936113521229515,"macd_signal":-0.8426069943904217,"macd_histogram":2.636218346513373,"macd_crossover":null,"bb_upper":224.64663337867876,"bb_lower":196.76086631614544,"bb_width":13.234585090549025,"bb_pct_b":1.2850331434025215,"atr":6.6816612127405675,"atr_pct":2.8726589899498824,"rs_vs_bench":8.776314112511985},"NVDA":{"current":183.72999572753906,"sma_20":177.1369987487793,"sma_50":182.1261785888672,"sma_200":180.52025856018065,"rsi":56.41991065491841,"avg_vol_20":168002794.55,"current_vol":"88137991","vol_ratio":0.5246221721256481,"high_52w":207.01727294921875,"low_52w":96.88717651367188,"off_high":-11.248953717689078,"off_low":89.63293424245126,"trend_signals":["Golden Cross","Above 20d","Above 50d"],"macd":-0.7954875346621293,"macd_signal":-2.113081375940239,"macd_histogram":1.3175938412781099,"macd_crossover":null,"bb_upper":187.35015673796536,"bb_lower":166.92384075959322,"bb_width":11.531366186993676,"bb_pct_b":0.8227697537696268,"atr":5.324071641917775,"atr_pct":2.8977694256375344,"rs_vs_bench":-1.9095014224327356},"MSFT":{"current":372.35009765625,"sma_20":378.63900299072264,"sma_50":395.8013165283203,"sma_200":473.1683381652832,"rsi":39.50109480066801,"avg_vol_20":31256665.85,"current_vol":"22631617","vol_ratio":0.7240572973652594,"high_52w":539.8251953125,"low_52w":356.3916015625,"off_high":-31.02394981014181,"off_low":4.477798024359835,"trend_signals":["Death Cross","Below 20d","Below 50d"],"macd":-8.77400318542226,"macd_signal":-10.155539925206964,"macd_histogram":1.3815367397847051,"macd_crossover":null,"bb_upper":405.61102970789267,"bb_lower":351.6669762735526,"bb_width":14.246829568073254,"bb_pct_b":0.38341800561710826,"atr":8.687342636658137,"atr_pct":2.333111416202234,"rs_vs_bench":-9.574983063976406},"AAPL":{"current":260.20599365234375,"sma_20":253.03479919433593,"sma_50":260.7508294677734,"sma_200":249.9997534942627,"rsi":55.346190010159766,"avg_vol_20":40767420.1,"current_vol":"17459902","vol_ratio":0.42828076825003697,"high_52w":285.9224548339844,"low_52w":189.59368896484375,"off_high":-8.994208306085094,"off_low":37.24401644012191,"trend_signals":["Golden Cross","Above 20d","Below 50d"],"macd":-0.6191640378216903,"macd_signal":-2.0017137006770462,"macd_histogram":1.382549662855356,"macd_crossover":null,"bb_upper":260.5477963118989,"bb_lower":245.52180207677296,"bb_width":5.938311363879103,"bb_pct_b":0.9772525761552534,"atr":6.0664551162460025,"atr_pct":2.331404834721554,"rs_vs_bench":-0.4933091809532719}}