{"AMZN":{"current":263.989990234375,"sma_20":232.95149993896484,"sma_50":218.64099975585938,"sma_200":226.40409996032716,"rsi":80.36710265056823,"avg_vol_20":46328463.85,"current_vol":"51433977","vol_ratio":1.110202513222333,"high_52w":263.989990234375,"low_52w":184.4199981689453,"off_high":0.0,"off_low":43.14607572685063,"trend_signals":["Death Cross","Above 20d","Above 50d"],"macd":12.028115307236106,"macd_signal":9.37359525353924,"macd_histogram":2.654520053696867,"macd_crossover":null,"bb_upper":274.90143561560075,"bb_lower":191.00156426232894,"bb_width":36.01602538522149,"bb_pct_b":0.8699468163034288,"atr":6.631510498058127,"atr_pct":2.512031040332459,"rs_vs_bench":14.425697946623448},"GOOG":{"current":342.32000732421875,"sma_20":315.5819976806641,"sma_50":308.49650390625,"sma_200":276.52498947143556,"rsi":69.66670333423215,"avg_vol_20":17213040.6,"current_vol":"17986612","vol_ratio":1.0449410082725301,"high_52w":344.6571960449219,"low_52w":152.27359008789062,"off_high":-0.678119809341947,"off_low":124.80589518289773,"trend_signals":["Golden Cross","Above 20d","Above 50d"],"macd":10.181526062989974,"macd_signal":7.454870745087011,"macd_histogram":2.7266553179029627,"macd_crossover":null,"bb_upper":360.2478196521041,"bb_lower":270.91617570922404,"bb_width":28.30695179047391,"bb_pct_b":0.7993117384098667,"atr":7.628405553669769,"atr_pct":2.2284427992678615,"rs_vs_bench":7.037506957932994},"NVDA":{"current":208.27000427246094,"sma_20":188.38300018310548,"sma_50":185.0215884399414,"sma_200":182.8311911010742,"rsi":71.49829525888077,"avg_vol_20":150999926.65,"current_vol":"212962033","vol_ratio":1.4103452744955356,"high_52w":208.27000427246094,"low_52w":108.70439147949219,"off_high":0.0,"off_low":91.59299954478148,"trend_signals":["Golden Cross","Above 20d","Above 50d"],"macd":6.508380153043561,"macd_signal":4.5779816497444425,"macd_histogram":1.9303985032991182,"macd_crossover":null,"bb_upper":214.43880861666972,"bb_lower":162.32719174954124,"bb_width":27.662589945205653,"bb_pct_b":0.8816232403623614,"atr":5.449858498657969,"atr_pct":2.616727510855768,"rs_vs_bench":6.319127784683463},"MSFT":{"current":424.6199951171875,"sma_20":391.9720001220703,"sma_50":393.98414428710936,"sma_200":468.6550587463379,"rsi":63.48111843213055,"avg_vol_20":33682257.1,"current_vol":"27161742","vol_ratio":0.8064109812878306,"high_52w":539.8252563476562,"low_52w":356.7699890136719,"off_high":-21.341213638265693,"off_low":19.017856936648204,"trend_signals":["Death Cross","Above 20d","Above 50d"],"macd":9.852102462742323,"macd_signal":4.644347351819319,"macd_histogram":5.207755110923004,"macd_crossover":null,"bb_upper":443.73722326894455,"bb_lower":340.2067769751961,"bb_width":26.412714750417475,"bb_pct_b":0.8153468005197674,"atr":10.487318083440288,"atr_pct":2.4698125863210882,"rs_vs_bench":1.0115316645596302},"AAPL":{"current":271.05999755859375,"sma_20":261.3984992980957,"sma_50":260.14539978027346,"sma_200":253.34281852722168,"rsi":59.70616031790744,"avg_vol_20":41904862.35,"current_vol":"35153347","vol_ratio":0.8388846789756845,"high_52w":285.9224548339844,"low_52w":194.67758178710938,"off_high":-5.1980727725705345,"off_low":39.23534239037998,"trend_signals":["Golden Cross","Above 20d","Above 50d"],"macd":4.019427347552778,"macd_signal":2.4909782244726095,"macd_histogram":1.5284491230801684,"macd_crossover":null,"bb_upper":277.48179465184376,"bb_lower":245.31520394434767,"bb_width":12.305575890400844,"bb_pct_b":0.8003581681488715,"atr":5.8811794197014455,"atr_pct":2.169696551565171,"rs_vs_bench":-9.059382252073721}}