{"GOOG":{"current":335.3999938964844,"sma_20":306.09599609375,"sma_50":307.0623175048828,"sma_200":273.3303005218506,"rsi":68.5570253624417,"avg_vol_20":19318922.9,"current_vol":"12830158","vol_ratio":0.6641238782520325,"high_52w":344.6571960449219,"low_52w":149.34368896484375,"off_high":-2.6859158185778704,"off_low":124.5826363479204,"trend_signals":["Golden Cross","Above 20d","Above 50d"],"macd":8.934403806951877,"macd_signal":4.249989693374207,"macd_histogram":4.68441411357767,"macd_crossover":null,"bb_upper":348.6909429219637,"bb_lower":263.50104926553627,"bb_width":27.83110355691676,"bb_pct_b":0.8439844392918014,"atr":7.673171750439313,"atr_pct":2.2877674090857347,"rs_vs_bench":2.168116770624696},"MSFT":{"current":418.07000732421875,"sma_20":381.73699951171875,"sma_50":392.6083966064453,"sma_200":470.09359954833985,"rsi":67.4427532010178,"avg_vol_20":34304104.5,"current_vol":"27240190","vol_ratio":0.7940796122516476,"high_52w":539.8251953125,"low_52w":356.3916015625,"off_high":-22.554558224685724,"off_low":17.306357807340834,"trend_signals":["Death Cross","Above 20d","Above 50d"],"macd":5.495647211189237,"macd_signal":-1.7276571699005048,"macd_histogram":7.223304381089742,"macd_crossover":null,"bb_upper":422.3991616549769,"bb_lower":341.0748373684606,"bb_width":21.303757401178977,"bb_pct_b":0.9467667961739714,"atr":9.710308211527613,"atr_pct":2.3226512405605653,"rs_vs_bench":-0.8416357071064482},"AAPL":{"current":273.04998779296875,"sma_20":257.6389984130859,"sma_50":260.5019989013672,"sma_200":252.13410537719727,"rsi":66.53304648284325,"avg_vol_20":41500637.05,"current_vol":"34667241","vol_ratio":0.835342381810498,"high_52w":285.9224548339844,"low_52w":192.32179260253906,"off_high":-4.502083282857161,"off_low":41.97558378486323,"trend_signals":["Golden Cross","Above 20d","Above 50d"],"macd":2.872126722376663,"macd_signal":0.7642491482755963,"macd_histogram":2.107877574101067,"macd_crossover":null,"bb_upper":271.32297224724397,"bb_lower":243.95502457892783,"bb_width":10.62259511831966,"bb_pct_b":1.0631035825797106,"atr":5.963849750054862,"atr_pct":2.1841604162885946,"rs_vs_bench":-1.4253973249463527},"AMZN":{"current":248.27999877929688,"sma_20":223.56600036621094,"sma_50":214.75580017089842,"sma_200":225.72629997253418,"rsi":73.10728718081502,"avg_vol_20":45839144.5,"current_vol":"36557790","vol_ratio":0.7975233918250808,"high_52w":254.0,"low_52w":167.32000732421875,"off_high":-2.2519689845287894,"off_low":48.386318378650685,"trend_signals":["Death Cross","Above 20d","Above 50d"],"macd":10.237980822201393,"macd_signal":6.559849040548629,"macd_histogram":3.6781317816527643,"macd_crossover":null,"bb_upper":260.93439449257426,"bb_lower":186.19760623984766,"bb_width":33.42940703430058,"bb_pct_b":0.830680498732621,"atr":6.4933898311545875,"atr_pct":2.615349550137039,"rs_vs_bench":8.151509071361328},"NVDA":{"current":202.05999755859375,"sma_20":182.90649948120117,"sma_50":183.8957717895508,"sma_200":181.9815087890625,"rsi":71.64596647121975,"avg_vol_20":157642745.05,"current_vol":"115430701","vol_ratio":0.7322297068817757,"high_52w":207.01727294921875,"low_52w":96.88717651367188,"off_high":-2.3946192122050696,"off_low":108.55184847922656,"trend_signals":["Golden Cross","Above 20d","Above 50d"],"macd":5.343800214569029,"macd_signal":2.436512979838466,"macd_histogram":2.907287234730563,"macd_crossover":null,"bb_upper":205.82732788567415,"bb_lower":159.98567107672818,"bb_width":25.06289111593735,"bb_pct_b":0.9178186263471784,"atr":5.075651766095587,"atr_pct":2.511952799872592,"rs_vs_bench":5.043835059771107}}