{"AMZN":{"current":221.38999938964844,"sma_20":209.7134994506836,"sma_50":213.7186001586914,"sma_200":224.6042000579834,"rsi":60.79926073566936,"avg_vol_20":40307402.8,"current_vol":"13336256","vol_ratio":0.3308636893866057,"high_52w":254.0,"low_52w":167.32000732421875,"off_high":-12.838582917461244,"off_low":32.31531777347904,"trend_signals":["Death Cross","Above 20d","Above 50d"],"macd":0.11761163217911985,"macd_signal":-1.4994278400787413,"macd_histogram":1.6170394722578612,"macd_crossover":null,"bb_upper":219.24285138959445,"bb_lower":200.18414751177275,"bb_width":9.08797188914563,"bb_pct_b":1.1126597072822244,"atr":6.2231069604746905,"atr_pct":2.8109250542622592,"rs_vs_bench":4.341492146013238},"GOOG":{"current":314.010009765625,"sma_20":296.75050048828126,"sma_50":308.50612182617186,"sma_200":267.1514094543457,"rsi":61.40390546365879,"avg_vol_20":19593415.2,"current_vol":"6602104","vol_ratio":0.3369552440250437,"high_52w":344.6571960449219,"low_52w":146.0749969482422,"off_high":-8.892077876506136,"off_low":114.96492645958168,"trend_signals":["Golden Cross","Above 20d","Above 50d"],"macd":-2.1217685082617095,"macd_signal":-5.047731639395094,"macd_histogram":2.9259631311333845,"macd_crossover":null,"bb_upper":319.72734785347495,"bb_lower":273.77365312308757,"bb_width":15.48563343777818,"bb_pct_b":0.8755848007131122,"atr":8.471276871190474,"atr_pct":2.697772875939012,"rs_vs_bench":2.0439117305459553},"NVDA":{"current":181.69000244140625,"sma_20":177.23249893188478,"sma_50":182.213974609375,"sma_200":180.3203887939453,"rsi":54.18480840020386,"avg_vol_20":165592962.95,"current_vol":"48024759","vol_ratio":0.290016907388153,"high_52w":207.01727294921875,"low_52w":96.27731323242188,"off_high":-12.234375492920956,"off_low":88.71528124470056,"trend_signals":["Golden Cross","Above 20d","Below 50d"],"macd":-1.4817256447707052,"macd_signal":-2.448701931943505,"macd_histogram":0.9669762871727996,"macd_crossover":null,"bb_upper":187.76763142791606,"bb_lower":166.6973664358535,"bb_width":11.888488352331155,"bb_pct_b":0.7115542216104388,"atr":5.476699806965189,"atr_pct":3.014309941864515,"rs_vs_bench":-2.10150562362168},"MSFT":{"current":379.25,"sma_20":380.5114990234375,"sma_50":398.0424267578125,"sma_200":473.7471534729004,"rsi":45.54510915451708,"avg_vol_20":30091648.1,"current_vol":"7566362","vol_ratio":0.2514439214115361,"high_52w":539.8252563476562,"low_52w":351.86627197265625,"off_high":-29.745784299548067,"off_low":7.782424804123243,"trend_signals":["Death Cross","Below 20d","Below 50d"],"macd":-8.933350529085487,"macd_signal":-10.42242793503849,"macd_histogram":1.4890774059530028,"macd_crossover":null,"bb_upper":409.5896126480816,"bb_lower":351.43338539879346,"bb_width":15.283697706519508,"bb_pct_b":0.478308444630872,"atr":8.73274221554227,"atr_pct":2.302634730531911,"rs_vs_bench":-6.098822354071675},"AAPL":{"current":258.55999755859375,"sma_20":253.0479995727539,"sma_50":260.7004803466797,"sma_200":249.70146675109862,"rsi":53.44608738660555,"avg_vol_20":39586047.0,"current_vol":"9417040","vol_ratio":0.2378878598310157,"high_52w":285.9224548339844,"low_52w":171.6717987060547,"off_high":-9.569887503686317,"off_low":50.61297167469744,"trend_signals":["Golden Cross","Above 20d","Below 50d"],"macd":-1.171230473497161,"macd_signal":-2.3527753888642793,"macd_histogram":1.1815449153671183,"macd_crossover":null,"bb_upper":260.6328299978025,"bb_lower":245.4631691477053,"bb_width":5.994776040794498,"bb_pct_b":0.8633567052228812,"atr":6.190022636600853,"atr_pct":2.3940372428252736,"rs_vs_bench":-0.6312475174867216}}