{"GOOG":{"current":337.75,"sma_20":312.50299682617185,"sma_50":307.87231994628905,"sma_200":275.6996925354004,"rsi":67.31556944716141,"avg_vol_20":17775215.0,"current_vol":"13391000","vol_ratio":0.7533523504497696,"high_52w":344.6571960449219,"low_52w":152.27357482910156,"off_high":-2.004077130605335,"off_low":121.80473557481055,"trend_signals":["Golden Cross","Above 20d","Above 50d"],"macd":9.711337660239337,"macd_signal":6.773206932366906,"macd_histogram":2.938130727872431,"macd_crossover":null,"bb_upper":357.89221128065174,"bb_lower":267.11378237169197,"bb_width":29.048818677234888,"bb_pct_b":0.7781167671358133,"atr":7.473666378907235,"atr_pct":2.212780571105029,"rs_vs_bench":6.777708478438239},"MSFT":{"current":415.75,"sma_20":389.0395004272461,"sma_50":393.56072692871095,"sma_200":469.03496871948244,"rsi":59.779695873069926,"avg_vol_20":34158160.0,"current_vol":"38151200","vol_ratio":1.1168985683069579,"high_52w":539.8251953125,"low_52w":356.7699890136719,"off_high":-22.984328332558462,"off_low":16.531662640510923,"trend_signals":["Death Cross","Above 20d","Above 50d"],"macd":9.206260443717099,"macd_signal":3.3424086019149133,"macd_histogram":5.863851841802186,"macd_crossover":null,"bb_upper":439.64947101933984,"bb_lower":338.4295298351523,"bb_width":26.017908483078717,"bb_pct_b":0.7638857448469513,"atr":10.590956860114122,"atr_pct":2.5474340012300956,"rs_vs_bench":0.07286608081300727},"NVDA":{"current":199.63999938964844,"sma_20":186.53150024414063,"sma_50":184.65698272705077,"sma_200":182.60410552978516,"rsi":64.64503159855818,"avg_vol_20":149628325.0,"current_vol":"112939600","vol_ratio":0.7548009375898581,"high_52w":207.01727294921875,"low_52w":106.40491485595703,"off_high":-3.563602908333139,"off_low":87.62291164830688,"trend_signals":["Golden Cross","Above 20d","Above 50d"],"macd":5.9091064919171,"macd_signal":4.095382053756467,"macd_histogram":1.8137244381606337,"macd_crossover":null,"bb_upper":211.89051305973055,"bb_lower":161.1724874285507,"bb_width":27.190059354477853,"bb_pct_b":0.7584583879670804,"atr":4.999078546056757,"atr_pct":2.5040465644861976,"rs_vs_bench":3.0555645999067025},"AMZN":{"current":255.0800018310547,"sma_20":230.12900009155274,"sma_50":217.44279998779297,"sma_200":226.19684997558593,"rsi":76.36590875920977,"avg_vol_20":46087085.0,"current_vol":"38951800","vol_ratio":0.8451782099041413,"high_52w":255.36000061035156,"low_52w":184.4199981689453,"off_high":-0.1096486445127008,"off_low":38.31471877435898,"trend_signals":["Death Cross","Above 20d","Above 50d"],"macd":11.248209161494088,"macd_signal":8.70996525599029,"macd_histogram":2.5382439055037977,"macd_crossover":null,"bb_upper":270.86450877953627,"bb_lower":189.39349140356921,"bb_width":35.40232536688347,"bb_pct_b":0.8062561699010057,"atr":6.4266268500388835,"atr_pct":2.5194553880767905,"rs_vs_bench":9.377091163344112},"AAPL":{"current":273.42999267578125,"sma_20":260.48999938964846,"sma_50":260.23419982910156,"sma_200":253.04001541137694,"rsi":62.948689602663414,"avg_vol_20":42231345.0,"current_vol":"33285900","vol_ratio":0.7881799644316325,"high_52w":285.9224548339844,"low_52w":194.67758178710938,"off_high":-4.369178407291111,"off_low":40.45273737517038,"trend_signals":["Golden Cross","Above 20d","Above 50d"],"macd":3.919684649460976,"macd_signal":2.108865949823917,"macd_histogram":1.8108186996370588,"macd_crossover":null,"bb_upper":276.3262431641256,"bb_lower":244.65375561517132,"bb_width":12.158811326026237,"bb_pct_b":0.9085562672061118,"atr":6.042808720819677,"atr_pct":2.210002151440979,"rs_vs_bench":-5.407235580172021}}