{"NVDA":{"current":199.09500122070312,"sma_20":197.25625076293946,"sma_50":187.16449584960938,"sma_200":183.84455993652344,"rsi":53.633757513250536,"avg_vol_20":144108705.4,"current_vol":"64449508","vol_ratio":0.4472284156679406,"high_52w":216.61000061035156,"low_52w":111.58370208740234,"off_high":-8.085960639072827,"off_low":78.426595906232,"trend_signals":["Golden Cross","Above 20d","Above 50d"],"macd":6.2946262526719465,"macd_signal":6.364693348652743,"macd_histogram":-0.07006709598079652,"macd_crossover":"bearish","bb_upper":219.19647229026634,"bb_lower":175.31602923561258,"bb_width":22.245400531002097,"bb_pct_b":0.5419036438504843,"atr":6.278848250020321,"atr_pct":3.1536945737075635,"rs_vs_bench":-2.698755420368016},"AMZN":{"current":270.1307067871094,"sma_20":247.45903549194335,"sma_50":224.83821441650392,"sma_200":227.38680351257324,"rsi":78.95228192018716,"avg_vol_20":48777574.6,"current_vol":"24552092","vol_ratio":0.5033479462916961,"high_52w":270.1307067871094,"low_52w":185.00999450683594,"off_high":0.0,"off_low":46.00871023599123,"trend_signals":["Death Cross","Above 20d","Above 50d"],"macd":12.703225476528445,"macd_signal":11.42131770319125,"macd_histogram":1.2819077733371955,"macd_crossover":null,"bb_upper":280.46895538962644,"bb_lower":214.4491155942603,"bb_width":26.679098487602243,"bb_pct_b":0.8434069419955984,"atr":7.47663593179828,"atr_pct":2.7677845368726013,"rs_vs_bench":12.170536888553563},"AAPL":{"current":284.6700134277344,"sma_20":266.5854995727539,"sma_50":261.30919982910154,"sma_200":254.92401817321777,"rsi":69.37758097989527,"avg_vol_20":43898825.5,"current_vol":"43500710","vol_ratio":0.9909310671648834,"high_52w":285.9224548339844,"low_52w":194.6775665283203,"off_high":-0.43803534317624937,"off_low":46.22640836550759,"trend_signals":["Golden Cross","Above 20d","Above 50d"],"macd":4.722620744979793,"macd_signal":3.5271135284081545,"macd_histogram":1.195507216571638,"macd_crossover":null,"bb_upper":281.34965798417744,"bb_lower":251.82134116133042,"bb_width":11.076490233028762,"bb_pct_b":1.112446485300099,"atr":6.6001818663985725,"atr_pct":2.3185377999337744,"rs_vs_bench":-4.80590237496077},"MSFT":{"current":416.0101013183594,"sma_20":405.6515060424805,"sma_50":396.1418017578125,"sma_200":466.64310989379885,"rsi":55.22381402899806,"avg_vol_20":33910869.55,"current_vol":"15340191","vol_ratio":0.45236796353398145,"high_52w":539.8252563476562,"low_52w":356.7699890136719,"off_high":-22.936154537674668,"off_low":16.604567124175162,"trend_signals":["Death Cross","Above 20d","Above 50d"],"macd":8.614169372617425,"macd_signal":8.048271280399508,"macd_histogram":0.5658980922179175,"macd_crossover":null,"bb_upper":450.7938352344432,"bb_lower":360.5091768505178,"bb_width":22.256704841241394,"bb_pct_b":0.614732618600938,"atr":11.207431863083183,"atr_pct":2.6940287814084805,"rs_vs_bench":-3.2098046960376436},"GOOG":{"current":380.67999267578125,"sma_20":334.72349700927737,"sma_50":314.12278564453123,"sma_200":281.016510848999,"rsi":81.24143746147669,"avg_vol_20":17205753.75,"current_vol":"14810675","vol_ratio":0.8607978014331398,"high_52w":381.94000244140625,"low_52w":152.27357482910156,"off_high":-0.3298973026053481,"off_low":149.9974096641672,"trend_signals":["Golden Cross","Above 20d","Above 50d"],"macd":16.10636234663241,"macd_signal":11.458305619862593,"macd_histogram":4.648056726769816,"macd_crossover":null,"bb_upper":377.3990422580355,"bb_lower":292.04795176051925,"bb_width":25.498983865823615,"bb_pct_b":1.0384406385275329,"atr":9.712590046011089,"atr_pct":2.551379172239067,"rs_vs_bench":13.114323894644663}}