{"MSFT":{"current":424.42498779296875,"sma_20":395.35475006103513,"sma_50":394.4541461181641,"sma_200":468.2842655944824,"rsi":63.34310070950765,"avg_vol_20":32798149.0,"current_vol":"19949080","vol_ratio":0.6082379831861853,"high_52w":539.8251953125,"low_52w":356.7699890136719,"off_high":-21.37732890602246,"off_low":18.963197820067833,"trend_signals":["Death Cross","Above 20d","Above 50d"],"macd":10.230273249617369,"macd_signal":5.761532533865602,"macd_histogram":4.468740715751767,"macd_crossover":null,"bb_upper":446.2694091745534,"bb_lower":344.44009094751686,"bb_width":25.756442337246753,"bb_pct_b":0.7854800389325912,"atr":10.457195330697543,"atr_pct":2.463850063370558,"rs_vs_bench":-0.5345317411722199},"NVDA":{"current":215.69000244140625,"sma_20":190.79150009155273,"sma_50":185.59679077148436,"sma_200":183.0892771911621,"rsi":75.83543499542236,"avg_vol_20":148535649.3,"current_vol":"146109086","vol_ratio":0.9836634281976373,"high_52w":215.69000244140625,"low_52w":108.70439147949219,"off_high":0.0,"off_low":98.41884905091219,"trend_signals":["Golden Cross","Above 20d","Above 50d"],"macd":7.495635690952213,"macd_signal":5.161512469925703,"macd_histogram":2.33412322102651,"macd_crossover":null,"bb_upper":217.62113733781626,"bb_lower":163.9618628452892,"bb_width":28.124562397579687,"bb_pct_b":0.9640111627547451,"atr":5.703440018609244,"atr_pct":2.6442764866482977,"rs_vs_bench":11.814731984091175},"AAPL":{"current":266.590087890625,"sma_20":262.2880035400391,"sma_50":260.2426013183594,"sma_200":253.6169409942627,"rsi":54.05109425890446,"avg_vol_20":40830732.05,"current_vol":"23446241","vol_ratio":0.5742302384216009,"high_52w":285.9224548339844,"low_52w":194.67758178710938,"off_high":-6.761402127225145,"off_low":36.93928465895775,"trend_signals":["Golden Cross","Above 20d","Above 50d"],"macd":3.6951939053886917,"macd_signal":2.731821356217023,"macd_histogram":0.9633725491716687,"macd_crossover":null,"bb_upper":277.37442112140553,"bb_lower":247.20158595867264,"bb_width":11.503703850537303,"bb_pct_b":0.6425813758429805,"atr":5.888951624822829,"atr_pct":2.208991216222155,"rs_vs_bench":-10.678810806753816},"AMZN":{"current":261.2300109863281,"sma_20":236.0460006713867,"sma_50":219.87359985351563,"sma_200":226.5989500427246,"rsi":76.07092017352872,"avg_vol_20":45291688.75,"current_vol":"33013075","vol_ratio":0.7288991846213727,"high_52w":263.989990234375,"low_52w":184.4199981689453,"off_high":-1.0454863252945752,"off_low":41.64950307993059,"trend_signals":["Death Cross","Above 20d","Above 50d"],"macd":12.281911075671417,"macd_signal":9.955258424652758,"macd_histogram":2.3266526510186587,"macd_crossover":null,"bb_upper":276.6660853006554,"bb_lower":195.425916042118,"bb_width":34.41709201912579,"bb_pct_b":0.8099945574312656,"atr":6.4382646831988195,"atr_pct":2.4645961078092884,"rs_vs_bench":11.225580037423441},"GOOG":{"current":350.010009765625,"sma_20":319.3944976806641,"sma_50":309.3136602783203,"sma_200":277.38354682922363,"rsi":73.16482660973362,"avg_vol_20":16510242.1,"current_vol":"11390542","vol_ratio":0.6899076301249393,"high_52w":350.010009765625,"low_52w":152.27357482910156,"off_high":0.0,"off_low":129.85604045773889,"trend_signals":["Golden Cross","Above 20d","Above 50d"],"macd":11.047326006927449,"macd_signal":8.173361805869957,"macd_histogram":2.8739642010574915,"macd_crossover":null,"bb_upper":361.99898364852146,"bb_lower":276.7900117128067,"bb_width":26.678284239231985,"bb_pct_b":0.8592991605163193,"atr":7.80352065767935,"atr_pct":2.2295135681704568,"rs_vs_bench":9.371134290601855}}