{"AMZN":{"current":248.85499572753906,"sma_20":217.35674972534179,"sma_50":213.67810028076173,"sma_200":225.28422500610353,"rsi":76.11204334201395,"avg_vol_20":45387326.4,"current_vol":"26563228","vol_ratio":0.5852565045558621,"high_52w":254.0,"low_52w":167.32000732421875,"off_high":-2.0255922332523375,"off_low":48.72996942041045,"trend_signals":["Death Cross","Above 20d","Above 50d"],"macd":8.190930677359802,"macd_signal":3.4185107983188656,"macd_histogram":4.772419879040936,"macd_crossover":null,"bb_upper":248.4595262242593,"bb_lower":186.25397322642428,"bb_width":28.619103421651147,"bb_pct_b":1.0063574630273528,"atr":6.66367024437839,"atr_pct":2.6777321567914854,"rs_vs_bench":11.648400768181634},"GOOG":{"current":333.4200134277344,"sma_20":301.2059982299805,"sma_50":306.98316284179685,"sma_200":270.9514994049072,"rsi":71.47128653130522,"avg_vol_20":19842761.55,"current_vol":"8030531","vol_ratio":0.4047083355693502,"high_52w":344.6571960449219,"low_52w":149.3437042236328,"off_high":-3.260394022274489,"off_low":123.25682569682273,"trend_signals":["Golden Cross","Above 20d","Above 50d"],"macd":5.689348738439719,"macd_signal":0.47238506381932854,"macd_histogram":5.2169636746203905,"macd_crossover":null,"bb_upper":335.0959496469252,"bb_lower":267.31604681303577,"bb_width":22.50283966195696,"bb_pct_b":0.9752738474220287,"atr":8.038886773606322,"atr_pct":2.411039064800672,"rs_vs_bench":1.9266883999475617},"MSFT":{"current":414.07000732421875,"sma_20":376.95749816894534,"sma_50":391.7688739013672,"sma_200":471.16224487304686,"rsi":68.37401306341157,"avg_vol_20":32752856.15,"current_vol":"29002123","vol_ratio":0.8854837839844389,"high_52w":539.8252563476562,"low_52w":356.3916320800781,"off_high":-23.29554750258833,"off_low":16.18398695488473,"trend_signals":["Death Cross","Above 20d","Above 50d"],"macd":-1.6430052191977893,"macd_signal":-6.991688463645878,"macd_histogram":5.348683244448089,"macd_crossover":null,"bb_upper":403.0652543229392,"bb_lower":350.84974201495146,"bb_width":13.851830129821622,"bb_pct_b":1.210756392398664,"atr":9.824558393179027,"atr_pct":2.3726805176416343,"rs_vs_bench":-1.2406654736987877},"NVDA":{"current":197.43499755859375,"sma_20":179.31324920654296,"sma_50":182.3529019165039,"sma_200":181.30619468688965,"rsi":68.75806063045809,"avg_vol_20":163035390.55,"current_vol":"134119011","vol_ratio":0.8226374074214771,"high_52w":207.01727294921875,"low_52w":96.88717651367188,"off_high":-4.628732305335472,"off_low":103.77825493834413,"trend_signals":["Golden Cross","Above 20d","Above 50d"],"macd":3.0209541386338117,"macd_signal":0.19691629704389318,"macd_histogram":2.8240378415899183,"macd_crossover":null,"bb_upper":196.2654470384747,"bb_lower":162.36105137461124,"bb_width":18.907914397786907,"bb_pct_b":1.034495542457511,"atr":5.364766261103689,"atr_pct":2.717231659757567,"rs_vs_bench":2.5155220412053314},"AAPL":{"current":265.5899963378906,"sma_20":254.6074996948242,"sma_50":260.7738323974609,"sma_200":251.21416847229003,"rsi":61.42377796871126,"avg_vol_20":41417765.05,"current_vol":"28764201","vol_ratio":0.6944894531434888,"high_52w":285.9224548339844,"low_52w":192.32179260253906,"off_high":-7.111179325841833,"off_low":38.09667263593521,"trend_signals":["Golden Cross","Above 20d","Above 50d"],"macd":0.8975490060789753,"macd_signal":-0.6070028312651969,"macd_histogram":1.5045518373441722,"macd_crossover":null,"bb_upper":264.76480199729434,"bb_lower":244.45019739235408,"bb_width":7.978792702214036,"bb_pct_b":1.0406207433835855,"atr":5.841771331184868,"atr_pct":2.1995449421042244,"rs_vs_bench":-0.6658847070840634}}