{"AMZN":{"current":265.639892578125,"sma_20":241.84649505615235,"sma_50":222.3793978881836,"sma_200":226.97154945373535,"rsi":76.7382689994273,"avg_vol_20":43537302.95,"current_vol":"15649559","vol_ratio":0.3594517331028196,"high_52w":265.639892578125,"low_52w":184.4199981689453,"off_high":0.0,"off_low":44.04071967009508,"trend_signals":["Death Cross","Above 20d","Above 50d"],"macd":12.498703490232998,"macd_signal":10.823896659045475,"macd_histogram":1.6748068311875226,"macd_crossover":null,"bb_upper":279.09696993556014,"bb_lower":204.5960201767446,"bb_width":30.805056629626897,"bb_pct_b":0.8193703919077516,"atr":6.426308239871692,"atr_pct":2.4191804090500852,"rs_vs_bench":13.149399676693218},"GOOG":{"current":352.3299865722656,"sma_20":326.3114959716797,"sma_50":311.11223205566404,"sma_200":279.0587383270264,"rsi":73.58167390642662,"avg_vol_20":15232256.85,"current_vol":"4287337","vol_ratio":0.2814643320566118,"high_52w":352.3299865722656,"low_52w":152.27357482910156,"off_high":0.0,"off_low":131.37959883564153,"trend_signals":["Golden Cross","Above 20d","Above 50d"],"macd":11.861371336784089,"macd_signal":9.397253745979455,"macd_histogram":2.4641175908046336,"macd_crossover":null,"bb_upper":362.59316285402633,"bb_lower":290.029829089333,"bb_width":22.237443259121655,"bb_pct_b":0.8585625032741482,"atr":7.814058196968676,"atr_pct":2.217823771683411,"rs_vs_bench":6.471027810762873},"NVDA":{"current":211.1800994873047,"sma_20":195.076505279541,"sma_50":186.74699066162108,"sma_200":183.57095138549803,"rsi":68.04771072734505,"avg_vol_20":140525525.2,"current_vol":"30359404","vol_ratio":0.21604191805575265,"high_52w":216.61000061035156,"low_52w":108.89433288574219,"off_high":-2.5067638187280377,"off_low":93.93121192898647,"trend_signals":["Golden Cross","Above 20d","Above 50d"],"macd":8.15747068092719,"macd_signal":6.23055097223408,"macd_histogram":1.9269197086931102,"macd_crossover":null,"bb_upper":220.5818124717306,"bb_lower":169.57119808735143,"bb_width":26.149030254197907,"bb_pct_b":0.8156910459148486,"atr":5.747568820076762,"atr_pct":2.721643201244104,"rs_vs_bench":7.156005609514526},"MSFT":{"current":425.43359375,"sma_20":401.65218048095704,"sma_50":395.6284716796875,"sma_200":467.55701904296876,"rsi":62.47552524899737,"avg_vol_20":30735538.6,"current_vol":"7454272","vol_ratio":0.24252940861104674,"high_52w":539.8252563476562,"low_52w":356.7699890136719,"off_high":-21.19049845344512,"off_low":19.24590264056567,"trend_signals":["Death Cross","Above 20d","Above 50d"],"macd":10.82819579920681,"macd_signal":7.588126606767081,"macd_histogram":3.240069192439729,"macd_crossover":null,"bb_upper":451.1511063466071,"bb_lower":352.153254615307,"bb_width":24.647656988381208,"bb_pct_b":0.7402215083776813,"atr":10.084028128032424,"atr_pct":2.3702942776912344,"rs_vs_bench":2.1747998531800548},"AAPL":{"current":269.1199951171875,"sma_20":264.30949783325195,"sma_50":260.66639892578127,"sma_200":254.2286582183838,"rsi":56.170701070180854,"avg_vol_20":39569461.9,"current_vol":"5787138","vol_ratio":0.14625263327121465,"high_52w":285.9224548339844,"low_52w":194.67758178710938,"off_high":-5.876579272709768,"off_low":38.23882166950533,"trend_signals":["Golden Cross","Above 20d","Above 50d"],"macd":3.6314348007477975,"macd_signal":3.091550388995433,"macd_histogram":0.5398844117523645,"macd_crossover":null,"bb_upper":277.363262319978,"bb_lower":251.25573334652591,"bb_width":9.877635570221862,"bb_pct_b":0.6842570887818296,"atr":5.712616930265411,"atr_pct":2.122702524492046,"rs_vs_bench":-7.726213737748244}}