{"AMZN":{"current":231.69500732421875,"sma_20":210.65875015258788,"sma_50":213.4561004638672,"sma_200":224.71962509155273,"rsi":67.91565650292992,"avg_vol_20":42544210.0,"current_vol":"40113800","vol_ratio":0.942873307554659,"high_52w":254.0,"low_52w":167.32000732421875,"off_high":-8.781493179441437,"off_low":38.4741795255002,"trend_signals":["Death Cross","Above 20d","Above 50d"],"macd":1.721816967218217,"macd_signal":-0.8569658713713686,"macd_histogram":2.5787828385895857,"macd_crossover":null,"bb_upper":224.30684244155677,"bb_lower":197.010657863619,"bb_width":12.95753656478363,"bb_pct_b":1.270666578384493,"atr":6.6816612127405675,"atr_pct":2.883817519378262,"rs_vs_bench":8.308874406845069},"MSFT":{"current":372.114990234375,"sma_20":378.6272476196289,"sma_50":395.79661437988284,"sma_200":473.1671627807617,"rsi":39.33618717177555,"avg_vol_20":30986291.45,"current_vol":"17279529","vol_ratio":0.5576507607527844,"high_52w":539.8251953125,"low_52w":356.3916015625,"off_high":-31.067502320086977,"off_low":4.411829179739413,"trend_signals":["Death Cross","Below 20d","Below 50d"],"macd":-8.79275819343843,"macd_signal":-10.159290926814434,"macd_histogram":1.366532733376003,"macd_crossover":null,"bb_upper":405.6110174714087,"bb_lower":351.64347776784916,"bb_width":14.25347489987715,"bb_pct_b":0.37933010433632214,"atr":8.687342636713312,"atr_pct":2.3345855084315814,"rs_vs_bench":-9.671397726535325},"NVDA":{"current":183.6199951171875,"sma_20":177.13149871826172,"sma_50":182.12397857666016,"sma_200":180.51970893859863,"rsi":56.30337103912879,"avg_vol_20":167104096.35,"current_vol":"70603627","vol_ratio":0.4225128440425572,"high_52w":207.01727294921875,"low_52w":96.88717651367188,"off_high":-11.302089675275836,"off_low":89.5193994958421,"trend_signals":["Golden Cross","Above 20d","Above 50d"],"macd":-0.8042625121390188,"macd_signal":-2.1148363714520526,"macd_histogram":1.3105738593130338,"macd_crossover":null,"bb_upper":187.32981498049332,"bb_lower":166.93318245603012,"bb_width":11.514966379246454,"bb_pct_b":0.8181160611264452,"atr":5.324071641919051,"atr_pct":2.89950538258167,"rs_vs_bench":-2.007474947740362},"GOOG":{"current":317.1856994628906,"sma_20":297.22528381347655,"sma_50":308.16915222167967,"sma_200":267.9128030395508,"rsi":63.19708001912689,"avg_vol_20":20095183.95,"current_vol":"8875879","vol_ratio":0.4416918512457807,"high_52w":344.6571960449219,"low_52w":149.3437042236328,"off_high":-7.970672568940262,"off_low":112.38638823898795,"trend_signals":["Golden Cross","Above 20d","Above 50d"],"macd":-0.310989747309975,"macd_signal":-4.09106620868822,"macd_histogram":3.780076461378245,"macd_crossover":null,"bb_upper":321.54913486376864,"bb_lower":272.90143276318446,"bb_width":16.367282579873994,"bb_pct_b":0.91030541603268,"atr":8.434705471259253,"atr_pct":2.6592325837962556,"rs_vs_bench":2.339683298833406},"AAPL":{"current":260.3599853515625,"sma_20":253.04249877929686,"sma_50":260.7539093017578,"sma_200":250.00052291870117,"rsi":55.51858453778029,"avg_vol_20":40574185.1,"current_vol":"13619802","vol_ratio":0.33567653833175815,"high_52w":285.9224548339844,"low_52w":189.5936737060547,"off_high":-8.940350451755968,"off_low":37.32524944646815,"trend_signals":["Golden Cross","Above 20d","Below 50d"],"macd":-0.6068797993332851,"macd_signal":-1.9992568525040701,"macd_histogram":1.392377053170785,"macd_crossover":null,"bb_upper":260.5866911588196,"bb_lower":245.49830639977415,"bb_width":5.962786817168401,"bb_pct_b":0.9849748126868804,"atr":6.066455116538875,"atr_pct":2.3300259094527824,"rs_vs_bench":-0.47100957810506383}}