{"GOOG":{"current":336.5111999511719,"sma_20":306.15155639648435,"sma_50":307.08454162597656,"sma_200":273.33585624694825,"rsi":69.73923985852396,"avg_vol_20":18946202.2,"current_vol":"5375744","vol_ratio":0.2837372864098326,"high_52w":344.6571960449219,"low_52w":149.3437042236328,"off_high":-2.3635067502517106,"off_low":125.32667292574149,"trend_signals":["Golden Cross","Above 20d","Above 50d"],"macd":9.023047024997538,"macd_signal":4.26771833699346,"macd_histogram":4.755328688004078,"macd_crossover":null,"bb_upper":348.91003035425655,"bb_lower":263.39308243871216,"bb_width":27.932880342700233,"bb_pct_b":0.8550131791966006,"atr":7.673171750413432,"atr_pct":2.2802128878702455,"rs_vs_bench":2.8594614695556686},"AMZN":{"current":246.6999969482422,"sma_20":223.48700027465821,"sma_50":214.72420013427734,"sma_200":225.7183999633789,"rsi":70.88418251281163,"avg_vol_20":44824369.4,"current_vol":"16262288","vol_ratio":0.3628001512944876,"high_52w":254.0,"low_52w":167.32000732421875,"off_high":-2.87401694951095,"off_low":47.44201897517702,"trend_signals":["Death Cross","Above 20d","Above 50d"],"macd":10.11194079009448,"macd_signal":6.5346410341272465,"macd_histogram":3.577299755967233,"macd_crossover":null,"bb_upper":260.64147280567653,"bb_lower":186.3325277436399,"bb_width":33.249784090668975,"bb_pct_b":0.8123849578836662,"atr":6.4933898311545875,"atr_pct":2.63209968037288,"rs_vs_bench":7.719357220146225},"NVDA":{"current":198.81100463867188,"sma_20":182.7440498352051,"sma_50":183.83079193115233,"sma_200":181.96526397705077,"rsi":66.47141309914727,"avg_vol_20":154635818.7,"current_vol":"55292174","vol_ratio":0.3575638197206376,"high_52w":207.01727294921875,"low_52w":96.88717651367188,"off_high":-3.9640500493694883,"off_low":105.19847083232672,"trend_signals":["Golden Cross","Above 20d","Above 50d"],"macd":5.084621292176621,"macd_signal":2.3846771953529826,"macd_histogram":2.6999440968236383,"macd_crossover":null,"bb_upper":205.1331908967642,"bb_lower":160.35490877364597,"bb_width":24.503277761162888,"bb_pct_b":0.8588113264213793,"atr":5.040651373732494,"atr_pct":2.5353985725758,"rs_vs_bench":3.513761383699409},"AAPL":{"current":272.42999267578125,"sma_20":257.6079986572266,"sma_50":260.4895989990234,"sma_200":252.13100578308106,"rsi":66.04165266808185,"avg_vol_20":40511607.2,"current_vol":"14886644","vol_ratio":0.3674661419011784,"high_52w":285.9224548339844,"low_52w":192.32179260253906,"off_high":-4.718923585780374,"off_low":41.65320996086878,"trend_signals":["Golden Cross","Above 20d","Above 50d"],"macd":2.822668422425295,"macd_signal":0.754357488279183,"macd_histogram":2.068310934146112,"macd_crossover":null,"bb_upper":271.14701527712504,"bb_lower":244.06898203732814,"bb_width":10.5113324822755,"bb_pct_b":1.0473807453921953,"atr":5.963849750054368,"atr_pct":2.1891311200642805,"rs_vs_bench":-1.3521973336055666},"MSFT":{"current":417.1199951171875,"sma_20":381.6894989013672,"sma_50":392.5893963623047,"sma_200":470.08884887695314,"rsi":66.64679932614243,"avg_vol_20":33510974.5,"current_vol":"11377590","vol_ratio":0.3395183270483525,"high_52w":539.8252563476562,"low_52w":356.3916320800781,"off_high":-22.73055211619157,"off_low":17.03978364549935,"trend_signals":["Death Cross","Above 20d","Above 50d"],"macd":5.419862762855189,"macd_signal":-1.742814058005911,"macd_histogram":7.1626768208611,"macd_crossover":null,"bb_upper":422.17478690743087,"bb_lower":341.2042108953035,"bb_width":21.213729024557487,"bb_pct_b":0.9375724857201672,"atr":9.710308211486279,"atr_pct":2.3279411980138285,"rs_vs_bench":-0.769951948211034}}