{"AMZN":{"current":250.55999755859375,"sma_20":221.42050018310547,"sma_50":214.24400024414064,"sma_200":225.5844999694824,"rsi":76.57275501836331,"avg_vol_20":47195985.0,"current_vol":"51897500","vol_ratio":1.0996168424072514,"high_52w":254.0,"low_52w":167.32000732421875,"off_high":-1.3543316698449803,"off_low":49.74897596859382,"trend_signals":["Death Cross","Above 20d","Above 50d"],"macd":9.93790595341926,"macd_signal":5.640316095135438,"macd_histogram":4.297589858283823,"macd_crossover":null,"bb_upper":257.72660999737246,"bb_lower":185.1143903688385,"bb_width":32.793810676286384,"bb_pct_b":0.9013029421846444,"atr":6.593266582364195,"atr_pct":2.6314122951020353,"rs_vs_bench":10.388865322093045},"NVDA":{"current":201.67999267578125,"sma_20":181.4384994506836,"sma_50":183.2919857788086,"sma_200":181.75732810974122,"rsi":71.36924415893355,"avg_vol_20":163937385.0,"current_vol":"159843200","vol_ratio":0.9750259222446424,"high_52w":207.01727294921875,"low_52w":96.88717651367188,"off_high":-2.578181133101262,"off_low":108.15963467293518,"trend_signals":["Golden Cross","Above 20d","Above 50d"],"macd":4.723555157288473,"macd_signal":1.7096911711530796,"macd_histogram":3.0138639861353935,"macd_crossover":null,"bb_upper":202.90914773159545,"bb_lower":159.96785116977173,"bb_width":23.66713607742082,"bb_pct_b":0.9713759212173634,"atr":5.132987152105373,"atr_pct":2.545114705729443,"rs_vs_bench":5.165218165308927},"GOOG":{"current":339.3999938964844,"sma_20":304.2654968261719,"sma_50":306.97625244140625,"sma_200":272.55008033752443,"rsi":73.01236568613974,"avg_vol_20":20415590.0,"current_vol":"19635800","vol_ratio":0.9618041898372763,"high_52w":344.6571960449219,"low_52w":149.3437042236328,"off_high":-1.5253423427005097,"off_low":127.26099882205561,"trend_signals":["Golden Cross","Above 20d","Above 50d"],"macd":8.285540313667923,"macd_signal":3.0788861649926074,"macd_histogram":5.206654148675316,"macd_crossover":null,"bb_upper":344.6471073311523,"bb_lower":263.8838863211915,"bb_width":26.54366724206694,"bb_pct_b":0.9350309043020858,"atr":7.896493499393261,"atr_pct":2.3266039014136397,"rs_vs_bench":1.9761564137778418},"AAPL":{"current":270.2300109863281,"sma_20":256.3859992980957,"sma_50":260.5540405273438,"sma_200":251.82783279418945,"rsi":64.17514969480777,"avg_vol_20":44183830.0,"current_vol":"61314800","vol_ratio":1.3877203492770998,"high_52w":285.9224548339844,"low_52w":192.32177734375,"off_high":-5.488356574431267,"off_low":40.50931450333228,"trend_signals":["Golden Cross","Above 20d","Above 50d"],"macd":2.060515598065024,"macd_signal":0.23727975441436602,"macd_histogram":1.8232358436506577,"macd_crossover":null,"bb_upper":268.6433043127357,"bb_lower":244.12869428345573,"bb_width":9.561602465186589,"bb_pct_b":1.0647249404211307,"atr":6.111454891399489,"atr_pct":2.2615751925898,"rs_vs_bench":-2.647218384777771},"MSFT":{"current":422.7900085449219,"sma_20":379.9269989013672,"sma_50":392.10246704101564,"sma_200":470.4445169067383,"rsi":71.69699827775919,"avg_vol_20":35484755.0,"current_vol":"47812100","vol_ratio":1.347398340498617,"high_52w":539.8251953125,"low_52w":356.3916015625,"off_high":-21.680200884256152,"off_low":18.630744016221623,"trend_signals":["Death Cross","Above 20d","Above 50d"],"macd":3.861073938719585,"macd_signal":-3.5334832651657084,"macd_histogram":7.394557203885293,"macd_crossover":null,"bb_upper":416.82832530804995,"bb_lower":343.02567249468444,"bb_width":19.425482533955268,"bb_pct_b":1.0807787120057597,"atr":9.916485860137923,"atr_pct":2.345487277305014,"rs_vs_bench":-0.8996317153169056}}