{"AMZN":{"current":255.9250030517578,"sma_20":221.68875045776366,"sma_50":214.3513003540039,"sma_200":225.61132499694824,"rsi":78.77148398241249,"avg_vol_20":45428619.3,"current_vol":"16620986","vol_ratio":0.36587037546175216,"high_52w":255.9250030517578,"low_52w":167.32000732421875,"off_high":0.0,"off_low":52.95540990256335,"trend_signals":["Death Cross","Above 20d","Above 50d"],"macd":10.365883576288951,"macd_signal":5.725911590093721,"macd_histogram":4.6399719861952295,"macd_crossover":null,"bb_upper":258.9676308720745,"bb_lower":184.4098700434528,"bb_width":33.63172947416946,"bb_pct_b":0.9591909978719659,"atr":6.593266583546854,"atr_pct":2.5762494890792067,"rs_vs_bench":13.004659506907835},"GOOG":{"current":334.6099853515625,"sma_20":304.02599639892577,"sma_50":306.8804522705078,"sma_200":272.5261304473877,"rsi":70.9102295613579,"avg_vol_20":19692465.0,"current_vol":"5196400","vol_ratio":0.2638775795716788,"high_52w":344.6571960449219,"low_52w":149.34371948242188,"off_high":-2.9151315593160696,"off_low":124.05360366757634,"trend_signals":["Golden Cross","Above 20d","Above 50d"],"macd":7.903431355799114,"macd_signal":3.0024643554835873,"macd_histogram":4.900967000315527,"macd_crossover":null,"bb_upper":343.5785240539352,"bb_lower":264.4734687439163,"bb_width":26.01917475708942,"bb_pct_b":0.886624961360253,"atr":7.575064960798982,"atr_pct":2.26384904587953,"rs_vs_bench":0.3764542299694824},"MSFT":{"current":428.497802734375,"sma_20":380.21238861083987,"sma_50":392.2166229248047,"sma_200":470.4730563354492,"rsi":73.5691451553953,"avg_vol_20":33818781.05,"current_vol":"14608121","vol_ratio":0.4319529133354143,"high_52w":539.8252563476562,"low_52w":356.3916320800781,"off_high":-20.622868660592005,"off_low":20.232284981959182,"trend_signals":["Death Cross","Above 20d","Above 50d"],"macd":4.316396515578845,"macd_signal":-3.4424187962279027,"macd_histogram":7.758815311806748,"macd_crossover":null,"bb_upper":418.56907724398707,"bb_lower":341.85569997769267,"bb_width":20.176453888464195,"bb_pct_b":1.1294262597241997,"atr":9.700772349090792,"atr_pct":2.263902472121726,"rs_vs_bench":0.5984971955834038},"NVDA":{"current":200.58230590820312,"sma_20":181.38361511230468,"sma_50":183.27003204345704,"sma_200":181.75184005737304,"rsi":70.59960509113618,"avg_vol_20":158998303.25,"current_vol":"61274465","vol_ratio":0.38537810622831287,"high_52w":207.01727294921875,"low_52w":96.88717651367188,"off_high":-3.1084203503125654,"off_low":107.02668105917887,"trend_signals":["Golden Cross","Above 20d","Above 50d"],"macd":4.635990380568501,"macd_signal":1.6921781899756292,"macd_histogram":2.9438121905928716,"macd_crossover":null,"bb_upper":202.6409533400012,"bb_lower":160.12627688460816,"bb_width":23.439094225280403,"bb_pct_b":0.9515779584031873,"atr":5.13155827723584,"atr_pct":2.5583304838385432,"rs_vs_bench":4.533048195381031},"AAPL":{"current":269.8800048828125,"sma_20":256.3684989929199,"sma_50":260.54704040527344,"sma_200":251.82608276367188,"rsi":63.88187180373097,"avg_vol_20":42022524.6,"current_vol":"18148292","vol_ratio":0.4318705782850562,"high_52w":285.9224548339844,"low_52w":192.32177734375,"off_high":-5.61076952157767,"off_low":40.327324658838464,"trend_signals":["Golden Cross","Above 20d","Above 50d"],"macd":2.03259486649614,"macd_signal":0.23169558680745403,"macd_histogram":1.8008992796886862,"macd_crossover":null,"bb_upper":268.54330171638316,"bb_lower":244.1936962694567,"bb_width":9.497892893463062,"bb_pct_b":1.0548962967528523,"atr":5.946455071735548,"atr_pct":2.203370003019536,"rs_vs_bench":-2.784922300872548}}