{"NVDA":{"current":188.5050048828125,"sma_20":177.41424942016602,"sma_50":182.0696859741211,"sma_200":180.72430656433104,"rsi":61.23947811766,"avg_vol_20":166539517.65,"current_vol":"98604553","vol_ratio":0.5920790115846718,"high_52w":207.01727294921875,"low_52w":96.88717651367188,"off_high":-8.94237848015093,"off_low":94.56135648272537,"trend_signals":["Golden Cross","Above 20d","Above 50d"],"macd":0.11885329091921903,"macd_signal":-1.664396870087318,"macd_histogram":1.783250161006537,"macd_crossover":null,"bb_upper":188.5547871186104,"bb_lower":166.27371172172164,"bb_width":12.558785706170086,"bb_pct_b":0.9977657166491685,"atr":5.386746441683307,"atr_pct":2.8576145471745296,"rs_vs_bench":1.606985888789203},"AMZN":{"current":237.97000122070312,"sma_20":212.1784996032715,"sma_50":213.39440032958984,"sma_200":224.85540000915526,"rsi":71.2579060042872,"avg_vol_20":43336375.85,"current_vol":"34579617","vol_ratio":0.7979351369780037,"high_52w":254.0,"low_52w":167.32000732421875,"off_high":-6.311023141455463,"off_low":42.2244745421178,"trend_signals":["Death Cross","Above 20d","Above 50d"],"macd":3.58877889144955,"macd_signal":0.05713566757541455,"macd_histogram":3.5316432238741355,"macd_crossover":null,"bb_upper":230.92498149269684,"bb_lower":193.43201771384614,"bb_width":17.670482093593154,"bb_pct_b":1.1879024493651869,"atr":6.688685224235086,"atr_pct":2.810726221760921,"rs_vs_bench":11.617690443248119},"GOOG":{"current":315.42999267578125,"sma_20":297.7954986572266,"sma_50":307.7405725097656,"sma_200":268.6490594482422,"rsi":61.80305929996541,"avg_vol_20":19899917.55,"current_vol":"5821551","vol_ratio":0.2925414633187764,"high_52w":344.6571960449219,"low_52w":149.34368896484375,"off_high":-8.480079251074512,"off_low":111.21079495366895,"trend_signals":["Golden Cross","Above 20d","Above 50d"],"macd":0.8753363250599477,"macd_signal":-3.1081969393358686,"macd_histogram":3.9835332643958163,"macd_crossover":null,"bb_upper":323.20801026679936,"bb_lower":272.3829870476538,"bb_width":17.06708914282382,"bb_pct_b":0.8469648000458135,"atr":8.154318924030601,"atr_pct":2.5851438079358933,"rs_vs_bench":1.6613473480595609},"AAPL":{"current":260.239990234375,"sma_20":253.27299880981445,"sma_50":260.83730346679687,"sma_200":250.30391159057618,"rsi":55.29110026466687,"avg_vol_20":39866435.5,"current_vol":"12149710","vol_ratio":0.3047603791916636,"high_52w":285.9224548339844,"low_52w":189.5936737060547,"off_high":-8.982318165434549,"off_low":37.261958770760515,"trend_signals":["Golden Cross","Above 20d","Below 50d"],"macd":-0.18062338363199615,"macd_signal":-1.6338707936490398,"macd_histogram":1.4532474100170436,"macd_crossover":null,"bb_upper":261.42447911199343,"bb_lower":245.12151850763547,"bb_width":6.436912217634395,"bb_pct_b":0.9273451671531484,"atr":5.895125954755191,"atr_pct":2.2652652074902,"rs_vs_bench":1.0732888521477246},"MSFT":{"current":371.44000244140625,"sma_20":377.1539993286133,"sma_50":393.6338507080078,"sma_200":472.59274154663086,"rsi":38.78497217293282,"avg_vol_20":30986831.5,"current_vol":"14147630","vol_ratio":0.4565691074287476,"high_52w":539.8252563476562,"low_52w":356.3916015625,"off_high":-31.192548315636266,"off_low":4.222434202414062,"trend_signals":["Death Cross","Below 20d","Below 50d"],"macd":-8.269931910145203,"macd_signal":-9.76922968207414,"macd_histogram":1.499297771928937,"macd_crossover":null,"bb_upper":401.92898170942846,"bb_lower":352.3790169477981,"bb_width":13.137860091590225,"bb_pct_b":0.38468212006415514,"atr":8.458962298697546,"atr_pct":2.2773428395160336,"rs_vs_bench":-9.068073979052926}}