{"AMZN":{"current":248.31790161132812,"sma_20":217.32989501953125,"sma_50":213.6673583984375,"sma_200":225.28153953552246,"rsi":75.4068202475529,"avg_vol_20":44950103.75,"current_vol":"17818775","vol_ratio":0.39641232196266063,"high_52w":254.0,"low_52w":167.32000732421875,"off_high":-2.2370466097133366,"off_low":48.40897127751042,"trend_signals":["Death Cross","Above 20d","Above 50d"],"macd":8.148085562676272,"macd_signal":3.4099417753821597,"macd_histogram":4.738143787294112,"macd_crossover":null,"bb_upper":248.3188806845954,"bb_lower":186.3409093544671,"bb_width":28.517922637637305,"bb_pct_b":0.9999842028829556,"atr":6.66367024437839,"atr_pct":2.6835239026820115,"rs_vs_bench":11.73246750462189},"NVDA":{"current":199.61000061035156,"sma_20":179.42199935913087,"sma_50":182.39640197753906,"sma_200":181.3170696258545,"rsi":70.26979978694719,"avg_vol_20":160619797.6,"current_vol":"85807152","vol_ratio":0.5342252529398033,"high_52w":207.01727294921875,"low_52w":96.88717651367188,"off_high":-3.5780938630585615,"off_low":106.02313721278102,"trend_signals":["Golden Cross","Above 20d","Above 50d"],"macd":3.194458655756165,"macd_signal":0.23161720068810343,"macd_histogram":2.9628414550680615,"macd_crossover":null,"bb_upper":196.88392561768242,"bb_lower":161.9600731005793,"bb_width":19.46464348956427,"bb_pct_b":1.0780576825347121,"atr":5.327624188540008,"atr_pct":2.6690166686286374,"rs_vs_bench":4.061162146142316},"MSFT":{"current":407.19000244140625,"sma_20":376.6134979248047,"sma_50":391.63127380371094,"sma_200":471.12784484863283,"rsi":65.53925466422669,"avg_vol_20":32232829.15,"current_vol":"18601583","vol_ratio":0.5771005366433992,"high_52w":539.8252563476562,"low_52w":356.3916320800781,"off_high":-24.570034904189576,"off_low":14.253524995759207,"trend_signals":["Death Cross","Above 20d","Above 50d"],"macd":-2.191837517541785,"macd_signal":-7.1014549233146775,"macd_histogram":4.9096174057728925,"macd_crossover":null,"bb_upper":400.77074672057114,"bb_lower":352.4562491290382,"bb_width":12.828668610592253,"bb_pct_b":1.1328639650795018,"atr":9.433137756320768,"atr_pct":2.3166427711294744,"rs_vs_bench":-2.6567251892130495},"GOOG":{"current":330.7699890136719,"sma_20":301.07349700927733,"sma_50":306.93016235351564,"sma_200":270.9382492828369,"rsi":70.28360567333344,"avg_vol_20":19692619.25,"current_vol":"5027685","vol_ratio":0.25530808960316437,"high_52w":344.6571960449219,"low_52w":149.3437042236328,"off_high":-4.029281033621585,"off_low":121.48237900833409,"trend_signals":["Golden Cross","Above 20d","Above 50d"],"macd":5.477950779483194,"macd_signal":0.43010547202802374,"macd_histogram":5.04784530745517,"macd_crossover":null,"bb_upper":334.4499699012979,"bb_lower":267.6970241172568,"bb_width":22.17164461406717,"bb_pct_b":0.9448716330882014,"atr":7.91460175686525,"atr_pct":2.3927810925247246,"rs_vs_bench":1.4014997942771723},"AAPL":{"current":264.5299987792969,"sma_20":254.55449981689452,"sma_50":260.75263244628906,"sma_200":251.20886848449706,"rsi":60.31582794799003,"avg_vol_20":40891314.35,"current_vol":"18235187","vol_ratio":0.445942794695226,"high_52w":285.9224548339844,"low_52w":192.32179260253906,"off_high":-7.481908361170387,"off_low":37.54551431723942,"trend_signals":["Golden Cross","Above 20d","Above 50d"],"macd":0.8129907962766083,"macd_signal":-0.6239144732257162,"macd_histogram":1.4369052695023246,"macd_crossover":null,"bb_upper":264.47890703639666,"bb_lower":244.63009259739235,"bb_width":7.7974714465004205,"bb_pct_b":1.0025740450673877,"atr":5.768912793238441,"atr_pct":2.1808160964199645,"rs_vs_bench":-0.7500012400843747}}