{"AMZN":{"current":248.5,"sma_20":217.33899993896483,"sma_50":213.67100036621093,"sma_200":225.2824500274658,"rsi":75.64445286969713,"avg_vol_20":46197136.75,"current_vol":"42574235","vol_ratio":0.9215773529514251,"high_52w":254.0,"low_52w":167.32000732421875,"off_high":-2.1653543307086616,"off_low":48.51780368290173,"trend_signals":["Death Cross","Above 20d","Above 50d"],"macd":8.162611953040198,"macd_signal":3.4128470829026174,"macd_histogram":4.7497648701375805,"macd_crossover":null,"bb_upper":248.3664040862986,"bb_lower":186.31159579163108,"bb_width":28.552081454361307,"bb_pct_b":1.0021528696546291,"atr":6.663670273441393,"atr_pct":2.681557454101164,"rs_vs_bench":11.127483445185636},"NVDA":{"current":198.8699951171875,"sma_20":179.38499908447267,"sma_50":182.38160186767578,"sma_200":181.31336975097656,"rsi":69.77215316417323,"avg_vol_20":165236728.0,"current_vol":"177529760","vol_ratio":1.0743964864760576,"high_52w":207.01727294921875,"low_52w":96.88717651367188,"off_high":-3.935554611440454,"off_low":105.25935657658958,"trend_signals":["Golden Cross","Above 20d","Above 50d"],"macd":3.135426912482444,"macd_signal":0.21981089518095992,"macd_histogram":2.9156160173014842,"macd_crossover":null,"bb_upper":196.6690433858699,"bb_lower":162.10095478307542,"bb_width":19.27033407432041,"bb_pct_b":1.0636700442598281,"atr":5.364766286150039,"atr_pct":2.697624788992809,"rs_vs_bench":2.959208237813482},"AAPL":{"current":266.42999267578125,"sma_20":254.64949951171874,"sma_50":260.79063232421873,"sma_200":251.21836807250978,"rsi":62.25878722569303,"avg_vol_20":42471692.85,"current_vol":"49686657","vol_ratio":1.1698770090347363,"high_52w":285.9224548339844,"low_52w":192.32177734375,"off_high":-6.81739465671595,"off_low":38.53344969850841,"trend_signals":["Golden Cross","Above 20d","Above 50d"],"macd":0.9645572954870545,"macd_signal":-0.5936011295056012,"macd_histogram":1.5581584249926557,"macd_crossover":null,"bb_upper":265.00306061665975,"bb_lower":244.2959384067777,"bb_width":8.131617085282793,"bb_pct_b":1.0689102060952016,"atr":5.896770586813769,"atr_pct":2.213253293141644,"rs_vs_bench":-0.6815725386337901},"GOOG":{"current":334.4700012207031,"sma_20":301.2584976196289,"sma_50":307.00416259765626,"sma_200":270.95674942016603,"rsi":71.9160168520586,"avg_vol_20":20196318.75,"current_vol":"15055975","vol_ratio":0.7454811535889431,"high_52w":344.6571960449219,"low_52w":149.3437042236328,"off_high":-2.9557470266458536,"off_low":123.95989369585698,"trend_signals":["Golden Cross","Above 20d","Above 50d"],"macd":5.773108463841538,"macd_signal":0.4891370284914407,"macd_histogram":5.2839714353500975,"macd_crossover":null,"bb_upper":335.36115326415,"bb_lower":267.15584197510776,"bb_width":22.640128603163504,"bb_pct_b":0.9869342720294856,"atr":8.111743129953128,"atr_pct":2.4252528179950343,"rs_vs_bench":1.91771858117895},"MSFT":{"current":411.2200012207031,"sma_20":376.8149978637695,"sma_50":391.71187377929687,"sma_200":471.14799392700195,"rsi":67.25830772765403,"avg_vol_20":33461872.95,"current_vol":"43012959","vol_ratio":1.2854319022808913,"high_52w":539.8251953125,"low_52w":356.3916015625,"off_high":-23.823488641975754,"off_low":15.38431304717149,"trend_signals":["Death Cross","Above 20d","Above 50d"],"macd":-1.870356073217465,"macd_signal":-7.037158557932369,"macd_histogram":5.166802484714904,"macd_crossover":null,"bb_upper":402.08759828384706,"bb_lower":351.542397443692,"bb_width":13.413797520455583,"bb_pct_b":1.1806779434062695,"atr":9.824558442898173,"atr_pct":2.389124656809993,"rs_vs_bench":-2.3198645493604175}}