{"AMZN":{"current":259.53009033203125,"sma_20":238.96950454711913,"sma_50":221.0862014770508,"sma_200":226.77095039367677,"rsi":73.47760882704017,"avg_vol_20":45136453.1,"current_vol":"31355762","vol_ratio":0.6946882142141558,"high_52w":263.989990234375,"low_52w":184.4199981689453,"off_high":-1.6894200792932232,"off_low":40.72773718080093,"trend_signals":["Death Cross","Above 20d","Above 50d"],"macd":12.19840698271642,"macd_signal":10.402483945115211,"macd_histogram":1.7959230376012094,"macd_crossover":null,"bb_upper":277.30531952111824,"bb_lower":200.63368957312005,"bb_width":32.084273720741784,"bb_pct_b":0.7681641931814562,"atr":6.297674435877698,"atr_pct":2.4265681207989154,"rs_vs_bench":10.604036389551005},"MSFT":{"current":427.7200012207031,"sma_20":398.81250152587893,"sma_50":395.0083245849609,"sma_200":467.9227752685547,"rsi":64.78852299372122,"avg_vol_20":32134978.3,"current_vol":"20621566","vol_ratio":0.6417171285284484,"high_52w":539.8251953125,"low_52w":356.7699890136719,"off_high":-20.766943644951617,"off_low":19.886765813228855,"trend_signals":["Death Cross","Above 20d","Above 50d"],"macd":10.69715607952719,"macd_signal":6.753699087729073,"macd_histogram":3.943456991798117,"macd_crossover":null,"bb_upper":448.69735783708785,"bb_lower":348.92764521467,"bb_width":25.016696377544168,"bb_pct_b":0.7897422367469945,"atr":10.232963490478303,"atr_pct":2.3924444639655986,"rs_vs_bench":1.5386204566719002},"NVDA":{"current":213.67999267578125,"sma_20":193.26299972534179,"sma_50":186.23278839111327,"sma_200":183.3378143310547,"rsi":71.7272836129894,"avg_vol_20":148513388.45,"current_vol":"145328369","vol_ratio":0.9785539911031503,"high_52w":216.61000061035156,"low_52w":108.70439910888672,"off_high":-1.3526651245622547,"off_low":96.56977493775838,"trend_signals":["Golden Cross","Above 20d","Above 50d"],"macd":8.080026543507387,"macd_signal":5.7569577113037536,"macd_histogram":2.3230688322036332,"macd_crossover":null,"bb_upper":219.2634243701504,"bb_lower":167.26257508053317,"bb_width":26.906779550932626,"bb_pct_b":0.8926280672211258,"atr":5.9266127295893805,"atr_pct":2.7735927240422025,"rs_vs_bench":8.514649307637633},"AAPL":{"current":270.42999267578125,"sma_20":263.52899780273435,"sma_50":260.5559991455078,"sma_200":253.92159378051758,"rsi":58.00697657767454,"avg_vol_20":40940379.65,"current_vol":"23645193","vol_ratio":0.5775518742655333,"high_52w":285.9224548339844,"low_52w":194.67758178710938,"off_high":-5.4184139427588995,"off_low":38.911727890431315,"trend_signals":["Golden Cross","Above 20d","Above 50d"],"macd":3.768187479260064,"macd_signal":2.952112075651723,"macd_histogram":0.8160754036083406,"macd_crossover":null,"bb_upper":277.1496730229943,"bb_lower":249.90832258247443,"bb_width":10.337135824768513,"bb_pct_b":0.7533279283681203,"atr":5.869027642384663,"atr_pct":2.1702576642159084,"rs_vs_bench":-7.451684712549201},"GOOG":{"current":347.7799987792969,"sma_20":323.0519958496094,"sma_50":310.1233685302734,"sma_200":278.2104842376709,"rsi":71.67532752497148,"avg_vol_20":16276598.5,"current_vol":"12050970","vol_ratio":0.7403862668235013,"high_52w":348.5199890136719,"low_52w":152.27357482910156,"off_high":-0.21232361348030784,"off_low":128.391563782235,"trend_signals":["Golden Cross","Above 20d","Above 50d"],"macd":11.330100235579152,"macd_signal":8.785691563117474,"macd_histogram":2.544408672461678,"macd_crossover":null,"bb_upper":361.2526402279477,"bb_lower":284.8513514712711,"bb_width":23.64984266874605,"bb_pct_b":0.823659500148504,"atr":7.648216436562313,"atr_pct":2.1991536210844354,"rs_vs_bench":7.228559475431549}}