{"AMZN":{"current":259.70001220703125,"sma_20":238.97800064086914,"sma_50":221.08959991455077,"sma_200":226.77180000305177,"rsi":73.73002273915138,"avg_vol_20":45678330.0,"current_vol":"42130700","vol_ratio":0.9223345074130337,"high_52w":263.989990234375,"low_52w":184.4199981689453,"off_high":-1.6250532921854466,"off_low":40.81987571061717,"trend_signals":["Death Cross","Above 20d","Above 50d"],"macd":12.211962005348653,"macd_signal":10.405194951248594,"macd_histogram":1.8067670541000584,"macd_crossover":null,"bb_upper":277.33307218508764,"bb_lower":200.62292909665064,"bb_width":32.09924883576012,"bb_pct_b":0.7701339188257318,"atr":6.299102214302928,"atr_pct":2.425530195694147,"rs_vs_bench":10.769312008219714},"GOOG":{"current":347.5,"sma_20":323.03799591064455,"sma_50":310.1177685546875,"sma_200":278.2090839385986,"rsi":71.34929773514327,"avg_vol_20":16599145.0,"current_vol":"18460400","vol_ratio":1.1121295705290846,"high_52w":348.5199890136719,"low_52w":152.27359008789062,"off_high":-0.2926629880135404,"off_low":128.2076621424811,"trend_signals":["Golden Cross","Above 20d","Above 50d"],"macd":11.307764151355002,"macd_signal":8.781224347205745,"macd_histogram":2.526539804149257,"macd_crossover":null,"bb_upper":361.2006690624963,"bb_lower":284.87532275879283,"bb_width":23.627358784387635,"bb_pct_b":0.820496470360181,"atr":7.648216426024209,"atr_pct":2.200925590222794,"rs_vs_bench":7.214639624233435},"NVDA":{"current":213.1699981689453,"sma_20":193.2375,"sma_50":186.22258850097657,"sma_200":183.33526420593262,"rsi":70.98935972926884,"avg_vol_20":150316620.0,"current_vol":"179828800","vol_ratio":1.196333446028789,"high_52w":216.61000061035156,"low_52w":108.89433288574219,"off_high":-1.5881087815489605,"off_low":95.75857854110258,"trend_signals":["Golden Cross","Above 20d","Above 50d"],"macd":8.039343219928526,"macd_signal":5.74882104519513,"macd_histogram":2.290522174733396,"macd_crossover":null,"bb_upper":219.15448028746744,"bb_lower":167.3205197125326,"bb_width":26.823965625168434,"bb_pct_b":0.8845451504738765,"atr":5.926612716235781,"atr_pct":2.7802283469265294,"rs_vs_bench":8.305909572295356},"MSFT":{"current":429.25,"sma_20":398.8890014648438,"sma_50":395.0389245605469,"sma_200":467.93042495727536,"rsi":65.4026663892499,"avg_vol_20":32625045.0,"current_vol":"30373200","vol_ratio":0.9309780262372052,"high_52w":539.8251953125,"low_52w":356.7699890136719,"off_high":-20.483518789538717,"off_low":20.315613201297207,"trend_signals":["Death Cross","Above 20d","Above 50d"],"macd":10.819207252541503,"macd_signal":6.77810930751802,"macd_histogram":4.041097945023483,"macd_crossover":null,"bb_upper":448.96483964232834,"bb_lower":348.8131632873592,"bb_width":25.107655509974258,"bb_pct_b":0.8031501782111691,"atr":10.28510712090362,"atr_pct":2.3960645593252465,"rs_vs_bench":2.035632037784941},"AAPL":{"current":270.7099914550781,"sma_20":263.5429977416992,"sma_50":260.56159912109376,"sma_200":253.92299324035645,"rsi":58.262722518313005,"avg_vol_20":41760010.0,"current_vol":"39978600","vol_ratio":0.9573417247744912,"high_52w":285.9224548339844,"low_52w":194.6775665283203,"off_high":-5.320485719716938,"off_low":39.05556571444874,"trend_signals":["Golden Cross","Above 20d","Above 50d"],"macd":3.790523559741416,"macd_signal":2.9565792860598834,"macd_histogram":0.8339442736815328,"macd_crossover":null,"bb_upper":277.19408050998516,"bb_lower":249.8919149734132,"bb_width":10.35966266245899,"bb_pct_b":0.7625064192720746,"atr":5.869742624120103,"atr_pct":2.1682770527123796,"rs_vs_bench":-7.257669436748414}}