{"AMZN":{"current":252.24000549316406,"sma_20":225.6710006713867,"sma_50":215.59420013427734,"sma_200":225.87044998168946,"rsi":75.20612106558063,"avg_vol_20":44910177.1,"current_vol":"22991142","vol_ratio":0.511936124161933,"high_52w":254.0,"low_52w":167.32000732421875,"off_high":-0.6929112231637549,"off_low":50.75304473564505,"trend_signals":["Death Cross","Above 20d","Above 50d"],"macd":10.672308040476508,"macd_signal":7.382340840534205,"macd_histogram":3.2899671999423035,"macd_crossover":null,"bb_upper":264.56682840088246,"bb_lower":186.77517294189096,"bb_width":34.471268008541635,"bb_pct_b":0.8415405503972521,"atr":6.509245414528949,"atr_pct":2.580576146833836,"rs_vs_bench":11.093723839623394},"GOOG":{"current":333.1400146484375,"sma_20":307.80199737548827,"sma_50":307.2676666259766,"sma_200":274.0952792358398,"rsi":66.10269633992667,"avg_vol_20":18445514.8,"current_vol":"4645396","vol_ratio":0.2518442044241563,"high_52w":344.6571960449219,"low_52w":149.34368896484375,"off_high":-3.3416338114069877,"off_low":123.06936232629175,"trend_signals":["Golden Cross","Above 20d","Above 50d"],"macd":9.160672829348243,"macd_signal":5.2321263219390755,"macd_histogram":3.928546507409168,"macd_crossover":null,"bb_upper":351.9099161264952,"bb_lower":263.69407862448134,"bb_width":28.65993016750934,"bb_pct_b":0.7872275318178642,"atr":7.4168753375543135,"atr_pct":2.226353788625884,"rs_vs_bench":4.573407404104257},"NVDA":{"current":200.07000732421875,"sma_20":184.12799987792968,"sma_50":184.18917266845702,"sma_200":182.1852912902832,"rsi":67.94257341071204,"avg_vol_20":151351966.5,"current_vol":"52922830","vol_ratio":0.3496672770353466,"high_52w":207.01727294921875,"low_52w":96.88717651367188,"off_high":-3.3558869393010315,"off_low":106.49792317560892,"trend_signals":["Golden Cross","Above 20d","Above 50d"],"macd":5.610103528773152,"macd_signal":3.0712310894618158,"macd_histogram":2.538872439311336,"macd_crossover":null,"bb_upper":208.002335332169,"bb_lower":160.25366442369037,"bb_width":25.93232476328114,"bb_pct_b":0.8338733234448685,"atr":4.918800616795908,"atr_pct":2.4585397294582294,"rs_vs_bench":3.5749812292812386},"MSFT":{"current":425.8550109863281,"sma_20":383.87975006103517,"sma_50":393.120966796875,"sma_200":469.74308013916016,"rsi":70.5469755653324,"avg_vol_20":33599032.7,"current_vol":"14561654","vol_ratio":0.43339503639936633,"high_52w":539.8252563476562,"low_52w":356.3916320800781,"off_high":-21.112432962552873,"off_low":19.490743511801135,"trend_signals":["Death Cross","Above 20d","Above 50d"],"macd":7.334693262523331,"macd_signal":0.08481291800755231,"macd_histogram":7.249880344515779,"macd_crossover":null,"bb_upper":429.084967415229,"bb_lower":338.6745327068413,"bb_width":23.55175929285482,"bb_pct_b":0.9642745172134292,"atr":9.726706222877048,"atr_pct":2.2840417447123382,"rs_vs_bench":3.6296547933688075},"AAPL":{"current":265.5199890136719,"sma_20":258.34049758911135,"sma_50":260.25519897460936,"sma_200":252.39719467163087,"rsi":55.94459207332913,"avg_vol_20":40605991.35,"current_vol":"20726327","vol_ratio":0.5104253414564154,"high_52w":285.9224548339844,"low_52w":192.32179260253906,"off_high":-7.135664049946276,"off_low":38.060271496328824,"trend_signals":["Golden Cross","Above 20d","Above 50d"],"macd":2.874589931530693,"macd_signal":1.1863173049266118,"macd_histogram":1.688272626604081,"macd_crossover":null,"bb_upper":272.1352394671199,"bb_lower":244.5457557111028,"bb_width":10.679503993174919,"bb_pct_b":0.7602256529354131,"atr":6.0831906076522,"atr_pct":2.2910480789975365,"rs_vs_bench":-5.104418284327061}}