{"AMZN":{"current":255.36000061035156,"sma_20":227.96050033569335,"sma_50":216.48040008544922,"sma_200":226.0182499694824,"rsi":76.82277549304688,"avg_vol_20":45954625.0,"current_vol":"35978900","vol_ratio":0.7829222847537108,"high_52w":255.36000061035156,"low_52w":180.60000610351562,"off_high":0.0,"off_low":41.39534439660279,"trend_signals":["Death Cross","Above 20d","Above 50d"],"macd":10.996353834877993,"macd_signal":8.075404318103416,"macd_histogram":2.920949516774577,"macd_crossover":null,"bb_upper":267.7089777742491,"bb_lower":188.21202289713762,"bb_width":34.873127037379156,"bb_pct_b":0.8446610038964775,"atr":6.480982673344607,"atr_pct":2.53797879771852,"rs_vs_bench":9.170444764019692},"NVDA":{"current":202.5,"sma_20":185.48349990844727,"sma_50":184.43477844238282,"sma_200":182.40577270507814,"rsi":69.81060337540126,"avg_vol_20":152094210.0,"current_vol":"107156200","vol_ratio":0.7045383252919358,"high_52w":207.01727294921875,"low_52w":102.68579864501953,"off_high":-2.1820753818580325,"off_low":97.20351077955185,"trend_signals":["Golden Cross","Above 20d","Above 50d"],"macd":5.936956141283559,"macd_signal":3.6419509681417583,"macd_histogram":2.295005173141801,"macd_crossover":null,"bb_upper":210.28789298003636,"bb_lower":160.67910683685818,"bb_width":26.74565994693035,"bb_pct_b":0.8430138371545846,"atr":4.875161458730975,"atr_pct":2.407487140114062,"rs_vs_bench":1.8837213689845136},"MSFT":{"current":432.9200134277344,"sma_20":386.8040008544922,"sma_50":393.49230407714845,"sma_200":469.4249772644043,"rsi":73.09688782356707,"avg_vol_20":33804740.0,"current_vol":"29279800","vol_ratio":0.8661448069116935,"high_52w":539.8252563476562,"low_52w":356.7699890136719,"off_high":-19.80367566408808,"off_low":21.344290932257852,"trend_signals":["Death Cross","Above 20d","Above 50d"],"macd":9.151148743689816,"macd_signal":1.876445726027846,"macd_histogram":7.27470301766197,"macd_crossover":null,"bb_upper":436.385587185307,"bb_lower":337.2224145236774,"bb_width":25.636542652756262,"bb_pct_b":0.9650518063858441,"atr":9.75102966148264,"atr_pct":2.252385974091803,"rs_vs_bench":5.230070136448273},"AAPL":{"current":273.1700134277344,"sma_20":259.4494995117187,"sma_50":260.23919982910155,"sma_200":252.71973022460938,"rsi":62.742586774019024,"avg_vol_20":41988210.0,"current_vol":"43195700","vol_ratio":1.0287578346397714,"high_52w":285.9224548339844,"low_52w":194.67759704589844,"off_high":-4.46010489580277,"off_low":40.319182881289656,"trend_signals":["Golden Cross","Above 20d","Above 50d"],"macd":3.494054519405097,"macd_signal":1.6561612989615302,"macd_histogram":1.8378932204435667,"macd_crossover":null,"bb_upper":274.4166718093378,"bb_lower":244.48232721409966,"bb_width":11.537638211511016,"bb_pct_b":0.9583535768542686,"atr":6.190717453233004,"atr_pct":2.2662507409037866,"rs_vs_bench":-3.3126227228620806},"GOOG":{"current":337.7300109863281,"sma_20":310.0949966430664,"sma_50":307.4854339599609,"sma_200":274.8847740936279,"rsi":67.3052768704011,"avg_vol_20":18221525.0,"current_vol":"12928400","vol_ratio":0.7095125133598862,"high_52w":344.6571960449219,"low_52w":152.27359008789062,"off_high":-2.0098768103744673,"off_low":121.79158630948027,"trend_signals":["Golden Cross","Above 20d","Above 50d"],"macd":9.43526029886192,"macd_signal":6.038674273141628,"macd_histogram":3.396586025720292,"macd_crossover":null,"bb_upper":354.95145512601226,"bb_lower":265.2385381601205,"bb_width":28.93078506170012,"bb_pct_b":0.808038299030767,"atr":7.65625563173712,"atr_pct":2.2669752117608106,"rs_vs_bench":5.176129490347648}}