{"AMZN":{"current":255.41000366210938,"sma_20":230.14550018310547,"sma_50":217.44940002441408,"sma_200":226.1984999847412,"rsi":76.84751141137644,"avg_vol_20":44330420.4,"current_vol":"3904708","vol_ratio":0.08808190774567977,"high_52w":255.41000366210938,"low_52w":180.60000610351562,"off_high":0.0,"off_low":41.42303157825722,"trend_signals":["Death Cross","Above 20d","Above 50d"],"macd":11.274534118119789,"macd_signal":8.715230278106691,"macd_histogram":2.559303840013097,"macd_crossover":null,"bb_upper":270.92380745030493,"bb_lower":189.367192915906,"bb_width":35.43697985383677,"bb_pct_b":0.8097787178052597,"atr":6.1801985018529155,"atr_pct":2.419716695994771,"rs_vs_bench":8.955742846418733},"GOOG":{"current":338.31500244140625,"sma_20":312.5312469482422,"sma_50":307.8836199951172,"sma_200":275.7025176239014,"rsi":67.60383985112287,"avg_vol_20":17203302.3,"current_vol":"1978546","vol_ratio":0.11500966299941145,"high_52w":344.6571960449219,"low_52w":152.27359008789062,"off_high":-1.8401454187798236,"off_low":122.17575762555713,"trend_signals":["Golden Cross","Above 20d","Above 50d"],"macd":9.756409095304775,"macd_signal":6.782221238741335,"macd_histogram":2.9741878565634403,"macd_crossover":null,"bb_upper":357.98727833545536,"bb_lower":267.07521556102904,"bb_width":29.088951476740537,"bb_pct_b":0.7836120390001431,"atr":7.320601106841452,"atr_pct":2.163841701968073,"rs_vs_bench":6.398608486985058},"NVDA":{"current":203.47000122070312,"sma_20":186.72300033569337,"sma_50":184.73358276367188,"sma_200":182.62325569152833,"rsi":70.60718553386907,"avg_vol_20":144741293.75,"current_vol":"15543775","vol_ratio":0.1073900515691639,"high_52w":207.01727294921875,"low_52w":102.68580627441406,"off_high":-1.7135148569876917,"off_low":98.1481264089769,"trend_signals":["Golden Cross","Above 20d","Above 50d"],"macd":6.21463371868137,"macd_signal":4.156487518384343,"macd_histogram":2.0581462002970268,"macd_crossover":null,"bb_upper":212.5522957880928,"bb_lower":160.89370488329394,"bb_width":27.665895905660413,"bb_pct_b":0.8241861729421277,"atr":4.721506998965647,"atr_pct":2.3204929329332664,"rs_vs_bench":4.711837856516411},"MSFT":{"current":418.4800109863281,"sma_20":389.1760009765625,"sma_50":393.6153271484375,"sma_200":469.0486195373535,"rsi":61.56300805161203,"avg_vol_20":32555651.0,"current_vol":"6199420","vol_ratio":0.19042531202954596,"high_52w":539.8252563476562,"low_52w":356.7699890136719,"off_high":-22.478615799179988,"off_low":17.296864611079002,"trend_signals":["Death Cross","Above 20d","Above 50d"],"macd":9.42403915112601,"macd_signal":3.385964411028099,"macd_histogram":6.038074740097911,"macd_crossover":null,"bb_upper":440.103035597075,"bb_lower":338.24896635604995,"bb_width":26.171724100520542,"bb_pct_b":0.7877058347116337,"atr":10.111671707835947,"atr_pct":2.4162854717967157,"rs_vs_bench":0.2384771668824559},"AAPL":{"current":273.69000244140625,"sma_20":260.5029998779297,"sma_50":260.23940002441407,"sma_200":253.0413156890869,"rsi":63.1525485607228,"avg_vol_20":40773115.15,"current_vol":"4174803","vol_ratio":0.10239107276060068,"high_52w":285.9224548339844,"low_52w":194.67758178710938,"off_high":-4.278241245403644,"off_low":40.58629654682135,"trend_signals":["Golden Cross","Above 20d","Above 50d"],"macd":3.9404261845352266,"macd_signal":2.1130142762905844,"macd_histogram":1.8274119082446423,"macd_crossover":null,"bb_upper":276.3843341998993,"bb_lower":244.62166555596013,"bb_width":12.19282260043952,"bb_pct_b":0.9151730042366211,"atr":5.936701275771411,"atr_pct":2.1691334074369,"rs_vs_bench":-5.884774916495484}}