{"GOOG":{"current":380.82000732421875,"sma_20":334.7304977416992,"sma_50":314.1255859375,"sma_200":281.0172113800049,"rsi":81.3789407612708,"avg_vol_20":17299412.6,"current_vol":"16683852","vol_ratio":0.9644172542598353,"high_52w":381.94000244140625,"low_52w":152.27359008789062,"off_high":-0.2932384955826457,"off_low":150.0893340101942,"trend_signals":["Golden Cross","Above 20d","Above 50d"],"macd":16.11753160633043,"macd_signal":11.460539471794005,"macd_histogram":4.656992134536425,"macd_crossover":null,"bb_upper":377.43782007674776,"bb_lower":292.02317540665064,"bb_width":25.517437235733702,"bb_pct_b":1.0395972758598278,"atr":9.712590046000333,"atr_pct":2.550441116328041,"rs_vs_bench":13.42462766311896},"AMZN":{"current":268.5003967285156,"sma_20":247.37751998901368,"sma_50":224.80560821533203,"sma_200":227.3786519622803,"rsi":78.23440652531528,"avg_vol_20":49034467.1,"current_vol":"29689942","vol_ratio":0.6054912749321997,"high_52w":268.5003967285156,"low_52w":185.00999450683594,"off_high":0.0,"off_low":45.12750916199546,"trend_signals":["Death Cross","Above 20d","Above 50d"],"macd":12.573172252481129,"macd_signal":11.395307058381787,"macd_histogram":1.1778651940993417,"macd_crossover":null,"bb_upper":280.15897065911355,"bb_lower":214.59606931891378,"bb_width":26.503176741003585,"bb_pct_b":0.8221772726301011,"atr":7.47663593179828,"atr_pct":2.7845902735696915,"rs_vs_bench":11.667643032493723},"MSFT":{"current":413.239990234375,"sma_20":405.51300048828125,"sma_50":396.08639953613283,"sma_200":466.62925903320314,"rsi":53.92247507585508,"avg_vol_20":34053451.15,"current_vol":"18191823","vol_ratio":0.5342137840851411,"high_52w":539.8251953125,"low_52w":356.7699890136719,"off_high":-23.44929547144348,"off_low":15.828125391606054,"trend_signals":["Death Cross","Above 20d","Above 50d"],"macd":8.39319184963523,"macd_signal":8.004075775024322,"macd_histogram":0.38911607461090725,"macd_crossover":null,"bb_upper":450.538356791563,"bb_lower":360.4876441849995,"bb_width":22.206615447133075,"bb_pct_b":0.5858070916090736,"atr":11.20743186309351,"atr_pct":2.7120879217756864,"rs_vs_bench":-3.689435495149862},"NVDA":{"current":199.1699981689453,"sma_20":197.26000061035157,"sma_50":187.1659957885742,"sma_200":183.84493476867675,"rsi":53.710434132141806,"avg_vol_20":144538754.5,"current_vol":"73050490","vol_ratio":0.5054041751826497,"high_52w":216.61000061035156,"low_52w":111.58370208740234,"off_high":-8.05133760780425,"off_low":78.49380728821629,"trend_signals":["Golden Cross","Above 20d","Above 50d"],"macd":6.3006089152116544,"macd_signal":6.365889881163079,"macd_histogram":-0.06528096595142419,"macd_crossover":"bearish","bb_upper":219.20157095109653,"bb_lower":175.3184302696066,"bb_width":22.246345202123592,"bb_pct_b":0.5435246322148357,"atr":6.278848250020241,"atr_pct":3.1525070581635632,"rs_vs_bench":-2.3932715978284502},"AAPL":{"current":283.0050048828125,"sma_20":266.5022491455078,"sma_50":261.2758996582031,"sma_200":254.9156935119629,"rsi":68.35839331297382,"avg_vol_20":44297402.45,"current_vol":"51472249","vol_ratio":1.161969915913207,"high_52w":285.9224548339844,"low_52w":194.67759704589844,"off_high":-1.020364053906098,"off_low":45.371120856854134,"trend_signals":["Golden Cross","Above 20d","Above 50d"],"macd":4.589799550509838,"macd_signal":3.5005492895099257,"macd_histogram":1.0892502609999122,"macd_crossover":null,"bb_upper":280.8499515118857,"bb_lower":252.15454677912984,"bb_width":10.767415593963124,"bb_pct_b":1.0751009923364767,"atr":6.600181866397708,"atr_pct":2.3321784959706737,"rs_vs_bench":-5.185845213810936}}