{"AMZN":{"current":248.27999877929688,"sma_20":223.56600036621094,"sma_50":214.75580017089842,"sma_200":225.72629997253418,"rsi":73.10728718081502,"avg_vol_20":45839144.5,"current_vol":"36557790","vol_ratio":0.7975233918250808,"high_52w":254.0,"low_52w":167.32000732421875,"off_high":-2.2519689845287894,"off_low":48.386318378650685,"trend_signals":["Death Cross","Above 20d","Above 50d"],"macd":10.237980822201393,"macd_signal":6.559849040548629,"macd_histogram":3.6781317816527643,"macd_crossover":null,"bb_upper":260.93439449257426,"bb_lower":186.19760623984766,"bb_width":33.42940703430058,"bb_pct_b":0.830680498732621,"atr":6.4933898311545875,"atr_pct":2.615349550137039,"rs_vs_bench":8.151509071361328},"MSFT":{"current":418.07000732421875,"sma_20":381.73699951171875,"sma_50":392.6083966064453,"sma_200":470.09359954833985,"rsi":67.4427532010185,"avg_vol_20":34304104.5,"current_vol":"27240190","vol_ratio":0.7940796122516476,"high_52w":539.8251953125,"low_52w":356.3916015625,"off_high":-22.554558224685724,"off_low":17.306357807340834,"trend_signals":["Death Cross","Above 20d","Above 50d"],"macd":5.495647211189237,"macd_signal":-1.727657169900499,"macd_histogram":7.2233043810897355,"macd_crossover":null,"bb_upper":422.3991616549771,"bb_lower":341.0748373684604,"bb_width":21.30375740117907,"bb_pct_b":0.9467667961739695,"atr":9.710308211527549,"atr_pct":2.3226512405605497,"rs_vs_bench":-0.8416357071064482},"AAPL":{"current":273.04998779296875,"sma_20":257.6389984130859,"sma_50":260.5019989013672,"sma_200":252.134105758667,"rsi":66.53304648280394,"avg_vol_20":41500637.05,"current_vol":"34667241","vol_ratio":0.835342381810498,"high_52w":285.9224548339844,"low_52w":192.32179260253906,"off_high":-4.502083282857161,"off_low":41.97558378486323,"trend_signals":["Golden Cross","Above 20d","Above 50d"],"macd":2.8721267223718314,"macd_signal":0.7642491482684903,"macd_histogram":2.107877574103341,"macd_crossover":null,"bb_upper":271.32297224724294,"bb_lower":243.95502457892886,"bb_width":10.622595118318866,"bb_pct_b":1.0631035825797526,"atr":5.963849750054368,"atr_pct":2.184160416288413,"rs_vs_bench":-1.4253973249463527},"GOOG":{"current":335.3999938964844,"sma_20":306.09599609375,"sma_50":307.0623175048828,"sma_200":273.33030097961426,"rsi":68.55702536237575,"avg_vol_20":19318922.9,"current_vol":"12830158","vol_ratio":0.6641238782520325,"high_52w":344.6571960449219,"low_52w":149.3437042236328,"off_high":-2.6859158185778704,"off_low":124.58261340179695,"trend_signals":["Golden Cross","Above 20d","Above 50d"],"macd":8.934403806939201,"macd_signal":4.24998969335558,"macd_histogram":4.684414113583621,"macd_crossover":null,"bb_upper":348.6909429219669,"bb_lower":263.5010492655331,"bb_width":27.83110355691884,"bb_pct_b":0.8439844392917757,"atr":7.673171750418327,"atr_pct":2.287767409079478,"rs_vs_bench":2.168116770624696},"NVDA":{"current":202.05999755859375,"sma_20":182.90649948120117,"sma_50":183.8957717895508,"sma_200":181.98150886535643,"rsi":71.6459664691472,"avg_vol_20":157796878.85,"current_vol":"118513377","vol_ratio":0.7510501973404526,"high_52w":207.01727294921875,"low_52w":96.88717651367188,"off_high":-2.3946192122050696,"off_low":108.55184847922656,"trend_signals":["Golden Cross","Above 20d","Above 50d"],"macd":5.343800214429962,"macd_signal":2.4365129796340312,"macd_histogram":2.9072872347959304,"macd_crossover":null,"bb_upper":205.8273278856755,"bb_lower":159.98567107672685,"bb_width":25.06289111593881,"bb_pct_b":0.917818626347154,"atr":5.075651766228185,"atr_pct":2.5119527999382147,"rs_vs_bench":5.043835059771107}}