{"AMZN":{"current":238.78500366210938,"sma_20":213.75475006103517,"sma_50":213.34370056152343,"sma_200":224.99142501831054,"rsi":71.6649864061049,"avg_vol_20":44007444.2,"current_vol":"26522984","vol_ratio":0.6026931234511456,"high_52w":254.0,"low_52w":167.32000732421875,"off_high":-5.990156038539616,"off_low":42.711566584749015,"trend_signals":["Death Cross","Above 20d","Above 50d"],"macd":4.978681609810678,"macd_signal":1.0466779476720611,"macd_histogram":3.932003662138617,"macd_crossover":null,"bb_upper":235.89545207298661,"bb_lower":191.61404804908372,"bb_width":20.71598596581309,"bb_pct_b":1.06525429021092,"atr":6.465922493854769,"atr_pct":2.707842785221268,"rs_vs_bench":10.321851671789094},"NVDA":{"current":188.16009521484375,"sma_20":177.8160041809082,"sma_50":181.98539642333984,"sma_200":180.89431022644044,"rsi":60.64107125945181,"avg_vol_20":166124346.5,"current_vol":"90792130","vol_ratio":0.5465311491834822,"high_52w":207.01727294921875,"low_52w":96.88717651367188,"off_high":-9.108987605590118,"off_low":94.2053654420327,"trend_signals":["Golden Cross","Above 20d","Above 50d"],"macd":0.8027969307011915,"macd_signal":-1.16936268477227,"macd_histogram":1.9721596154734615,"macd_crossover":null,"bb_upper":189.9253472688489,"bb_lower":165.70666109296752,"bb_width":13.620082335919284,"bb_pct_b":0.9271119811708406,"atr":5.281263671406263,"atr_pct":2.8067926227269626,"rs_vs_bench":0.24537620208837652},"GOOG":{"current":317.5899963378906,"sma_20":298.61649932861326,"sma_50":307.3297406005859,"sma_200":269.3829364013672,"rsi":63.27730861830289,"avg_vol_20":19654525.7,"current_vol":"5764614","vol_ratio":0.29329702929437773,"high_52w":344.6571960449219,"low_52w":149.3437042236328,"off_high":-7.853368511563986,"off_low":112.65710395285198,"trend_signals":["Golden Cross","Above 20d","Above 50d"],"macd":2.0359695218994602,"macd_signal":-2.0756621458913407,"macd_histogram":4.111631667790801,"macd_crossover":null,"bb_upper":325.5384332418266,"bb_lower":271.6945654153999,"bb_width":18.031109448903596,"bb_pct_b":0.8523799046242573,"atr":7.920156719102733,"atr_pct":2.493830665458465,"rs_vs_bench":1.8753666828512428},"AAPL":{"current":258.2582092285156,"sma_20":253.69191055297853,"sma_50":260.8464971923828,"sma_200":250.59166007995606,"rsi":52.28249894370569,"avg_vol_20":39872131.15,"current_vol":"17897023","vol_ratio":0.44886045676041075,"high_52w":285.9224548339844,"low_52w":192.32179260253906,"off_high":-9.675436517055468,"off_low":34.2844228590588,"trend_signals":["Golden Cross","Above 20d","Below 50d"],"macd":0.003963446834120532,"macd_signal":-1.303240497066994,"macd_histogram":1.3072039439011145,"macd_crossover":null,"bb_upper":262.0323598967903,"bb_lower":245.35146120916673,"bb_width":6.575258411379299,"bb_pct_b":0.7737441645710065,"atr":5.75022073327761,"atr_pct":2.2265393810539513,"rs_vs_bench":-0.29987006069105426},"MSFT":{"current":382.05999755859375,"sma_20":376.4509994506836,"sma_50":392.61339416503904,"sma_200":472.0530574035645,"rsi":49.68361659463168,"avg_vol_20":31443773.7,"current_vol":"22012374","vol_ratio":0.7000550954862012,"high_52w":539.8251953125,"low_52w":356.3916015625,"off_high":-29.22523793328642,"off_low":7.202301031662306,"trend_signals":["Death Cross","Above 20d","Below 50d"],"macd":-7.0136819709368865,"macd_signal":-9.225395482266986,"macd_histogram":2.2117135113300996,"macd_crossover":null,"bb_upper":399.838625602552,"bb_lower":353.0633732988152,"bb_width":12.425322916393142,"bb_pct_b":0.6199137969687033,"atr":8.680567533238495,"atr_pct":2.2720430269351137,"rs_vs_bench":-6.923949943535035}}