{"NVDA":{"current":196.50999450683594,"sma_20":178.53799896240236,"sma_50":182.116201171875,"sma_200":181.1076387023926,"rsi":68.06751068041358,"avg_vol_20":165454330.0,"current_vol":"160691000","vol_ratio":0.9712106053676565,"high_52w":207.01727294921875,"low_52w":96.88717651367188,"off_high":-5.07555639811768,"off_low":102.82353308036194,"trend_signals":["Golden Cross","Above 20d","Above 50d"],"macd":2.058600882815597,"macd_signal":-0.5090931633646918,"macd_histogram":2.5676940461802884,"macd_crossover":null,"bb_upper":193.27406376638686,"bb_lower":163.80193415841785,"bb_width":16.507482877174752,"bb_pct_b":1.1097962985197416,"atr":5.418979942474462,"atr_pct":2.757610347541867,"rs_vs_bench":3.6908242103134805},"GOOG":{"current":330.5799865722656,"sma_20":300.00549774169923,"sma_50":307.2079064941406,"sma_200":270.1737461853027,"rsi":70.19464025109906,"avg_vol_20":20162415.0,"current_vol":"18511800","vol_ratio":0.9181340628094402,"high_52w":344.6571960449219,"low_52w":149.34371948242188,"off_high":-4.084408982083594,"off_low":121.3551314497532,"trend_signals":["Golden Cross","Above 20d","Above 50d"],"macd":4.039984937863096,"macd_signal":-0.8318558548357856,"macd_histogram":4.871840792698881,"macd_crossover":null,"bb_upper":330.63486354428363,"bb_lower":269.3761319391148,"bb_width":20.41920300337688,"bb_pct_b":0.9991041771420978,"atr":8.256494105800652,"atr_pct":2.4975783293510907,"rs_vs_bench":2.518800162998591},"MSFT":{"current":393.1099853515625,"sma_20":376.22449798583983,"sma_50":391.9355914306641,"sma_200":471.5572721862793,"rsi":57.79782366939833,"avg_vol_20":32614165.0,"current_vol":"37335000","vol_ratio":1.144747995234586,"high_52w":539.8251953125,"low_52w":356.3916015625,"off_high":-27.178281272330274,"off_low":10.30281960295387,"trend_signals":["Death Cross","Above 20d","Above 50d"],"macd":-4.890133162210645,"macd_signal":-8.328859277172622,"macd_histogram":3.4387261149619768,"macd_crossover":null,"bb_upper":398.4846904751233,"bb_lower":353.9643054965564,"bb_width":11.833462524878568,"bb_pct_b":0.8792754122376013,"atr":8.944915330209724,"atr_pct":2.2754230784064644,"rs_vs_bench":-5.900579591511423},"AAPL":{"current":258.8299865722656,"sma_20":254.03949966430665,"sma_50":260.8571844482422,"sma_200":250.8885684967041,"rsi":53.067356851722934,"avg_vol_20":41597635.0,"current_vol":"48214600","vol_ratio":1.159070701976206,"high_52w":285.9224548339844,"low_52w":192.32177734375,"off_high":-9.475460147909507,"off_low":34.5817359568391,"trend_signals":["Golden Cross","Above 20d","Below 50d"],"macd":0.23715435856883005,"macd_signal":-0.9831407910260318,"macd_histogram":1.220295149594862,"macd_crossover":null,"bb_upper":262.7830512592049,"bb_lower":245.29594806940835,"bb_width":6.883615820730397,"bb_pct_b":0.7739439949524725,"atr":5.678061339446673,"atr_pct":2.1937416968730368,"rs_vs_bench":-2.513866833297951},"AMZN":{"current":249.02000427246094,"sma_20":215.67399978637695,"sma_50":213.5602005004883,"sma_200":225.1564500427246,"rsi":76.33136168089538,"avg_vol_20":46307660.0,"current_vol":"72499800","vol_ratio":1.5656113912903395,"high_52w":254.0,"low_52w":167.32000732421875,"off_high":-1.9606282391886072,"off_low":48.828587958360984,"trend_signals":["Death Cross","Above 20d","Above 50d"],"macd":6.8697990354248475,"macd_signal":2.2254058285586313,"macd_histogram":4.644393206866216,"macd_crossover":null,"bb_upper":243.01568566751163,"bb_lower":188.33231390524227,"bb_width":25.354642570005065,"bb_pct_b":1.1098015431647577,"atr":6.927029071394877,"atr_pct":2.7817159073757733,"rs_vs_bench":11.392368544306784}}