{"AMZN":{"current":237.5399932861328,"sma_20":213.69249954223633,"sma_50":213.3188003540039,"sma_200":224.98519996643066,"rsi":70.3830343382969,"avg_vol_20":43624765.9,"current_vol":"18869418","vol_ratio":0.4325391233789979,"high_52w":254.0,"low_52w":167.32000732421875,"off_high":-6.4803176038847194,"off_low":41.96747722216366,"trend_signals":["Death Cross","Above 20d","Above 50d"],"macd":4.87936454278119,"macd_signal":1.0268145342661634,"macd_histogram":3.852550008515026,"macd_crossover":null,"bb_upper":235.5419723958837,"bb_lower":191.84302668858896,"bb_width":20.449452274134515,"bb_pct_b":1.045722404920986,"atr":6.465922493854769,"atr_pct":2.722035310519746,"rs_vs_bench":10.111814498873729},"NVDA":{"current":188.37010192871094,"sma_20":177.82650451660157,"sma_50":181.98959655761718,"sma_200":180.89536041259765,"rsi":60.956598558061806,"avg_vol_20":164853562.25,"current_vol":"65376445","vol_ratio":0.3965728377822785,"high_52w":207.01727294921875,"low_52w":96.88717651367188,"off_high":-9.00754355173153,"off_low":94.42211932156965,"trend_signals":["Golden Cross","Above 20d","Above 50d"],"macd":0.8195496032287224,"macd_signal":-1.1660121500176142,"macd_histogram":1.9855617532463365,"macd_crossover":null,"bb_upper":189.97391886060018,"bb_lower":165.67909017260297,"bb_width":13.66209652157285,"bb_pct_b":0.933985254537662,"atr":5.281263671222557,"atr_pct":2.803663435517629,"rs_vs_bench":0.7379491510790315},"GOOG":{"current":316.4200134277344,"sma_20":298.5580001831055,"sma_50":307.3063409423828,"sma_200":269.3770867156982,"rsi":62.54374018025299,"avg_vol_20":19564454.65,"current_vol":"3963193","vol_ratio":0.20257109492188172,"high_52w":344.6571960449219,"low_52w":149.3437042236328,"off_high":-8.192831294753274,"off_low":111.8736876607234,"trend_signals":["Golden Cross","Above 20d","Above 50d"],"macd":1.94263755013111,"macd_signal":-2.0943285424366103,"macd_histogram":4.03696609256772,"macd_crossover":null,"bb_upper":325.3108970424674,"bb_lower":271.8051033237436,"bb_width":17.92140679060977,"bb_pct_b":0.8338332543673351,"atr":7.920156719432142,"atr_pct":2.5030517613706467,"rs_vs_bench":1.8689878622706546},"MSFT":{"current":379.7699890136719,"sma_20":376.3364990234375,"sma_50":392.5675939941406,"sma_200":472.04160675048826,"rsi":47.71993146050965,"avg_vol_20":31098951.1,"current_vol":"15115922","vol_ratio":0.48605890119554546,"high_52w":539.8251953125,"low_52w":356.3916015625,"off_high":-29.64945091274845,"off_low":6.559747016673745,"trend_signals":["Death Cross","Above 20d","Below 50d"],"macd":-7.196360715254855,"macd_signal":-9.261931231122484,"macd_histogram":2.0655705158676287,"macd_crossover":null,"bb_upper":399.63073886182593,"bb_lower":353.0422591850491,"bb_width":12.379474166781629,"bb_pct_b":0.5736982621896088,"atr":8.595560819340681,"atr_pct":2.2633596829662173,"rs_vs_bench":-7.118570656886847},"AAPL":{"current":256.9599914550781,"sma_20":253.62699966430665,"sma_50":260.8205328369141,"sma_200":250.5851692199707,"rsi":50.497927574385216,"avg_vol_20":39574918.9,"current_vol":"11952778","vol_ratio":0.3020291217829887,"high_52w":285.9224548339844,"low_52w":192.32179260253906,"off_high":-10.129481923944299,"off_low":33.60939911064749,"trend_signals":["Golden Cross","Above 20d","Below 50d"],"macd":-0.09959808495887046,"macd_signal":-1.323952803436821,"macd_histogram":1.2243547184779506,"macd_crossover":null,"bb_upper":261.83700258998437,"bb_lower":245.41699673862894,"bb_width":6.474076448125976,"bb_pct_b":0.7029835933643315,"atr":5.7502207332799555,"atr_pct":2.237788342347922,"rs_vs_bench":-0.4354119557477443}}