{"GOOG":{"current":342.1700134277344,"sma_20":315.57449798583986,"sma_50":308.49350402832033,"sma_200":276.5242389678955,"rsi":69.59491740790206,"avg_vol_20":16865420.95,"current_vol":"11085319","vol_ratio":0.6572808963893665,"high_52w":344.6571960449219,"low_52w":152.2735595703125,"off_high":-0.7216395437927621,"off_low":124.70743732088101,"trend_signals":["Golden Cross","Above 20d","Above 50d"],"macd":10.169560748459674,"macd_signal":7.452477695579086,"macd_histogram":2.7170830528805876,"macd_crossover":null,"bb_upper":360.22146321678946,"bb_lower":270.92753275489025,"bb_width":28.29567377333067,"bb_pct_b":0.7978423651453281,"atr":7.628405541026474,"atr_pct":2.2294196573825658,"rs_vs_bench":6.915169855505244},"NVDA":{"current":209.13499450683594,"sma_20":188.4262496948242,"sma_50":185.0388882446289,"sma_200":182.83551582336426,"rsi":72.04149691969062,"avg_vol_20":148926163.85,"current_vol":"172108977","vol_ratio":1.1556664896931743,"high_52w":209.13499450683594,"low_52w":106.40492248535156,"off_high":0.0,"off_low":96.54635295244626,"trend_signals":["Golden Cross","Above 20d","Above 50d"],"macd":6.577382241809602,"macd_signal":4.591782091368652,"macd_histogram":1.9856001504409502,"macd_crossover":null,"bb_upper":214.62353522599562,"bb_lower":162.2289641636528,"bb_width":27.806407624840624,"bb_pct_b":0.8952460033954849,"atr":5.4498584755195445,"atr_pct":2.605904615997399,"rs_vs_bench":6.767931383055206},"MSFT":{"current":424.1650085449219,"sma_20":391.94925079345705,"sma_50":393.97504455566406,"sma_200":468.65278366088864,"rsi":63.307909239074824,"avg_vol_20":33211578.4,"current_vol":"17904968","vol_ratio":0.5391182491946845,"high_52w":539.8252563476562,"low_52w":356.7699890136719,"off_high":-21.42549768517079,"off_low":18.890327551813037,"trend_signals":["Death Cross","Above 20d","Above 50d"],"macd":9.8158072560297,"macd_signal":4.637088333887634,"macd_histogram":5.178718922142066,"macd_crossover":null,"bb_upper":443.6544269953784,"bb_lower":340.2440745915357,"bb_width":26.38360762126732,"bb_pct_b":0.8115331976208187,"atr":10.446603321811699,"atr_pct":2.462863063044328,"rs_vs_bench":0.8164554648236759},"AMZN":{"current":264.2601013183594,"sma_20":232.96500549316406,"sma_50":218.64640197753906,"sma_200":226.40545051574708,"rsi":80.46735097884763,"avg_vol_20":45770526.9,"current_vol":"40414838","vol_ratio":0.8829882620381195,"high_52w":264.2601013183594,"low_52w":184.4199981689453,"off_high":0.0,"off_low":43.29254090777799,"trend_signals":["Death Cross","Above 20d","Above 50d"],"macd":12.049662640170567,"macd_signal":9.377904732826346,"macd_histogram":2.6717579073442206,"macd_crossover":null,"bb_upper":274.9571682533408,"bb_lower":190.97284273298735,"bb_width":36.050189316016315,"bb_pct_b":0.8726301977338735,"atr":6.626152500887111,"atr_pct":2.507435843636665,"rs_vs_bench":14.493653835117179},"AAPL":{"current":270.2799987792969,"sma_20":261.35949935913084,"sma_50":260.1297998046875,"sma_200":253.3389186859131,"rsi":58.71084201583758,"avg_vol_20":41260292.1,"current_vol":"22375642","vol_ratio":0.542304498130298,"high_52w":285.9224548339844,"low_52w":194.67759704589844,"off_high":-5.470873584857127,"off_low":38.83466966955316,"trend_signals":["Golden Cross","Above 20d","Above 50d"],"macd":3.9572052264023228,"macd_signal":2.478533804935696,"macd_histogram":1.4786714214666268,"macd_crossover":null,"bb_upper":277.34765230411546,"bb_lower":245.3713464141462,"bb_width":12.234606344279465,"bb_pct_b":0.7789721692950263,"atr":5.881179439152651,"atr_pct":2.1759580678239745,"rs_vs_bench":-9.440433395643932}}