{"AMZN":{"current":268.56500244140625,"sma_20":247.3807502746582,"sma_50":224.80690032958984,"sma_200":227.37897499084474,"rsi":78.26378496234804,"avg_vol_20":49516517.35,"current_vol":"39225747","vol_ratio":0.7921749973395493,"high_52w":268.56500244140625,"low_52w":185.00999450683594,"off_high":0.0,"off_low":45.16242928242617,"trend_signals":["Death Cross","Above 20d","Above 50d"],"macd":12.578325984563548,"macd_signal":11.396337804798272,"macd_histogram":1.181988179765277,"macd_crossover":null,"bb_upper":280.17097649944486,"bb_lower":214.59052404987153,"bb_width":26.509925439534666,"bb_pct_b":0.8230269291453459,"atr":7.47663593179828,"atr_pct":2.783920415479111,"rs_vs_bench":11.501862082930671},"NVDA":{"current":199.75999450683594,"sma_20":197.28950042724608,"sma_50":187.17779571533202,"sma_200":183.8478849029541,"rsi":54.289951109410794,"avg_vol_20":146053689.35,"current_vol":"102800287","vol_ratio":0.703852723320474,"high_52w":216.61000061035156,"low_52w":111.58370208740234,"off_high":-7.778960369344268,"off_low":79.02255505948891,"trend_signals":["Golden Cross","Above 20d","Above 50d"],"macd":6.347674150141216,"macd_signal":6.375302928146608,"macd_histogram":-0.027628778005391652,"macd_crossover":"bearish","bb_upper":219.24346610118656,"bb_lower":175.3355347533056,"bb_width":22.255584434445236,"bb_pct_b":0.5562653261893898,"atr":6.278848250020345,"atr_pct":3.1431960465965463,"rs_vs_bench":-2.257283460367331},"GOOG":{"current":382.4599914550781,"sma_20":334.8124969482422,"sma_50":314.1583856201172,"sma_200":281.0254105377197,"rsi":82.60666063687917,"avg_vol_20":17616723.8,"current_vol":"22969076","vol_ratio":1.3038222237440085,"high_52w":382.4599914550781,"low_52w":152.27357482910156,"off_high":0.0,"off_low":151.166357579979,"trend_signals":["Golden Cross","Above 20d","Above 50d"],"macd":16.248356551252527,"macd_signal":11.486704460791525,"macd_histogram":4.761652090461002,"macd_crossover":null,"bb_upper":377.89705336825773,"bb_lower":291.72794052822667,"bb_width":25.7365282435535,"bb_pct_b":1.0529532907608237,"atr":9.712590045997725,"atr_pct":2.539504853578526,"rs_vs_bench":13.77944430761282},"MSFT":{"current":416.8251037597656,"sma_20":405.69225616455077,"sma_50":396.1581018066406,"sma_200":466.64718490600586,"rsi":55.5928055171965,"avg_vol_20":34373613.25,"current_vol":"24469465","vol_ratio":0.7118676998554989,"high_52w":539.8252563476562,"low_52w":356.7699890136719,"off_high":-22.785179304148105,"off_low":16.83300630530119,"trend_signals":["Death Cross","Above 20d","Above 50d"],"macd":8.679183812387748,"macd_signal":8.061274168353574,"macd_histogram":0.6179096440341745,"macd_crossover":null,"bb_upper":450.8754098290178,"bb_lower":360.5091025000837,"bb_width":22.274595079350267,"bb_pct_b":0.6231968852582545,"atr":11.20743186308319,"atr_pct":2.6887612483010424,"rs_vs_bench":-2.92411195263138},"AAPL":{"current":280.2850036621094,"sma_20":266.36624908447266,"sma_50":261.22149963378905,"sma_200":254.90209312438964,"rsi":66.53909029002395,"avg_vol_20":45054403.8,"current_vol":"64898376","vol_ratio":1.4404446741341632,"high_52w":285.9224548339844,"low_52w":194.6775665283203,"off_high":-1.9716713663319247,"off_low":43.97396097579404,"trend_signals":["Golden Cross","Above 20d","Above 50d"],"macd":4.372819396155023,"macd_signal":3.4571532586432006,"macd_histogram":0.9156661375118227,"macd_crossover":null,"bb_upper":280.0934570267478,"bb_lower":252.63904114219753,"bb_width":10.307017491485434,"bb_pct_b":1.0069768971289381,"atr":6.6001818663985725,"atr_pct":2.3548109175171064,"rs_vs_bench":-6.432748978726121}}