{"GOOG":{"current":337.7300109863281,"sma_20":310.0949966430664,"sma_50":307.4854339599609,"sma_200":274.88477500915525,"rsi":67.30527687035206,"avg_vol_20":18216700.35,"current_vol":"12831907","vol_ratio":0.7044034733765602,"high_52w":344.6571960449219,"low_52w":152.27359008789062,"off_high":-2.0098768103744673,"off_low":121.79158630948027,"trend_signals":["Golden Cross","Above 20d","Above 50d"],"macd":9.435260298844355,"macd_signal":6.038674273115712,"macd_histogram":3.3965860257286433,"macd_crossover":null,"bb_upper":354.95145512601624,"bb_lower":265.23853816011655,"bb_width":28.930785061702686,"bb_pct_b":0.8080382990307396,"atr":7.656255631741305,"atr_pct":2.2669752117620496,"rs_vs_bench":5.176129490347648},"MSFT":{"current":432.9200134277344,"sma_20":386.8040008544922,"sma_50":393.49230407714845,"sma_200":469.42497817993166,"rsi":73.09688782377563,"avg_vol_20":33701957.3,"current_vol":"27224146","vol_ratio":0.8077912436260787,"high_52w":539.8252563476562,"low_52w":356.7699890136719,"off_high":-19.80367566408808,"off_low":21.344290932257852,"trend_signals":["Death Cross","Above 20d","Above 50d"],"macd":9.151148743673332,"macd_signal":1.8764457260036216,"macd_histogram":7.27470301766971,"macd_crossover":null,"bb_upper":436.38558718530817,"bb_lower":337.2224145236762,"bb_width":25.636542652756876,"bb_pct_b":0.9650518063858329,"atr":9.746744121574014,"atr_pct":2.2513960591477713,"rs_vs_bench":5.230070136448273},"AMZN":{"current":255.36000061035156,"sma_20":227.96050033569335,"sma_50":216.48040008544922,"sma_200":226.0182499694824,"rsi":76.82277549304688,"avg_vol_20":45944181.4,"current_vol":"35770028","vol_ratio":0.7785540390540074,"high_52w":255.36000061035156,"low_52w":180.60000610351562,"off_high":0.0,"off_low":41.39534439660279,"trend_signals":["Death Cross","Above 20d","Above 50d"],"macd":10.996353834877993,"macd_signal":8.075404318103416,"macd_histogram":2.920949516774577,"macd_crossover":null,"bb_upper":267.7089777742491,"bb_lower":188.21202289713762,"bb_width":34.873127037379156,"bb_pct_b":0.8446610038964775,"atr":6.480982673344607,"atr_pct":2.53797879771852,"rs_vs_bench":9.170444764019692},"NVDA":{"current":202.5,"sma_20":185.48349990844727,"sma_50":184.43477844238282,"sma_200":182.40577278137206,"rsi":69.81060337705043,"avg_vol_20":152057474.25,"current_vol":"106421485","vol_ratio":0.6998767112561058,"high_52w":207.01727294921875,"low_52w":102.68580627441406,"off_high":-2.1820753818580325,"off_low":97.20349612763995,"trend_signals":["Golden Cross","Above 20d","Above 50d"],"macd":5.9369561413980705,"macd_signal":3.641950968310086,"macd_histogram":2.2950051730879846,"macd_crossover":null,"bb_upper":210.28789298003585,"bb_lower":160.6791068368587,"bb_width":26.745659946929802,"bb_pct_b":0.8430138371545915,"atr":4.852303792606033,"atr_pct":2.396199403756066,"rs_vs_bench":1.8837213689845136},"AAPL":{"current":273.1700134277344,"sma_20":259.4494995117187,"sma_50":260.23919982910155,"sma_200":252.7197299194336,"rsi":62.74258677303653,"avg_vol_20":41964904.2,"current_vol":"42729584","vol_ratio":1.0182218883750007,"high_52w":285.9224548339844,"low_52w":194.67758178710938,"off_high":-4.46010489580277,"off_low":40.31919387947852,"trend_signals":["Golden Cross","Above 20d","Above 50d"],"macd":3.49405451958728,"macd_signal":1.6561612992294235,"macd_histogram":1.8378932203578566,"macd_crossover":null,"bb_upper":274.41667180933433,"bb_lower":244.48232721410312,"bb_width":11.537638211508343,"bb_pct_b":0.9583535768543748,"atr":6.19071745338486,"atr_pct":2.266250740959377,"rs_vs_bench":-3.3126227228620806}}