{"MSFT":{"current":426.55499267578125,"sma_20":395.4612503051758,"sma_50":394.49674621582034,"sma_200":468.2949156188965,"rsi":64.25396436930717,"avg_vol_20":32730613.25,"current_vol":"18598365","vol_ratio":0.5682253753678141,"high_52w":539.8251953125,"low_52w":356.7699890136719,"off_high":-20.982755829162,"off_low":19.56022249938605,"trend_signals":["Death Cross","Above 20d","Above 50d"],"macd":10.400188169043929,"macd_signal":5.795515517750769,"macd_histogram":4.60467265129316,"macd_crossover":null,"bb_upper":446.6401655904772,"bb_lower":344.2823350198744,"bb_width":25.883150496189877,"bb_pct_b":0.8037749256434085,"atr":10.440761614877253,"atr_pct":2.4476941529584058,"rs_vs_bench":-0.05041102762071148},"AMZN":{"current":261.92999267578125,"sma_20":236.08099975585938,"sma_50":219.8875994873047,"sma_200":226.60244995117188,"rsi":77.11643993227048,"avg_vol_20":45182703.9,"current_vol":"30833378","vol_ratio":0.6824155116577696,"high_52w":263.989990234375,"low_52w":184.4199981689453,"off_high":-0.7803316924118402,"off_low":42.02906153151016,"trend_signals":["Death Cross","Above 20d","Above 50d"],"macd":12.33775007084148,"macd_signal":9.96642622368677,"macd_histogram":2.3713238471547093,"macd_crossover":null,"bb_upper":276.793549807073,"bb_lower":195.36844970464574,"bb_width":34.49032331557058,"bb_pct_b":0.8174573060076755,"atr":6.4382646831988195,"atr_pct":2.4580097213869463,"rs_vs_bench":11.46465475133174},"AAPL":{"current":266.375,"sma_20":262.2772491455078,"sma_50":260.23829956054686,"sma_200":253.61586555480957,"rsi":53.80586888688571,"avg_vol_20":40767795.95,"current_vol":"22187519","vol_ratio":0.5442413180053213,"high_52w":285.9224548339844,"low_52w":194.67758178710938,"off_high":-6.836628079922664,"off_low":36.828800499122536,"trend_signals":["Golden Cross","Above 20d","Above 50d"],"macd":3.678035897019697,"macd_signal":2.7283897545432256,"macd_histogram":0.9496461424764715,"macd_crossover":null,"bb_upper":277.3510554646696,"bb_lower":247.203442826346,"bb_width":11.494558806203642,"bb_pct_b":0.6359228972340958,"atr":5.888951624822845,"atr_pct":2.2107748943492616,"rs_vs_bench":-10.875283101217526},"NVDA":{"current":215.47000122070312,"sma_20":190.78050003051757,"sma_50":185.5923907470703,"sma_200":183.08817733764647,"rsi":75.72591415800963,"avg_vol_20":148029167.55,"current_vol":"135979451","vol_ratio":0.9185990386257494,"high_52w":215.47000122070312,"low_52w":108.70439910888672,"off_high":0.0,"off_low":98.21645028815415,"trend_signals":["Golden Cross","Above 20d","Above 50d"],"macd":7.478085735930819,"macd_signal":5.158002478802618,"macd_histogram":2.320083257128201,"macd_crossover":null,"bb_upper":217.56730115514034,"bb_lower":163.9936989058948,"bb_width":28.081277824869844,"bb_pct_b":0.9608519896668559,"atr":5.7034400186969165,"atr_pct":2.6469763709032317,"rs_vs_bench":11.572273603636617},"GOOG":{"current":350.07501220703125,"sma_20":319.3977478027344,"sma_50":309.3149603271484,"sma_200":277.3838720703125,"rsi":73.19096025233827,"avg_vol_20":16483024.55,"current_vol":"10846191","vol_ratio":0.6580218919834102,"high_52w":350.07501220703125,"low_52w":152.2735595703125,"off_high":0.0,"off_low":129.89875142794156,"trend_signals":["Golden Cross","Above 20d","Above 50d"],"macd":11.052511386864126,"macd_signal":8.174398881851378,"macd_histogram":2.878112505012748,"macd_crossover":null,"bb_upper":362.0120763712595,"bb_lower":276.78341923420925,"bb_width":26.684175991650694,"bb_pct_b":0.8599407222264089,"atr":7.803520657688448,"atr_pct":2.2290995888256986,"rs_vs_bench":9.28567096427837}}