{"GOOG":{"current":336.30999755859375,"sma_20":306.1414962768555,"sma_50":307.080517578125,"sma_200":273.3348503112793,"rsi":69.52216667352177,"avg_vol_20":19054113.95,"current_vol":"7533979","vol_ratio":0.39539907338488445,"high_52w":344.6571960449219,"low_52w":149.3437042236328,"off_high":-2.4218842902790194,"off_low":125.19194853704087,"trend_signals":["Golden Cross","Above 20d","Above 50d"],"macd":9.00699669285467,"macd_signal":4.264508272047778,"macd_histogram":4.742488420806892,"macd_crossover":null,"bb_upper":348.8699788139428,"bb_lower":263.4130137397682,"bb_width":27.91420506970169,"bb_pct_b":0.8530256574821341,"atr":7.673171750212003,"atr_pct":2.2815770586407087,"rs_vs_bench":2.5676831562773117},"AMZN":{"current":247.86000061035156,"sma_20":223.54500045776368,"sma_50":214.74740020751952,"sma_200":225.72419998168945,"rsi":72.50284407943506,"avg_vol_20":45121379.95,"current_vol":"22202499","vol_ratio":0.4920616130225423,"high_52w":254.0,"low_52w":167.32000732421875,"off_high":-2.4173225943497787,"off_low":48.135303466768995,"trend_signals":["Death Cross","Above 20d","Above 50d"],"macd":10.204476694764168,"macd_signal":6.553148215061184,"macd_histogram":3.6513284797029835,"macd_crossover":null,"bb_upper":260.8553435655472,"bb_lower":186.23465734998018,"bb_width":33.38061064338844,"bb_pct_b":0.8258479837929367,"atr":6.4933898311545875,"atr_pct":2.6197812535966722,"rs_vs_bench":8.046880866667316},"NVDA":{"current":200.32000732421875,"sma_20":182.81949996948242,"sma_50":183.86097198486328,"sma_200":181.97280891418458,"rsi":68.96058515386565,"avg_vol_20":155815547.2,"current_vol":"78886744","vol_ratio":0.5062828800950359,"high_52w":207.01727294921875,"low_52w":96.88717651367188,"off_high":-3.2351240694020915,"off_low":106.75595525889985,"trend_signals":["Golden Cross","Above 20d","Above 50d"],"macd":5.2049975746507755,"macd_signal":2.4087524516781937,"macd_histogram":2.7962451229725818,"macd_crossover":null,"bb_upper":205.44553605996578,"bb_lower":160.19346387899907,"bb_width":24.752322475731813,"bb_pct_b":0.8867338336408194,"atr":5.0406513738593235,"atr_pct":2.516299515555133,"rs_vs_bench":4.148415577186482},"AAPL":{"current":273.1700134277344,"sma_20":257.6449996948242,"sma_50":260.5043994140625,"sma_200":252.13470573425292,"rsi":66.6265375567067,"avg_vol_20":40784949.05,"current_vol":"20353481","vol_ratio":0.4990439236554594,"high_52w":285.9224548339844,"low_52w":192.32179260253906,"off_high":-4.46010489580277,"off_low":42.03799253903582,"trend_signals":["Golden Cross","Above 20d","Above 50d"],"macd":2.881701416881981,"macd_signal":0.7661640871690742,"macd_histogram":2.1155373297129065,"macd_crossover":null,"bb_upper":271.35750668590237,"bb_lower":243.93249270374605,"bb_width":10.644496890931608,"bb_pct_b":1.066089546682138,"atr":5.963849750056493,"atr_pct":2.18320073833221,"rs_vs_bench":-1.282433837865815},"MSFT":{"current":418.4599914550781,"sma_20":381.7564987182617,"sma_50":392.6161962890625,"sma_200":470.09554946899414,"rsi":67.77502696770034,"avg_vol_20":33759793.15,"current_vol":"16353963","vol_ratio":0.48442130339296824,"high_52w":539.8251953125,"low_52w":356.3916015625,"off_high":-22.48231555534651,"off_low":17.415783542725617,"trend_signals":["Death Cross","Above 20d","Above 50d"],"macd":5.526757056386032,"macd_signal":-1.72143520086114,"macd_histogram":7.2481922572471715,"macd_crossover":null,"bb_upper":422.49232898176285,"bb_lower":341.02066845476054,"bb_width":21.341263554265996,"bb_pct_b":0.9505062557875781,"atr":9.710308211527558,"atr_pct":2.320486643839633,"rs_vs_bench":-0.644574494212069}}