{"AMZN":{"current":263.2250061035156,"sma_20":241.7257507324219,"sma_50":222.3311001586914,"sma_200":226.9594750213623,"rsi":75.60242312643135,"avg_vol_20":44802345.05,"current_vol":"40950401","vol_ratio":0.9140236064495915,"high_52w":263.989990234375,"low_52w":184.4199981689453,"off_high":-0.2897777033819383,"off_low":42.73127031612799,"trend_signals":["Death Cross","Above 20d","Above 50d"],"macd":12.306062973739955,"macd_signal":10.785368555746867,"macd_histogram":1.520694417993088,"macd_crossover":null,"bb_upper":278.66585391282933,"bb_lower":204.78564755201444,"bb_width":30.563647495957735,"bb_pct_b":0.7910015609065307,"atr":6.435594302929728,"atr_pct":2.444902328314078,"rs_vs_bench":12.279815864367194},"GOOG":{"current":347.5199890136719,"sma_20":326.07099609375,"sma_50":311.0160321044922,"sma_200":279.0346883392334,"rsi":71.35931364870486,"avg_vol_20":15589721.0,"current_vol":"11436620","vol_ratio":0.7336000432592732,"high_52w":348.5199890136719,"low_52w":152.27357482910156,"off_high":-0.28692758852370204,"off_low":128.22081205074332,"trend_signals":["Golden Cross","Above 20d","Above 50d"],"macd":11.477667827836285,"macd_signal":9.320513044189807,"macd_histogram":2.1571547836464777,"macd_crossover":null,"bb_upper":361.68408783503037,"bb_lower":290.45790435246965,"bb_width":21.84376541790984,"bb_pct_b":0.8011391579779579,"atr":7.884773964965313,"atr_pct":2.2688691914798365,"rs_vs_bench":5.1172164834966125},"NVDA":{"current":208.30499267578125,"sma_20":194.93274993896483,"sma_50":186.68948852539063,"sma_200":183.5565754699707,"rsi":64.20373276088827,"avg_vol_20":143169837.1,"current_vol":"83245642","vol_ratio":0.5814467885568335,"high_52w":216.61000061035156,"low_52w":108.89433288574219,"off_high":-3.8340833346424104,"off_low":91.29093971707977,"trend_signals":["Golden Cross","Above 20d","Above 50d"],"macd":7.928117431090726,"macd_signal":6.184680322375566,"macd_histogram":1.7434371087151597,"macd_crossover":null,"bb_upper":220.0858689106724,"bb_lower":169.77963096725728,"bb_width":25.80697084464588,"bb_pct_b":0.7658167909883786,"atr":5.9028684154215165,"atr_pct":2.8337623307037605,"rs_vs_bench":5.7973477174863},"AAPL":{"current":269.635009765625,"sma_20":264.33524856567385,"sma_50":260.67669921875,"sma_200":254.23123329162598,"rsi":56.83168260921449,"avg_vol_20":40038219.85,"current_vol":"15162297","vol_ratio":0.3786955827907519,"high_52w":285.9224548339844,"low_52w":194.67758178710938,"off_high":-5.69645538256741,"off_low":38.503369155512566,"trend_signals":["Golden Cross","Above 20d","Above 50d"],"macd":3.6725185904882665,"macd_signal":3.099767147098023,"macd_histogram":0.5727514433902434,"macd_crossover":null,"bb_upper":277.43093347792365,"bb_lower":251.23956365342406,"bb_width":9.90839094166148,"bb_pct_b":0.7023476143272857,"atr":5.7361895796438995,"atr_pct":2.127390498967464,"rs_vs_bench":-7.247495703847529},"MSFT":{"current":423.05499267578125,"sma_20":401.5332504272461,"sma_50":395.5808996582031,"sma_200":467.5451263427734,"rsi":60.780107650407295,"avg_vol_20":31288689.85,"current_vol":"18517297","vol_ratio":0.5918207853627978,"high_52w":539.8252563476562,"low_52w":356.7699890136719,"off_high":-21.631122719584845,"off_low":18.579198279922938,"trend_signals":["Death Cross","Above 20d","Above 50d"],"macd":10.638449844565912,"macd_signal":7.550177415835853,"macd_histogram":3.0882724287300594,"macd_crossover":null,"bb_upper":450.80248767348155,"bb_lower":352.2640131810107,"bb_width":24.540551595072717,"bb_pct_b":0.7184095335287494,"atr":10.190456001904044,"atr_pct":2.408778097015334,"rs_vs_bench":1.8080874696180906}}