{"AMZN":{"current":260.15130615234375,"sma_20":244.19556579589843,"sma_50":223.43462646484375,"sma_200":227.12755653381348,"rsi":71.02630807655255,"avg_vol_20":44804450.7,"current_vol":"16637714","vol_ratio":0.3713406534409315,"high_52w":263.989990234375,"low_52w":184.4199981689453,"off_high":-1.4541021341844051,"off_low":41.06458558470527,"trend_signals":["Death Cross","Above 20d","Above 50d"],"macd":11.982959267977407,"macd_signal":11.022525490047943,"macd_histogram":0.9604337779294632,"macd_crossover":null,"bb_upper":278.89916466886984,"bb_lower":209.49196692292702,"bb_width":28.42279200268288,"bb_pct_b":0.7298859610331697,"atr":7.118051168200447,"atr_pct":2.736119711823449,"rs_vs_bench":10.998145617643207},"GOOG":{"current":364.0,"sma_20":329.5154968261719,"sma_50":312.21731140136717,"sma_200":279.9401956939697,"rsi":78.00607621109243,"avg_vol_20":15243943.2,"current_vol":"7022164","vol_ratio":0.4606527266514612,"high_52w":364.0,"low_52w":152.27357482910156,"off_high":0.0,"off_low":139.0434455935782,"trend_signals":["Golden Cross","Above 20d","Above 50d"],"macd":12.78169490576198,"macd_signal":10.010069189291073,"macd_histogram":2.7716257164709077,"macd_crossover":null,"bb_upper":365.77511792441265,"bb_lower":293.25587572793114,"bb_width":22.007839660038,"bb_pct_b":0.975522111502445,"atr":9.244452773280205,"atr_pct":2.539684827824232,"rs_vs_bench":10.596859635300905},"NVDA":{"current":206.60000610351562,"sma_20":196.52250061035156,"sma_50":187.08099243164062,"sma_200":183.7409425354004,"rsi":61.88285898098533,"avg_vol_20":137498689.6,"current_vol":"15770592","vol_ratio":0.11469630762212006,"high_52w":216.61000061035156,"low_52w":108.89433288574219,"off_high":-4.621206074802795,"off_low":89.72521400199173,"trend_signals":["Golden Cross","Above 20d","Above 50d"],"macd":7.672818865659224,"macd_signal":6.494369663361043,"macd_histogram":1.1784492022981805,"macd_crossover":null,"bb_upper":220.57942749229963,"bb_lower":172.46557372840348,"bb_width":24.482618333506903,"bb_pct_b":0.7094512225650498,"atr":5.823814016954192,"atr_pct":2.8188837584236115,"rs_vs_bench":3.447291688725951},"MSFT":{"current":409.92999267578125,"sma_20":403.6315002441406,"sma_50":395.83379943847655,"sma_200":467.08730819702146,"rsi":52.28423476831535,"avg_vol_20":31132554.4,"current_vol":"7969288","vol_ratio":0.25597925238026725,"high_52w":539.8252563476562,"low_52w":356.7699890136719,"off_high":-24.062465055955133,"off_low":14.900357456936272,"trend_signals":["Death Cross","Above 20d","Above 50d"],"macd":9.415120794579764,"macd_signal":7.941098833725532,"macd_histogram":1.4740219608542313,"macd_crossover":null,"bb_upper":450.7391073324457,"bb_lower":356.52389315583554,"bb_width":23.341888360948822,"bb_pct_b":0.5668521797321805,"atr":10.616695373507065,"atr_pct":2.5898801168969214,"rs_vs_bench":-3.2538175217585508},"AAPL":{"current":269.2650146484375,"sma_20":265.0437492370605,"sma_50":260.78569946289065,"sma_200":254.5378556060791,"rsi":56.26651418561951,"avg_vol_20":38958130.7,"current_vol":"3749114","vol_ratio":0.09623444278860124,"high_52w":285.9224548339844,"low_52w":194.67758178710938,"off_high":-5.825859390868308,"off_low":38.31331382721487,"trend_signals":["Golden Cross","Above 20d","Above 50d"],"macd":3.5416483005392365,"macd_signal":3.194971908392294,"macd_histogram":0.34667639214694246,"macd_crossover":null,"bb_upper":277.6849471318227,"bb_lower":252.40255134229835,"bb_width":9.538951913524002,"bb_pct_b":0.6669646123143931,"atr":5.524318134110972,"atr_pct":2.0516286311178336,"rs_vs_bench":-7.80472815971025}}