{"AMZN":{"current":238.46499633789062,"sma_20":212.20324935913087,"sma_50":213.4043002319336,"sma_200":224.85787498474122,"rsi":71.49745303789254,"avg_vol_20":43413146.9,"current_vol":"36115038","vol_ratio":0.8318917327783028,"high_52w":254.0,"low_52w":167.32000732421875,"off_high":-6.116143174058809,"off_low":42.5203119169204,"trend_signals":["Death Cross","Above 20d","Above 50d"],"macd":3.628265681424608,"macd_signal":0.06503302557042612,"macd_histogram":3.563232655854182,"macd_crossover":null,"bb_upper":231.09385618248422,"bb_lower":193.3126425357775,"bb_width":17.804257833378472,"bb_pct_b":1.195100671575407,"atr":6.688685224235086,"atr_pct":2.804891840292409,"rs_vs_bench":11.958072111569116},"GOOG":{"current":315.1400146484375,"sma_20":297.7809997558594,"sma_50":307.7347729492187,"sma_200":268.64760971069336,"rsi":61.51814397034011,"avg_vol_20":19922259.05,"current_vol":"6268381","vol_ratio":0.3146420787054267,"high_52w":344.6571960449219,"low_52w":149.34368896484375,"off_high":-8.564214452855111,"off_low":111.01662670367212,"trend_signals":["Golden Cross","Above 20d","Above 50d"],"macd":0.8522041728647309,"macd_signal":-3.1128233721416922,"macd_histogram":3.965027545006423,"macd_crossover":null,"bb_upper":323.15144441835844,"bb_lower":272.41055509336036,"bb_width":17.03966652224246,"bb_pct_b":0.84211097053094,"atr":8.166462740651973,"atr_pct":2.5913760109969783,"rs_vs_bench":1.6671812160567567},"MSFT":{"current":371.07501220703125,"sma_20":377.13574981689453,"sma_50":393.6265509033203,"sma_200":472.5909164428711,"rsi":38.519885794345534,"avg_vol_20":31016797.4,"current_vol":"14746948","vol_ratio":0.47545037644666693,"high_52w":539.8251953125,"low_52w":356.3916015625,"off_high":-31.260153207147134,"off_low":4.120021510090561,"trend_signals":["Death Cross","Below 20d","Below 50d"],"macd":-8.2990479421847,"macd_signal":-9.775052890953216,"macd_histogram":1.4760049487685158,"macd_crossover":null,"bb_upper":401.92898524814706,"bb_lower":352.342514385642,"bb_width":13.14817565997922,"bb_pct_b":0.37777437062079516,"atr":8.458962298780536,"atr_pct":2.279582839186457,"rs_vs_bench":-9.058323007339176},"NVDA":{"current":188.2449951171875,"sma_20":177.40124893188477,"sma_50":182.0644857788086,"sma_200":180.72300651550293,"rsi":61.004013144325064,"avg_vol_20":166797341.05,"current_vol":"103761021","vol_ratio":0.622078387741781,"high_52w":207.01727294921875,"low_52w":96.88717651367188,"off_high":-9.067976582145434,"off_low":94.29299303672452,"trend_signals":["Golden Cross","Above 20d","Above 50d"],"macd":0.09811177115426517,"macd_signal":-1.6685451740403086,"macd_histogram":1.7666569451945737,"macd_crossover":null,"bb_upper":188.4877682125921,"bb_lower":166.31472965117743,"bb_width":12.49880634714599,"bb_pct_b":0.9890509776216656,"atr":5.386746441683307,"atr_pct":2.861561572104435,"rs_vs_bench":1.5647614481647532},"AAPL":{"current":259.44000244140625,"sma_20":253.232999420166,"sma_50":260.8213037109375,"sma_200":250.29991188049317,"rsi":54.13345335309017,"avg_vol_20":39911537.85,"current_vol":"13051757","vol_ratio":0.32701714098445844,"high_52w":285.9224548339844,"low_52w":189.59365844726562,"off_high":-9.262110038875637,"off_low":36.84002121493319,"trend_signals":["Golden Cross","Above 20d","Below 50d"],"macd":-0.24444007400802548,"macd_signal":-1.6466341321544666,"macd_histogram":1.4021940581464412,"macd_crossover":null,"bb_upper":261.247229698916,"bb_lower":245.21876914141603,"bb_width":6.329530746072086,"bb_pct_b":0.8872488564309372,"atr":5.895125954483768,"atr_pct":2.2722501923407763,"rs_vs_bench":0.8554723352882432}}