{"AMZN":{"current":248.27999877929688,"sma_20":223.56600036621094,"sma_50":214.75580017089842,"sma_200":225.72629997253418,"rsi":73.10728718081502,"avg_vol_20":45974490.0,"current_vol":"39132900","vol_ratio":0.8511872562371002,"high_52w":254.0,"low_52w":167.32000732421875,"off_high":-2.2519689845287894,"off_low":48.386318378650685,"trend_signals":["Death Cross","Above 20d","Above 50d"],"macd":10.237980822201393,"macd_signal":6.559849040548629,"macd_histogram":3.6781317816527643,"macd_crossover":null,"bb_upper":260.93439449257426,"bb_lower":186.19760623984766,"bb_width":33.42940703430058,"bb_pct_b":0.830680498732621,"atr":6.493033429438627,"atr_pct":2.6152060018376546,"rs_vs_bench":8.151509071361328},"GOOG":{"current":335.3999938964844,"sma_20":306.09599609375,"sma_50":307.0623175048828,"sma_200":273.3303002166748,"rsi":68.5570253624386,"avg_vol_20":19323450.0,"current_vol":"12872700","vol_ratio":0.6661698609720313,"high_52w":344.6571960449219,"low_52w":149.3437042236328,"off_high":-2.6859158185778704,"off_low":124.58261340179695,"trend_signals":["Golden Cross","Above 20d","Above 50d"],"macd":8.934403806959779,"macd_signal":4.249989693385908,"macd_histogram":4.684414113573871,"macd_crossover":null,"bb_upper":348.6909429219632,"bb_lower":263.5010492655368,"bb_width":27.831103556916425,"bb_pct_b":0.8439844392918056,"atr":7.673171750413432,"atr_pct":2.2877674090780182,"rs_vs_bench":2.168116770624696},"NVDA":{"current":202.05999755859375,"sma_20":182.90649948120117,"sma_50":183.8957717895508,"sma_200":181.98150886535643,"rsi":71.6459664691472,"avg_vol_20":157847640.0,"current_vol":"119047400","vol_ratio":0.7541918270048257,"high_52w":207.01727294921875,"low_52w":96.88717651367188,"off_high":-2.3946192122050696,"off_low":108.55184847922656,"trend_signals":["Golden Cross","Above 20d","Above 50d"],"macd":5.343800214429962,"macd_signal":2.4365129796340312,"macd_histogram":2.9072872347959304,"macd_crossover":null,"bb_upper":205.8273278856755,"bb_lower":159.98567107672685,"bb_width":25.06289111593881,"bb_pct_b":0.917818626347154,"atr":5.0756310578716,"atr_pct":2.5119425513205598,"rs_vs_bench":5.043835059771107},"MSFT":{"current":418.07000732421875,"sma_20":381.73699951171875,"sma_50":392.6083966064453,"sma_200":470.0935989379883,"rsi":67.44275320555033,"avg_vol_20":34354955.0,"current_vol":"27501100","vol_ratio":0.8004987926777957,"high_52w":539.8252563476562,"low_52w":356.3916015625,"off_high":-22.55456698102786,"off_low":17.306357807340834,"trend_signals":["Death Cross","Above 20d","Above 50d"],"macd":5.4956472124232505,"macd_signal":-1.7276571680868031,"macd_histogram":7.223304380510053,"macd_crossover":null,"bb_upper":422.3991616549781,"bb_lower":341.0748373684594,"bb_width":21.303757401179606,"bb_pct_b":0.9467667961739583,"atr":9.710308211506852,"atr_pct":2.3226512405555995,"rs_vs_bench":-0.8416357071064482},"AAPL":{"current":273.04998779296875,"sma_20":257.6389984130859,"sma_50":260.5019989013672,"sma_200":252.13410537719727,"rsi":66.53304648284345,"avg_vol_20":41596980.0,"current_vol":"36472700","vol_ratio":0.8768112492781928,"high_52w":285.9224548339844,"low_52w":192.32179260253906,"off_high":-4.502083282857161,"off_low":41.97558378486323,"trend_signals":["Golden Cross","Above 20d","Above 50d"],"macd":2.872126722376663,"macd_signal":0.7642491482755913,"macd_histogram":2.107877574101072,"macd_crossover":null,"bb_upper":271.3229722472444,"bb_lower":243.95502457892744,"bb_width":10.622595118319992,"bb_pct_b":1.063103582579692,"atr":5.964207241684283,"atr_pct":2.1842913416302547,"rs_vs_bench":-1.4253973249463527}}