{"AMZN":{"current":268.94000244140625,"sma_20":247.3995002746582,"sma_50":224.81440032958983,"sma_200":227.38084999084472,"rsi":78.43275634705368,"avg_vol_20":49095296.75,"current_vol":"30906535","vol_ratio":0.6295212993085738,"high_52w":268.94000244140625,"low_52w":185.00999450683594,"off_high":0.0,"off_low":45.365121034836406,"trend_signals":["Death Cross","Above 20d","Above 50d"],"macd":12.608240514478098,"macd_signal":11.402320710781181,"macd_histogram":1.2059198036969168,"macd_crossover":null,"bb_upper":280.24111933940213,"bb_lower":214.55788120991429,"bb_width":26.54946273398595,"bb_pct_b":0.8279451924139782,"atr":7.47663593179828,"atr_pct":2.780038619739066,"rs_vs_bench":11.677220984495548},"NVDA":{"current":200.1284942626953,"sma_20":197.30792541503905,"sma_50":187.1851657104492,"sma_200":183.8497274017334,"rsi":54.610076415069216,"avg_vol_20":144761379.85,"current_vol":"77502997","vol_ratio":0.5353844863893096,"high_52w":216.61000061035156,"low_52w":111.58370208740234,"off_high":-7.6088390661629575,"off_low":79.35280020189397,"trend_signals":["Golden Cross","Above 20d","Above 50d"],"macd":6.377070141994807,"macd_signal":6.381182126432426,"macd_histogram":-0.004111984437619398,"macd_crossover":"bearish","bb_upper":219.27123763412334,"bb_lower":175.34461319595476,"bb_width":22.26298023547129,"bb_pct_b":0.5642109172678751,"atr":6.2788482500854155,"atr_pct":3.137408430127691,"rs_vs_bench":-2.0507127695223346},"GOOG":{"current":382.731201171875,"sma_20":334.82605743408203,"sma_50":314.16380981445315,"sma_200":281.0267673492432,"rsi":82.66391120909405,"avg_vol_20":17345566.5,"current_vol":"17606930","vol_ratio":1.015068029055148,"high_52w":382.731201171875,"low_52w":152.27359008789062,"off_high":0.0,"off_low":151.34443927602075,"trend_signals":["Golden Cross","Above 20d","Above 50d"],"macd":16.269991514405547,"macd_signal":11.491031453409029,"macd_histogram":4.778960060996518,"macd_crossover":null,"bb_upper":377.97388183012197,"bb_lower":291.6782330380421,"bb_width":25.77327746036286,"bb_pct_b":1.0551281485027744,"atr":9.712590046000333,"atr_pct":2.5377053180565365,"rs_vs_bench":13.869687044063415},"MSFT":{"current":414.31500244140625,"sma_20":405.56675109863284,"sma_50":396.10789978027344,"sma_200":466.63463439941404,"rsi":54.436374132417946,"avg_vol_20":34091927.9,"current_vol":"18961358","vol_ratio":0.5561832130942644,"high_52w":539.8252563476562,"low_52w":356.7699890136719,"off_high":-23.25016335015999,"off_low":16.12944339483924,"trend_signals":["Death Cross","Above 20d","Above 50d"],"macd":8.47894780978362,"macd_signal":8.021226967832746,"macd_histogram":0.4577208419508736,"macd_crossover":null,"bb_upper":450.6334944885343,"bb_lower":360.50000770873135,"bb_width":22.224081864610923,"bb_pct_b":0.5970588363473109,"atr":11.207431863083183,"atr_pct":2.705050938788579,"rs_vs_bench":-3.5981491170665976},"AAPL":{"current":282.7250061035156,"sma_20":266.48824920654295,"sma_50":261.2702996826172,"sma_200":254.91429351806642,"rsi":68.18029884276521,"avg_vol_20":44395827.6,"current_vol":"53440752","vol_ratio":1.2037336589711416,"high_52w":285.9224548339844,"low_52w":194.67758178710938,"off_high":-1.1182922769480592,"off_low":45.22730532614225,"trend_signals":["Golden Cross","Above 20d","Above 50d"],"macd":4.567463465658307,"macd_signal":3.496082072675179,"macd_histogram":1.0713813929831275,"macd_crossover":null,"bb_upper":280.7685385416584,"bb_lower":252.20795987142748,"bb_width":10.717387635390606,"bb_pct_b":1.0685023782062393,"atr":6.600181866487,"atr_pct":2.3344881860469178,"rs_vs_bench":-5.491024719644468}}