{"AMZN":{"current":248.34500122070312,"sma_20":223.56925048828126,"sma_50":214.75710021972657,"sma_200":225.72662498474122,"rsi":73.20173763354614,"avg_vol_20":45369069.35,"current_vol":"27156287","vol_ratio":0.5985638980271478,"high_52w":254.0,"low_52w":167.32000732421875,"off_high":-2.226377472164124,"off_low":48.42516755302365,"trend_signals":["Death Cross","Above 20d","Above 50d"],"macd":10.243166202142646,"macd_signal":6.56088611653688,"macd_histogram":3.6822800856057665,"macd_crossover":null,"bb_upper":260.946705366405,"bb_lower":186.1917956101575,"bb_width":33.437026600474255,"bb_pct_b":0.8314264014659087,"atr":6.4933898311545875,"atr_pct":2.6146650020082105,"rs_vs_bench":8.261268689724542},"MSFT":{"current":417.70001220703125,"sma_20":381.7184997558594,"sma_50":392.6009967041016,"sma_200":470.09174896240233,"rsi":67.13050830453116,"avg_vol_20":33926833.5,"current_vol":"19694770","vol_ratio":0.5805071669892211,"high_52w":539.8251953125,"low_52w":356.3916015625,"off_high":-22.623098026162257,"off_low":17.202540793818248,"trend_signals":["Death Cross","Above 20d","Above 50d"],"macd":5.466131931188158,"macd_signal":-1.733560225897623,"macd_histogram":7.1996921570857815,"macd_crossover":null,"bb_upper":422.3113388284762,"bb_lower":341.1256606832426,"bb_width":21.268468307708062,"bb_pct_b":0.9432002450826891,"atr":9.710308211539287,"atr_pct":2.324708625272056,"rs_vs_bench":-0.8594134796517068},"NVDA":{"current":201.18499755859375,"sma_20":182.86274948120118,"sma_50":183.87827178955078,"sma_200":181.9771337890625,"rsi":70.47333109967823,"avg_vol_20":156625218.2,"current_vol":"95080164","vol_ratio":0.6070552692133456,"high_52w":207.01727294921875,"low_52w":96.88717651367188,"off_high":-2.8172892568513617,"off_low":107.64873618770827,"trend_signals":["Golden Cross","Above 20d","Above 50d"],"macd":5.273999644766718,"macd_signal":2.422552865875806,"macd_histogram":2.851446778890912,"macd_crossover":null,"bb_upper":205.63248702523248,"bb_lower":160.09301193716988,"bb_width":24.903636862763125,"bb_pct_b":0.9023377090307182,"atr":5.040651373732329,"atr_pct":2.5054807440421962,"rs_vs_bench":4.62448366318333},"AAPL":{"current":272.57000732421875,"sma_20":257.61499938964846,"sma_50":260.4923992919922,"sma_200":252.13170600891112,"rsi":66.1538823101086,"avg_vol_20":40967617.45,"current_vol":"24006849","vol_ratio":0.5859957325880565,"high_52w":285.9224548339844,"low_52w":192.32179260253906,"off_high":-4.669954137571489,"off_low":41.726012240081545,"trend_signals":["Golden Cross","Above 20d","Above 50d"],"macd":2.8338376819162363,"macd_signal":0.7565913399061603,"macd_histogram":2.077246342010076,"macd_crossover":null,"bb_upper":271.1863921263959,"bb_lower":244.04360665290102,"bb_width":10.53618210810808,"bb_pct_b":1.0509754313599817,"atr":5.963849749880422,"atr_pct":2.1880066000022134,"rs_vs_bench":-1.5374253176098982},"GOOG":{"current":336.0,"sma_20":306.1259963989258,"sma_50":307.07431762695313,"sma_200":273.33330024719237,"rsi":69.19034894665282,"avg_vol_20":19103585.6,"current_vol":"8523412","vol_ratio":0.44616817902498884,"high_52w":344.6571960449219,"low_52w":149.34371948242188,"off_high":-2.511828026301681,"off_low":124.98435231455987,"trend_signals":["Golden Cross","Above 20d","Above 50d"],"macd":8.9822675417131,"macd_signal":4.259562440336452,"macd_histogram":4.722705101376648,"macd_crossover":null,"bb_upper":348.8086004350655,"bb_lower":263.4433923627861,"bb_width":27.88564482483101,"bb_pct_b":0.8499552601778894,"atr":7.673171750413332,"atr_pct":2.2836820685753967,"rs_vs_bench":2.4476009904146103}}