{"GOOG":{"current":336.2200012207031,"sma_20":310.01949615478514,"sma_50":307.4552337646484,"sma_200":274.87722496032717,"rsi":66.56674953381038,"avg_vol_20":17926862.55,"current_vol":"7077051","vol_ratio":0.3947735405602248,"high_52w":344.6571960449219,"low_52w":152.27357482910156,"off_high":-2.4479961309495084,"off_low":120.79996584965372,"trend_signals":["Golden Cross","Above 20d","Above 50d"],"macd":9.314803694895488,"macd_signal":6.014582972059694,"macd_histogram":3.3002207228357943,"macd_crossover":null,"bb_upper":354.6847816534326,"bb_lower":265.3542106561377,"bb_width":28.81450105728007,"bb_pct_b":0.7932983050865239,"atr":7.561435338830721,"atr_pct":2.248954646177402,"rs_vs_bench":4.92688727763564},"AMZN":{"current":254.05999755859375,"sma_20":227.89550018310547,"sma_50":216.45440002441407,"sma_200":226.01174995422363,"rsi":76.20914988448902,"avg_vol_20":45313205.8,"current_vol":"23239616","vol_ratio":0.5128662955910306,"high_52w":254.05999755859375,"low_52w":173.17999267578125,"off_high":0.0,"off_low":46.70285731806902,"trend_signals":["Death Cross","Above 20d","Above 50d"],"macd":10.892649918001325,"macd_signal":8.054663573191432,"macd_histogram":2.8379863448098934,"macd_crossover":null,"bb_upper":267.4591426324593,"bb_lower":188.33185773375163,"bb_width":34.720863218067876,"bb_pct_b":0.8306634040202687,"atr":6.398839168759518,"atr_pct":2.518633090706756,"rs_vs_bench":8.828583835137582},"MSFT":{"current":431.44000244140625,"sma_20":386.7300003051758,"sma_50":393.4627038574219,"sma_200":469.417578125,"rsi":72.60847762074441,"avg_vol_20":33259761.95,"current_vol":"18436639","vol_ratio":0.5543226384998224,"high_52w":539.8252563476562,"low_52w":356.7699890136719,"off_high":-20.077840492229235,"off_low":20.929454754355174,"trend_signals":["Death Cross","Above 20d","Above 50d"],"macd":9.03308521985798,"macd_signal":1.8528330601834222,"macd_histogram":7.180252159674558,"macd_crossover":null,"bb_upper":436.02537553400236,"bb_lower":337.4346250763492,"bb_width":25.493432208479653,"bb_pct_b":0.953490838934575,"atr":9.71460040092615,"atr_pct":2.2516689101506038,"rs_vs_bench":5.103376368554624},"AAPL":{"current":272.2099914550781,"sma_20":259.40149841308596,"sma_50":260.2199993896484,"sma_200":252.71492958068848,"rsi":62.01812644387366,"avg_vol_20":41182585.4,"current_vol":"27138908","vol_ratio":0.6589899040189935,"high_52w":285.9224548339844,"low_52w":194.67758178710938,"off_high":-4.795867951983044,"off_low":39.82605955767146,"trend_signals":["Golden Cross","Above 20d","Above 50d"],"macd":3.4174715899483203,"macd_signal":1.6408447383916251,"macd_histogram":1.7766268515566952,"macd_crossover":null,"bb_upper":274.18846808017844,"bb_lower":244.61452874599345,"bb_width":11.40083596860714,"bb_pct_b":0.9331006734428051,"atr":6.190717458831603,"atr_pct":2.274243287595575,"rs_vs_bench":-3.4204608346248175},"NVDA":{"current":201.7949981689453,"sma_20":185.44824981689453,"sma_50":184.42067840576172,"sma_200":182.40224769592285,"rsi":69.24814026321354,"avg_vol_20":150426970.35,"current_vol":"74194907","vol_ratio":0.4932287529780726,"high_52w":207.01727294921875,"low_52w":98.86669158935547,"off_high":-2.522627559466721,"off_low":104.1081732633518,"trend_signals":["Golden Cross","Above 20d","Above 50d"],"macd":5.880716694558288,"macd_signal":3.630703098593857,"macd_histogram":2.2500135959644307,"macd_crossover":null,"bb_upper":210.15262380887452,"bb_lower":160.74387582491454,"bb_width":26.642876399612586,"bb_pct_b":0.8308472491016687,"atr":4.851411153478081,"atr_pct":2.4041285450576027,"rs_vs_bench":1.7613482315449893}}