{"GOOG":{"current":329.8299865722656,"sma_20":299.9679977416992,"sma_50":307.19290649414063,"sma_200":270.1699964904785,"rsi":69.86394422404851,"avg_vol_20":19716834.25,"current_vol":"9631885","vol_ratio":0.48851072529556816,"high_52w":344.6571960449219,"low_52w":149.3437042236328,"off_high":-4.302016508810599,"off_low":120.85295679981658,"trend_signals":["Golden Cross","Above 20d","Above 50d"],"macd":3.980155865772531,"macd_signal":-0.8438216848332396,"macd_histogram":4.82397755060577,"macd_crossover":null,"bb_upper":330.44119002168446,"bb_lower":269.49480546171395,"bb_width":20.317628886682474,"bb_pct_b":0.9899714568168121,"atr":8.23649201055848,"atr_pct":2.4971932043400997,"rs_vs_bench":2.6149606844451556},"MSFT":{"current":394.04998779296875,"sma_20":376.27149810791013,"sma_50":391.9543914794922,"sma_200":471.5619720458984,"rsi":58.37747404220665,"avg_vol_20":31724272.7,"current_vol":"19719654","vol_ratio":0.6215951484996534,"high_52w":539.8252563476562,"low_52w":356.3916320800781,"off_high":-27.004158631067433,"off_low":10.566565632615392,"trend_signals":["Death Cross","Above 20d","Above 50d"],"macd":-4.815147219888502,"macd_signal":-8.313862098137452,"macd_histogram":3.4987148782489506,"macd_crossover":null,"bb_upper":398.68524402627526,"bb_lower":353.857752189545,"bb_width":11.913602827252747,"bb_pct_b":0.8965979125000136,"atr":8.9406298144481,"atr_pct":2.268907522247012,"rs_vs_bench":-5.32667450705766},"AMZN":{"current":249.6750030517578,"sma_20":215.7067497253418,"sma_50":213.57330047607422,"sma_200":225.1597250366211,"rsi":76.58010749624682,"avg_vol_20":44616753.7,"current_vol":"38772874","vol_ratio":0.8690205087691083,"high_52w":254.0,"low_52w":167.32000732421875,"off_high":-1.7027547040323572,"off_low":49.220052667077894,"trend_signals":["Death Cross","Above 20d","Above 50d"],"macd":6.922049639149947,"macd_signal":2.235855935139645,"macd_histogram":4.686193704010302,"macd_crossover":null,"bb_upper":243.21765758732127,"bb_lower":188.19584186336235,"bb_width":25.507693103724332,"bb_pct_b":1.1173597304900413,"atr":6.802744088731294,"atr_pct":2.7246396337566403,"rs_vs_bench":12.035293349452925},"AAPL":{"current":259.6401062011719,"sma_20":254.08000564575195,"sma_50":260.87338684082033,"sma_200":250.89261894226075,"rsi":54.26374677340635,"avg_vol_20":40135255.55,"current_vol":"20005111","vol_ratio":0.4984423476531222,"high_52w":285.9224548339844,"low_52w":192.32176208496094,"off_high":-9.192124713700036,"off_low":35.002978023086165,"trend_signals":["Golden Cross","Above 20d","Below 50d"],"macd":0.30177928456885184,"macd_signal":-0.9702158079378078,"macd_histogram":1.2719950925066597,"macd_crossover":null,"bb_upper":262.9239302677077,"bb_lower":245.2360810237962,"bb_width":6.961527412972658,"bb_pct_b":0.8143457680324709,"atr":5.678054872213785,"atr_pct":2.1868943728648644,"rs_vs_bench":-1.8566533007642327},"NVDA":{"current":194.55499267578125,"sma_20":178.44024887084962,"sma_50":182.0771011352539,"sma_200":181.09786369323731,"rsi":66.61950870757956,"avg_vol_20":161893598.25,"current_vol":"89882465","vol_ratio":0.5551946832462228,"high_52w":207.01727294921875,"low_52w":96.88717651367188,"off_high":-6.0199229252210715,"off_low":100.80572029914335,"trend_signals":["Golden Cross","Above 20d","Above 50d"],"macd":1.902646327357786,"macd_signal":-0.5402840661165667,"macd_histogram":2.4429303934743527,"macd_crossover":null,"bb_upper":192.69234375078472,"bb_lower":164.18815399091451,"bb_width":15.974080926383817,"bb_pct_b":1.0653464961006847,"atr":5.306837670964186,"atr_pct":2.72768002402685,"rs_vs_bench":2.9547913712359097}}