{"AMZN":{"current":260.3699951171875,"sma_20":239.01149978637696,"sma_50":221.1029995727539,"sma_200":226.77514991760253,"rsi":74.74239374916652,"avg_vol_20":44378701.1,"current_vol":"16200722","vol_ratio":0.3650562454158894,"high_52w":263.989990234375,"low_52w":184.4199981689453,"off_high":-1.3712622641387289,"off_low":41.18316760781288,"trend_signals":["Death Cross","Above 20d","Above 50d"],"macd":12.26540793423888,"macd_signal":10.415884135419702,"macd_histogram":1.8495237988191775,"macd_crossover":null,"bb_upper":277.4438680193946,"bb_lower":200.57913155335936,"bb_width":32.15943020931427,"bb_pct_b":0.7778711840149007,"atr":6.297674435877698,"atr_pct":2.41874046702011,"rs_vs_bench":11.401993472122406},"NVDA":{"current":209.67999267578125,"sma_20":193.0629997253418,"sma_50":186.1527883911133,"sma_200":183.3178141784668,"rsi":66.32025131591158,"avg_vol_20":145394694.05,"current_vol":"82954481","vol_ratio":0.5705468245730663,"high_52w":216.61000061035156,"low_52w":108.70439147949219,"off_high":-3.199301932063766,"off_low":92.89008458810865,"trend_signals":["Golden Cross","Above 20d","Above 50d"],"macd":7.760938224506788,"macd_signal":5.693140047615044,"macd_histogram":2.0677981768917437,"macd_crossover":null,"bb_upper":218.4566124511337,"bb_lower":167.66938699954989,"bb_width":26.306037678807183,"bb_pct_b":0.8271884376964177,"atr":5.926612729504373,"atr_pct":2.8265036896812696,"rs_vs_bench":6.615751443511119},"GOOG":{"current":348.57501220703125,"sma_20":323.0917465209961,"sma_50":310.13926879882814,"sma_200":278.2144589996338,"rsi":72.57641456143078,"avg_vol_20":16006411.6,"current_vol":"6647232","vol_ratio":0.4152855846840775,"high_52w":348.57501220703125,"low_52w":152.27359008789062,"off_high":0.0,"off_low":128.91363630806737,"trend_signals":["Golden Cross","Above 20d","Above 50d"],"macd":11.393520109426618,"macd_signal":8.798375536960284,"macd_histogram":2.5951445724663333,"macd_crossover":null,"bb_upper":361.40223012025615,"bb_lower":284.781262921736,"bb_width":23.714925566364144,"bb_pct_b":0.8325886714534628,"atr":7.648216436674351,"atr_pct":2.194137895384136,"rs_vs_bench":7.900383042231617},"MSFT":{"current":426.17999267578125,"sma_20":398.7355010986328,"sma_50":394.9775244140625,"sma_200":467.9150752258301,"rsi":64.14794312404585,"avg_vol_20":31584695.35,"current_vol":"9615907","vol_ratio":0.3044483061635736,"high_52w":539.8251953125,"low_52w":356.7699890136719,"off_high":-21.05222276091255,"off_low":19.45511276158643,"trend_signals":["Death Cross","Above 20d","Above 50d"],"macd":10.57430639503201,"macd_signal":6.729129150830037,"macd_histogram":3.845177244201974,"macd_crossover":null,"bb_upper":448.4368982527108,"bb_lower":349.03410394455483,"bb_width":24.929506912294553,"bb_pct_b":0.7760937634415838,"atr":10.153676642682543,"atr_pct":2.3824855265805516,"rs_vs_bench":1.5172732916164602},"AAPL":{"current":271.20001220703125,"sma_20":263.5674987792969,"sma_50":260.5713995361328,"sma_200":253.9254434967041,"rsi":58.702881643361906,"avg_vol_20":40445843.3,"current_vol":"13754466","vol_ratio":0.34007118847735834,"high_52w":285.9224548339844,"low_52w":194.67758178710938,"off_high":-5.14910332436165,"off_low":39.30726369079484,"trend_signals":["Golden Cross","Above 20d","Above 50d"],"macd":3.829613538735998,"macd_signal":2.9643972875507565,"macd_histogram":0.8652162511852417,"macd_crossover":null,"bb_upper":277.2743879742641,"bb_lower":249.86060958432972,"bb_width":10.40104660737771,"bb_pct_b":0.7784188782432421,"atr":5.8690276423849586,"atr_pct":2.164095640934044,"rs_vs_bench":-6.753596361707493}}