{"AMZN":{"current":250.94000244140625,"sma_20":225.60600051879882,"sma_50":215.5682000732422,"sma_200":225.86394996643065,"rsi":74.55417997653726,"avg_vol_20":45458618.3,"current_vol":"33959966","vol_ratio":0.7470523141703144,"high_52w":254.0,"low_52w":167.32000732421875,"off_high":-1.2047234482652558,"off_low":49.97608860675917,"trend_signals":["Death Cross","Above 20d","Above 50d"],"macd":10.568604093327735,"macd_signal":7.3616000511044515,"macd_histogram":3.207004042223284,"macd_crossover":null,"bb_upper":264.3187935979791,"bb_lower":186.89320743961855,"bb_width":34.31893920388389,"bb_pct_b":0.8272045221690817,"atr":6.509245414528949,"atr_pct":2.5939449076274075,"rs_vs_bench":10.37823989214117},"AAPL":{"current":267.70001220703125,"sma_20":258.4494987487793,"sma_50":260.2987994384766,"sma_200":252.40809501647948,"rsi":58.64671472617842,"avg_vol_20":41321775.7,"current_vol":"35042014","vol_ratio":0.8480277869568901,"high_52w":285.9224548339844,"low_52w":192.32179260253906,"off_high":-6.373211449074069,"off_low":39.193800444795265,"trend_signals":["Golden Cross","Above 20d","Above 50d"],"macd":3.0484949156108314,"macd_signal":1.2210983017356636,"macd_histogram":1.8273966138751678,"macd_crossover":null,"bb_upper":272.5148992482172,"bb_lower":244.38409824934143,"bb_width":10.884447884427804,"bb_pct_b":0.8288393195281436,"atr":6.084620574171585,"atr_pct":2.2729250267892853,"rs_vs_bench":-4.326282567578966},"NVDA":{"current":200.6699981689453,"sma_20":184.15799942016602,"sma_50":184.20117248535155,"sma_200":182.18829154968262,"rsi":69.01820966215044,"avg_vol_20":152885249.5,"current_vol":"83588490","vol_ratio":0.5467400568293542,"high_52w":207.01727294921875,"low_52w":96.88717651367188,"off_high":-3.0660604740119544,"off_low":107.11719072609004,"trend_signals":["Golden Cross","Above 20d","Above 50d"],"macd":5.657966046294206,"macd_signal":3.0808035929571482,"macd_histogram":2.5771624533370576,"macd_crossover":null,"bb_upper":208.11803456711428,"bb_lower":160.19796427321776,"bb_width":26.021172278573896,"bb_pct_b":0.8445737589179286,"atr":4.980943125167148,"atr_pct":2.4821563614973776,"rs_vs_bench":3.8292513000867103},"MSFT":{"current":425.8200988769531,"sma_20":383.8780044555664,"sma_50":393.1202685546875,"sma_200":469.7429054260254,"rsi":70.53437650311551,"avg_vol_20":34009623.55,"current_vol":"22773471","vol_ratio":0.6696184380435461,"high_52w":539.8251953125,"low_52w":356.3916015625,"off_high":-21.11889134214092,"off_low":19.480957747057776,"trend_signals":["Death Cross","Above 20d","Above 50d"],"macd":7.331908249828359,"macd_signal":0.08425591404527255,"macd_histogram":7.247652335783087,"macd_crossover":null,"bb_upper":429.0763992321444,"bb_lower":338.67960967898836,"bb_width":23.548311834474855,"bb_pct_b":0.9639776990832569,"atr":9.726706222925134,"atr_pct":2.284229008583225,"rs_vs_bench":3.532097986487191},"GOOG":{"current":332.03009033203125,"sma_20":307.74650115966796,"sma_50":307.24546813964844,"sma_200":274.0897297668457,"rsi":64.96055602692132,"avg_vol_20":18624643.05,"current_vol":"8227961","vol_ratio":0.4417781848441922,"high_52w":344.6571960449219,"low_52w":149.3437042236328,"off_high":-3.663670991870088,"off_low":122.32613825811971,"trend_signals":["Golden Cross","Above 20d","Above 50d"],"macd":9.072131857159889,"macd_signal":5.214418126131562,"macd_histogram":3.8577137310283263,"macd_crossover":null,"bb_upper":351.72278455490635,"bb_lower":263.77021776442956,"bb_width":28.57955052585453,"bb_pct_b":0.7760986979517309,"atr":7.601517584531845,"atr_pct":2.289406233311656,"rs_vs_bench":4.101425699930349}}