{"AMZN":{"current":254.95010375976562,"sma_20":230.12250518798828,"sma_50":217.4402020263672,"sma_200":226.1962004852295,"rsi":76.155797658316,"avg_vol_20":45624725.25,"current_vol":"29704605","vol_ratio":0.6510637562688665,"high_52w":255.36000061035156,"low_52w":180.60000610351562,"off_high":-0.16051725000243497,"off_low":41.168380478145885,"trend_signals":["Death Cross","Above 20d","Above 50d"],"macd":11.237846946422877,"macd_signal":8.707892843767308,"macd_histogram":2.5299541026555694,"macd_crossover":null,"bb_upper":270.84130151792544,"bb_lower":189.40370885805115,"bb_width":35.388799801804474,"bb_pct_b":0.8048665580706724,"atr":6.426626855298786,"atr_pct":2.5207390624772867,"rs_vs_bench":9.365039057898915},"GOOG":{"current":337.8699951171875,"sma_20":312.5089965820313,"sma_50":307.8747198486328,"sma_200":275.7002927398682,"rsi":67.3772205548953,"avg_vol_20":17627749.35,"current_vol":"10441687","vol_ratio":0.5923437412615581,"high_52w":344.6571960449219,"low_52w":152.27357482910156,"off_high":-1.9692613430446833,"off_low":121.88353789971964,"trend_signals":["Golden Cross","Above 20d","Above 50d"],"macd":9.720909934612507,"macd_signal":6.775121405427843,"macd_histogram":2.9457885291846644,"macd_crossover":null,"bb_upper":357.9122922191249,"bb_lower":267.10570094493767,"bb_width":29.057272676100755,"bb_pct_b":0.7792858775920749,"atr":7.472951396483058,"atr_pct":2.211783083576606,"rs_vs_bench":6.870988228055584},"NVDA":{"current":199.5749969482422,"sma_20":186.52825012207032,"sma_50":184.65568267822266,"sma_200":182.60378051757812,"rsi":64.53649759604096,"avg_vol_20":148738361.3,"current_vol":"95140326","vol_ratio":0.6396488785304373,"high_52w":207.01727294921875,"low_52w":102.68579864501953,"off_high":-3.5950024338317648,"off_low":94.35501265190966,"trend_signals":["Golden Cross","Above 20d","Above 50d"],"macd":5.9039211271490615,"macd_signal":4.094345000081723,"macd_histogram":1.8095761270673387,"macd_crossover":null,"bb_upper":211.88020475373,"bb_lower":161.17629549041064,"bb_width":27.182965170228652,"bb_pct_b":0.7573124442617732,"atr":4.998964099969979,"atr_pct":2.5048047984018815,"rs_vs_bench":3.068142065762313},"MSFT":{"current":415.9530029296875,"sma_20":389.04965057373045,"sma_50":393.5647869873047,"sma_200":469.03598358154295,"rsi":59.908739272247225,"avg_vol_20":33856261.8,"current_vol":"32113236","vol_ratio":0.948516885582448,"high_52w":539.8252563476562,"low_52w":356.7699890136719,"off_high":-22.946731736129255,"off_low":16.58856286640961,"trend_signals":["Death Cross","Above 20d","Above 50d"],"macd":9.222454462865642,"macd_signal":3.345647473399673,"macd_histogram":5.876806989465969,"macd_crossover":null,"bb_upper":439.68225314484994,"bb_lower":338.41704800261095,"bb_width":26.028864180421053,"bb_pct_b":0.7656722249085272,"atr":10.590950272313954,"atr_pct":2.5461891602461257,"rs_vs_bench":0.1788732199601064},"AAPL":{"current":273.3699951171875,"sma_20":260.48699951171875,"sma_50":260.2329998779297,"sma_200":253.03971542358397,"rsi":62.901328225295536,"avg_vol_20":41753314.15,"current_vol":"23725283","vol_ratio":0.568225145308615,"high_52w":285.9224548339844,"low_52w":194.67758178710938,"off_high":-4.390162264130402,"off_low":40.42191843955232,"trend_signals":["Golden Cross","Above 20d","Above 50d"],"macd":3.9148985347447933,"macd_signal":2.107908746338569,"macd_histogram":1.8069897884062245,"macd_crossover":null,"bb_upper":276.3129416648522,"bb_lower":244.66105735858528,"bb_width":12.151041843008736,"bb_pct_b":0.9070214424143462,"atr":6.042808715083709,"atr_pct":2.210487186969182,"rs_vs_bench":-5.380423034092097}}