{"GOOG":{"current":314.739990234375,"sma_20":296.78699951171876,"sma_50":308.5207214355469,"sma_200":267.1550592041016,"rsi":61.80773122480963,"avg_vol_20":20317570.9,"current_vol":"20653218","vol_ratio":1.0165200407889312,"high_52w":344.6571960449219,"low_52w":149.34371948242188,"off_high":-8.680278884021192,"off_low":110.74872872134452,"trend_signals":["Golden Cross","Above 20d","Above 50d"],"macd":-2.0635365116708044,"macd_signal":-5.0360853208790095,"macd_histogram":2.972548809208205,"macd_crossover":null,"bb_upper":319.88130563504376,"bb_lower":273.69269338839376,"bb_width":15.562882579978446,"bb_pct_b":0.8886886799453115,"atr":8.471276932414181,"atr_pct":2.6915159163937004,"rs_vs_bench":2.1866783165002235},"AMZN":{"current":221.25,"sma_20":209.70649948120118,"sma_50":213.71580017089843,"sma_200":224.60350006103516,"rsi":60.68937294979297,"avg_vol_20":42055776.55,"current_vol":"47177831","vol_ratio":1.121791936094924,"high_52w":254.0,"low_52w":167.32000732421875,"off_high":-12.893700787401574,"off_low":32.23164613618514,"trend_signals":["Death Cross","Above 20d","Above 50d"],"macd":0.10644349963803279,"macd_signal":-1.5016615810187648,"macd_histogram":1.6081050806567976,"macd_crossover":null,"bb_upper":219.19987466595072,"bb_lower":200.21312429645164,"bb_width":9.053963714272536,"bb_pct_b":1.1079766307636651,"atr":6.223107008938674,"atr_pct":2.812703732853638,"rs_vs_bench":4.181739251916971},"NVDA":{"current":182.0800018310547,"sma_20":177.2519989013672,"sma_50":182.22177459716798,"sma_200":180.3223387145996,"rsi":54.60384319073762,"avg_vol_20":170825333.7,"current_vol":"147041074","vol_ratio":0.860768545362426,"high_52w":207.01727294921875,"low_52w":96.88717651367188,"off_high":-12.045985710709834,"off_low":87.92992879234245,"trend_signals":["Golden Cross","Above 20d","Below 50d"],"macd":-1.4506146615189266,"macd_signal":-2.4424798358862976,"macd_histogram":0.991865174367371,"macd_crossover":null,"bb_upper":187.82325258603106,"bb_lower":166.68074521670331,"bb_width":11.927937343653092,"bb_pct_b":0.7283552676770813,"atr":5.476699861438916,"atr_pct":3.007853584338462,"rs_vs_bench":-1.9857796431424934},"MSFT":{"current":374.3299865722656,"sma_20":380.26549835205077,"sma_50":397.9440264892578,"sma_200":473.7225535583496,"rsi":40.9466730003465,"avg_vol_20":31395320.2,"current_vol":"32957404","vol_ratio":1.0497553071619892,"high_52w":539.8252563476562,"low_52w":356.3916320800781,"off_high":-30.657192828489848,"off_low":5.033326508675408,"trend_signals":["Death Cross","Below 20d","Below 50d"],"macd":-9.325830389841315,"macd_signal":-10.500924106823012,"macd_histogram":1.1750937169816975,"macd_crossover":null,"bb_upper":409.471513149436,"bb_lower":351.0594835546655,"bb_width":15.360854415641068,"bb_pct_b":0.3983854555138324,"atr":8.795599856418512,"atr_pct":2.3496914946514695,"rs_vs_bench":-7.407917821189935},"AAPL":{"current":258.8999938964844,"sma_20":253.06499938964845,"sma_50":260.7072802734375,"sma_200":249.7031665802002,"rsi":53.82856658651826,"avg_vol_20":41136495.2,"current_vol":"39655304","vol_ratio":0.9639932572573658,"high_52w":285.9224548339844,"low_52w":189.5936737060547,"off_high":-9.450975423805065,"off_low":36.555186064848314,"trend_signals":["Golden Cross","Above 20d","Below 50d"],"macd":-1.1441083740701856,"macd_signal":-2.3473511158099623,"macd_histogram":1.2032427417397766,"macd_crossover":null,"bb_upper":260.70318304854266,"bb_lower":245.42681573075424,"bb_width":6.036538974031385,"bb_pct_b":0.8819621763114733,"atr":6.19002270486179,"atr_pct":2.3908933375010966,"rs_vs_bench":-0.5948031194946246}}