{"GOOG":{"current":346.9100036621094,"sma_20":323.00849609375,"sma_50":310.1059686279297,"sma_200":278.20613410949704,"rsi":70.67192498520897,"avg_vol_20":16123577.35,"current_vol":"8990547","vol_ratio":0.5576024975623664,"high_52w":348.5199890136719,"low_52w":152.27357482910156,"off_high":-0.46194921448231274,"off_low":127.82022688536117,"trend_signals":["Golden Cross","Above 20d","Above 50d"],"macd":11.260698915696196,"macd_signal":8.771811299149308,"macd_histogram":2.4888876165468883,"macd_crossover":null,"bb_upper":361.09238247820906,"bb_lower":284.92460970929096,"bb_width":23.58073353798445,"bb_pct_b":0.8138007939509148,"atr":7.648216436545286,"atr_pct":2.204668748611428,"rs_vs_bench":7.513136475448865},"MSFT":{"current":428.0,"sma_20":398.8265014648438,"sma_50":395.01392456054685,"sma_200":467.9241749572754,"rsi":64.90253954766834,"avg_vol_20":31845199.85,"current_vol":"14825997","vol_ratio":0.46556457707392906,"high_52w":539.8251953125,"low_52w":356.7699890136719,"off_high":-20.715075228707207,"off_low":19.96524740863181,"trend_signals":["Death Cross","Above 20d","Above 50d"],"macd":10.719492164486667,"macd_signal":6.758166304722568,"macd_histogram":3.9613258597640986,"macd_crossover":null,"bb_upper":448.74566207742185,"bb_lower":348.9073408522657,"bb_width":25.033020839503273,"bb_pct_b":0.7922074227326391,"atr":10.194391451534264,"atr_pct":2.3818671615734264,"rs_vs_bench":2.2021201910784836},"AMZN":{"current":259.2799987792969,"sma_20":238.9569999694824,"sma_50":221.0811996459961,"sma_200":226.76969993591308,"rsi":73.10923321264353,"avg_vol_20":44709815.55,"current_vol":"22823011","vol_ratio":0.5104698089053065,"high_52w":263.989990234375,"low_52w":184.4199981689453,"off_high":-1.7841553200166833,"off_low":40.59212740137491,"trend_signals":["Death Cross","Above 20d","Above 50d"],"macd":12.178456659421386,"macd_signal":10.398493880456204,"macd_histogram":1.7799627789651815,"macd_crossover":null,"bb_upper":277.26472966088556,"bb_lower":200.64927027807929,"bb_width":32.062446127374784,"bb_pct_b":0.7652597657643916,"atr":6.297674435877698,"atr_pct":2.4289086954363865,"rs_vs_bench":11.071815087425096},"NVDA":{"current":210.14999389648438,"sma_20":193.08649978637695,"sma_50":186.16218841552734,"sma_200":183.32016456604003,"rsi":66.91293593871582,"avg_vol_20":146605005.4,"current_vol":"107160708","vol_ratio":0.73094849461395,"high_52w":216.61000061035156,"low_52w":108.70438385009766,"off_high":-2.9823215436335078,"off_low":93.32246451649942,"trend_signals":["Golden Cross","Above 20d","Above 50d"],"macd":7.798431199285204,"macd_signal":5.700638642453331,"macd_histogram":2.097792556831873,"macd_crossover":null,"bb_upper":218.54564689473114,"bb_lower":167.62735267802276,"bb_width":26.3707168927099,"bb_pct_b":0.8351151952868876,"atr":5.926612729589827,"atr_pct":2.820182204006704,"rs_vs_bench":7.078426513117476},"AAPL":{"current":269.8399963378906,"sma_20":263.49949798583987,"sma_50":260.54419921875,"sma_200":253.91864364624024,"rsi":57.45769012099755,"avg_vol_20":40651881.5,"current_vol":"17875230","vol_ratio":0.43971470299597326,"high_52w":285.9224548339844,"low_52w":194.67758178710938,"off_high":-5.624762317262467,"off_low":38.60866457288106,"trend_signals":["Golden Cross","Above 20d","Above 50d"],"macd":3.721122244327887,"macd_signal":2.9426990286643595,"macd_histogram":0.7784232156635276,"macd_crossover":null,"bb_upper":277.05966283815604,"bb_lower":249.9393331335237,"bb_width":10.29236484772725,"bb_pct_b":0.733791344762588,"atr":5.86902764238603,"atr_pct":2.1750028617095367,"rs_vs_bench":-7.09629979941091}}