{"GOOG":{"current":335.08099365234375,"sma_20":306.08004608154295,"sma_50":307.0559375,"sma_200":273.32870597839354,"rsi":68.22500930292419,"avg_vol_20":18915965.45,"current_vol":"4771009","vol_ratio":0.2522212790360114,"high_52w":344.6571960449219,"low_52w":149.3437042236328,"off_high":-2.7784716241148737,"off_low":124.36901200105564,"trend_signals":["Golden Cross","Above 20d","Above 50d"],"macd":8.908956494016309,"macd_signal":4.244900230771002,"macd_histogram":4.664056263245307,"macd_crossover":null,"bb_upper":348.6290044109525,"bb_lower":263.5310877521334,"bb_width":27.802503870555533,"bb_pct_b":0.8407950359945184,"atr":7.673171750418327,"atr_pct":2.2899453850788882,"rs_vs_bench":2.5886415900579163},"NVDA":{"current":198.46499633789062,"sma_20":182.72674942016602,"sma_50":183.82387176513672,"sma_200":181.96353385925292,"rsi":65.92577370191273,"avg_vol_20":154164938.15,"current_vol":"45874563","vol_ratio":0.297568069306166,"high_52w":207.01727294921875,"low_52w":96.88717651367188,"off_high":-4.131189871014287,"off_low":104.84134586158054,"trend_signals":["Golden Cross","Above 20d","Above 50d"],"macd":5.057019490271273,"macd_signal":2.3791568348022496,"macd_histogram":2.6778626554690232,"macd_crossover":null,"bb_upper":205.06409089228615,"bb_lower":160.38940794804589,"bb_width":24.448901480491113,"bb_pct_b":0.8522855872836963,"atr":5.040651373859318,"atr_pct":2.5398188430555826,"rs_vs_bench":3.5242408166715524},"AMZN":{"current":245.9199981689453,"sma_20":223.44800033569337,"sma_50":214.7086001586914,"sma_200":225.71449996948243,"rsi":69.83581446228978,"avg_vol_20":44682756.0,"current_vol":"13430020","vol_ratio":0.30056382377130003,"high_52w":254.0,"low_52w":167.32000732421875,"off_high":-3.1811030830923968,"off_low":46.9758471217504,"trend_signals":["Death Cross","Above 20d","Above 50d"],"macd":10.049718665250282,"macd_signal":6.5221966091584065,"macd_histogram":3.5275220560918754,"macd_crossover":null,"bb_upper":260.5013791803559,"bb_lower":186.39462149103082,"bb_width":33.165102206326324,"bb_pct_b":0.8032381733317823,"atr":6.4933898311545875,"atr_pct":2.640448064208944,"rs_vs_bench":7.555654693353263},"AAPL":{"current":271.8299865722656,"sma_20":257.57799835205077,"sma_50":260.47759887695315,"sma_200":252.12800590515135,"rsi":65.5521637652356,"avg_vol_20":40408360.8,"current_vol":"12821716","vol_ratio":0.3173035417957365,"high_52w":285.9224548339844,"low_52w":192.32176208496094,"off_high":-4.928772827549093,"off_low":41.3412520899121,"trend_signals":["Golden Cross","Above 20d","Above 50d"],"macd":2.774804687458584,"macd_signal":0.7447847410147546,"macd_histogram":2.0300199464438293,"macd_crossover":null,"bb_upper":270.9807007159661,"bb_lower":244.1752959881354,"bb_width":10.406713655408495,"bb_pct_b":1.031683381203259,"atr":5.963849749880431,"atr_pct":2.1939631550895693,"rs_vs_bench":-1.383299819275452},"MSFT":{"current":417.2349853515625,"sma_20":381.69524841308595,"sma_50":392.59169616699216,"sma_200":470.08942443847656,"rsi":66.74214137997404,"avg_vol_20":33415941.45,"current_vol":"9476929","vol_ratio":0.28360502768357587,"high_52w":539.8251953125,"low_52w":356.3916320800781,"off_high":-22.709241996378314,"off_low":17.072048778578896,"trend_signals":["Death Cross","Above 20d","Above 50d"],"macd":5.429035771775034,"macd_signal":-1.740979457783497,"macd_histogram":7.170015229558531,"macd_crossover":null,"bb_upper":422.20174944344,"bb_lower":341.1887473827319,"bb_width":21.224524643029508,"bb_pct_b":0.9386917659444888,"atr":9.710308211527547,"atr_pct":2.3272996159096375,"rs_vs_bench":-0.5324503775864908}}