{"AMZN":{"current":249.91000366210938,"sma_20":225.55450057983398,"sma_50":215.54760009765624,"sma_200":225.85879997253417,"rsi":74.01278276502005,"avg_vol_20":45918795.0,"current_vol":"42833300","vol_ratio":0.9328054013612509,"high_52w":254.0,"low_52w":173.17999267578125,"off_high":-1.6102347786970963,"off_low":44.30651012324394,"trend_signals":["Death Cross","Above 20d","Above 50d"],"macd":10.486438924633063,"macd_signal":7.345166986988957,"macd_histogram":3.141271937644106,"macd_crossover":null,"bb_upper":264.12787979252937,"bb_lower":186.98112136713863,"bb_width":34.2031563223386,"bb_pct_b":0.8157035185843846,"atr":6.515673749123832,"atr_pct":2.6072080563582976,"rs_vs_bench":10.255388438438338},"NVDA":{"current":199.8800048828125,"sma_20":184.11849975585938,"sma_50":184.1853726196289,"sma_200":182.1843413543701,"rsi":67.60890108124616,"avg_vol_20":154100615.0,"current_vol":"107561800","vol_ratio":0.6979972143524541,"high_52w":207.01727294921875,"low_52w":98.86670684814453,"off_high":-3.447667899749128,"off_low":102.17119721588432,"trend_signals":["Golden Cross","Above 20d","Above 50d"],"macd":5.594946630908055,"macd_signal":3.068199699784564,"macd_histogram":2.526746931123491,"macd_crossover":null,"bb_upper":207.96626142406723,"bb_lower":160.27073808765152,"bb_width":25.90479685618764,"bb_pct_b":0.8304608907586755,"atr":4.980943109201815,"atr_pct":2.491966673766137,"rs_vs_bench":3.752498125989966},"GOOG":{"current":330.4700012207031,"sma_20":307.6684967041016,"sma_50":307.2142663574219,"sma_200":274.08192916870115,"rsi":63.42032869705387,"avg_vol_20":18943570.0,"current_vol":"14581900","vol_ratio":0.7697545921914402,"high_52w":344.6571960449219,"low_52w":152.27357482910156,"off_high":-4.116320502523215,"off_low":117.0238674645903,"trend_signals":["Golden Cross","Above 20d","Above 50d"],"macd":8.947680288772972,"macd_signal":5.189527792953914,"macd_histogram":3.7581524958190577,"macd_crossover":null,"bb_upper":351.4685980954943,"bb_lower":263.86839531270886,"bb_width":28.472269251224137,"bb_pct_b":0.7602905449105002,"atr":7.663660101055717,"atr_pct":2.3190183897925336,"rs_vs_bench":3.936132066168385},"MSFT":{"current":424.1600036621094,"sma_20":383.79499969482424,"sma_50":393.0870666503906,"sma_200":469.7346049499512,"rsi":69.92258190802744,"avg_vol_20":34474610.0,"current_vol":"31992100","vol_ratio":0.9279901933625935,"high_52w":539.8251953125,"low_52w":356.7699890136719,"off_high":-21.426415931444822,"off_low":18.888924720025997,"trend_signals":["Death Cross","Above 20d","Above 50d"],"macd":7.19947897074519,"macd_signal":0.057770018617383956,"macd_histogram":7.141708952127806,"macd_crossover":null,"bb_upper":428.6740491010223,"bb_lower":338.91595028862616,"bb_width":23.386990159790404,"bb_pct_b":0.9497087672461983,"atr":9.729570507686116,"atr_pct":2.293844403923761,"rs_vs_bench":3.4608780273322814},"AAPL":{"current":266.1700134277344,"sma_20":258.3729988098145,"sma_50":260.2681994628906,"sma_200":252.4004453277588,"rsi":56.72387613537283,"avg_vol_20":42083255.0,"current_vol":"50154100","vol_ratio":1.1917828124274132,"high_52w":285.9224548339844,"low_52w":194.67759704589844,"off_high":-6.9083211452276085,"off_low":36.72349436539451,"trend_signals":["Golden Cross","Above 20d","Above 50d"],"macd":2.9264437040123426,"macd_signal":1.1966880252051408,"macd_histogram":1.7297556788072017,"macd_crossover":null,"bb_upper":272.2418270614574,"bb_lower":244.50417055817155,"bb_width":10.73550898548158,"bb_pct_b":0.7810985353790163,"atr":6.084620585761209,"atr_pct":2.2859902614135734,"rs_vs_bench":-4.56013728522533}}