{"GOOG":{"current":336.5,"sma_20":306.15099639892577,"sma_50":307.0843176269531,"sma_200":273.33580024719237,"rsi":69.72712083641842,"avg_vol_20":19029936.3,"current_vol":"7050426","vol_ratio":0.37049130847589856,"high_52w":344.6571960449219,"low_52w":149.34371948242188,"off_high":-2.3667563418170103,"off_low":125.31915045788509,"trend_signals":["Golden Cross","Above 20d","Above 50d"],"macd":9.022153581599127,"macd_signal":4.267539648313662,"macd_histogram":4.754613933285466,"macd_crossover":null,"bb_upper":348.9077964571843,"bb_lower":263.39419634066724,"bb_width":27.931837923888303,"bb_pct_b":0.8549026536097417,"atr":7.673171750413473,"atr_pct":2.280288781697912,"rs_vs_bench":2.74346520605795},"AMZN":{"current":247.47999572753906,"sma_20":223.52600021362304,"sma_50":214.73980010986327,"sma_200":225.7222999572754,"rsi":71.96450626533111,"avg_vol_20":45018854.9,"current_vol":"20151998","vol_ratio":0.4476346198667972,"high_52w":254.0,"low_52w":167.32000732421875,"off_high":-2.5669308159295032,"off_low":47.908190828603644,"trend_signals":["Death Cross","Above 20d","Above 50d"],"macd":10.174162914938677,"macd_signal":6.5470854590960865,"macd_histogram":3.6270774558425902,"macd_crossover":null,"bb_upper":260.7845580701556,"bb_lower":186.2674423570905,"bb_width":33.33711319571296,"bb_pct_b":0.8214562894000494,"atr":6.4933898311545875,"atr_pct":2.6238039208241415,"rs_vs_bench":7.978287046843514},"MSFT":{"current":419.2900085449219,"sma_20":381.7979995727539,"sma_50":392.6327966308594,"sma_200":470.0996984863281,"rsi":68.4932321318719,"avg_vol_20":33658017.0,"current_vol":"14318440","vol_ratio":0.42540949456410343,"high_52w":539.8251953125,"low_52w":356.3916320800781,"off_high":-22.32855891392794,"off_low":17.648668151308062,"trend_signals":["Death Cross","Above 20d","Above 50d"],"macd":5.592969245893585,"macd_signal":-1.7081927629541338,"macd_histogram":7.301162008847719,"macd_crossover":null,"bb_upper":422.6926547475907,"bb_lower":340.90334439791707,"bb_width":21.42214219068694,"bb_pct_b":0.9583974215197375,"atr":9.710308211506502,"atr_pct":2.3158930605583845,"rs_vs_bench":-0.31561951864163085},"NVDA":{"current":199.5500030517578,"sma_20":182.78099975585937,"sma_50":183.84557189941407,"sma_200":181.96895881652833,"rsi":67.66756972753744,"avg_vol_20":155314931.3,"current_vol":"68874426","vol_ratio":0.4434501269357352,"high_52w":207.01727294921875,"low_52w":96.88717651367188,"off_high":-3.607075772509406,"off_low":105.96121203263577,"trend_signals":["Golden Cross","Above 20d","Above 50d"],"macd":5.143572732542225,"macd_signal":2.3964674834331054,"macd_histogram":2.7471052491091195,"macd_crossover":null,"bb_upper":205.28393757075898,"bb_lower":160.27806194095976,"bb_width":24.622841372961947,"bb_pct_b":0.8725958680114064,"atr":5.040651373726726,"atr_pct":2.5260091689496584,"rs_vs_bench":3.8222567532906435},"AAPL":{"current":272.3900146484375,"sma_20":257.6059997558594,"sma_50":260.4887994384766,"sma_200":252.13080574035644,"rsi":66.00947129903653,"avg_vol_20":40685288.6,"current_vol":"18360272","vol_ratio":0.45127545193325724,"high_52w":285.9224548339844,"low_52w":192.32179260253906,"off_high":-4.732905708089362,"off_low":41.63242291078841,"trend_signals":["Golden Cross","Above 20d","Above 50d"],"macd":2.8194792920377836,"macd_signal":0.753719662200278,"macd_histogram":2.0657596298375056,"macd_crossover":null,"bb_upper":271.1358110711283,"bb_lower":244.0761884405905,"bb_width":10.504267236082605,"bb_pct_b":1.046349632972849,"atr":5.9638497500564736,"atr_pct":2.189452413574619,"rs_vs_bench":-1.4803445120778367}}