{"GOOG":{"current":334.1600036621094,"sma_20":304.0034973144531,"sma_50":306.87145263671874,"sma_200":272.5238804626465,"rsi":70.69580011254169,"avg_vol_20":19586232.0,"current_vol":"3071740","vol_ratio":0.1568315947651391,"high_52w":344.6571960449219,"low_52w":149.34371948242188,"off_high":-3.045690762668515,"off_low":123.75229759925782,"trend_signals":["Golden Cross","Above 20d","Above 50d"],"macd":7.867535380568029,"macd_signal":2.995285160432212,"macd_histogram":4.872250220135816,"macd_crossover":null,"bb_upper":343.48321761910205,"bb_lower":264.5237770098042,"bb_width":25.97320139630642,"bb_pct_b":0.8819240120617722,"atr":7.575064960813394,"atr_pct":2.266897557396794,"rs_vs_bench":0.7462183168652761},"AMZN":{"current":253.6300048828125,"sma_20":221.5740005493164,"sma_50":214.305400390625,"sma_200":225.5998500061035,"rsi":77.8835555276888,"avg_vol_20":45080440.95,"current_vol":"9657419","vol_ratio":0.21422636505954584,"high_52w":254.0,"low_52w":167.32000732421875,"off_high":-0.14566736897145668,"off_low":51.58378782003603,"trend_signals":["Death Cross","Above 20d","Above 50d"],"macd":10.182806799279064,"macd_signal":5.689296234691744,"macd_histogram":4.49351056458732,"macd_crossover":null,"bb_upper":258.42078227044817,"bb_lower":184.7272188281846,"bb_width":33.25912032078032,"bb_pct_b":0.9349905586884928,"atr":6.565409484286251,"atr_pct":2.588577596455806,"rs_vs_bench":12.407530523860212},"NVDA":{"current":200.99000549316406,"sma_20":181.40400009155275,"sma_50":183.27818603515624,"sma_200":181.75387817382813,"rsi":70.89024459693121,"avg_vol_20":157633030.75,"current_vol":"33969015","vol_ratio":0.21549427070189095,"high_52w":207.01727294921875,"low_52w":96.88717651367188,"off_high":-2.911480462566606,"off_low":107.44747935223616,"trend_signals":["Golden Cross","Above 20d","Above 50d"],"macd":4.668513424539668,"macd_signal":1.6986827989686977,"macd_histogram":2.9698306255709706,"macd_crossover":null,"bb_upper":202.7394957935853,"bb_lower":160.0685043895202,"bb_width":23.522629811100902,"bb_pct_b":0.9590004768378885,"atr":5.106558931046467,"atr_pct":2.5407029163050336,"rs_vs_bench":5.289487480599297},"MSFT":{"current":425.489990234375,"sma_20":380.06199798583987,"sma_50":392.1564666748047,"sma_200":470.45801727294923,"rsi":72.61457153163636,"avg_vol_20":33478381.8,"current_vol":"7800136","vol_ratio":0.2329902337155376,"high_52w":539.8252563476562,"low_52w":356.3916320800781,"off_high":-21.18005127934353,"off_low":19.388322265313757,"trend_signals":["Death Cross","Above 20d","Above 50d"],"macd":4.076457056889581,"macd_signal":-3.490406687965468,"macd_histogram":7.566863744855048,"macd_crossover":null,"bb_upper":417.63717615517925,"bb_lower":342.4868198165005,"bb_width":19.77318351662159,"bb_pct_b":1.1044947018455324,"atr":9.532914770268208,"atr_pct":2.2404557073169076,"rs_vs_bench":0.3312090690848368},"AAPL":{"current":268.2900085449219,"sma_20":256.2889991760254,"sma_50":260.51524047851564,"sma_200":251.81813316345216,"rsi":62.486790269425406,"avg_vol_20":41662395.0,"current_vol":"10945700","vol_ratio":0.2627237344372545,"high_52w":285.9224548339844,"low_52w":192.32177734375,"off_high":-6.166863074570501,"off_low":39.500587115201526,"trend_signals":["Golden Cross","Above 20d","Above 50d"],"macd":1.9057575520147907,"macd_signal":0.2063281241933377,"macd_histogram":1.699429427821453,"macd_crossover":null,"bb_upper":268.1078765437256,"bb_lower":244.47012180832522,"bb_width":9.223085973801549,"bb_pct_b":1.007705131186742,"atr":5.93217066553386,"atr_pct":2.211103834133499,"rs_vs_bench":-2.9057102908270895}}