{"GOOG":{"current":299.66119384765625,"sma_20":296.1830596923828,"sma_50":308.8076489257812,"sma_200":266.39678077697755,"rsi":51.54770465638405,"avg_vol_20":19681440.6,"current_vol":"10878212","vol_ratio":0.5527142154421358,"high_52w":344.6571960449219,"low_52w":146.07501220703125,"off_high":-13.055291667666486,"off_low":105.14199473278032,"trend_signals":["Golden Cross","Above 20d","Below 50d"],"macd":-4.361921637825617,"macd_signal":-5.847328634933121,"macd_histogram":1.4854069971075043,"macd_crossover":null,"bb_upper":318.0145306645073,"bb_lower":274.35158872025835,"bb_width":14.74187686142397,"bb_pct_b":0.5796587220282705,"atr":7.804808072279322,"atr_pct":2.604544142691757,"rs_vs_bench":1.700051855901652},"AMZN":{"current":211.9199981689453,"sma_20":209.26799926757812,"sma_50":214.02220001220704,"sma_200":224.5364500427246,"rsi":51.74603006136005,"avg_vol_20":40937695.2,"current_vol":"17376704","vol_ratio":0.42446708138078076,"high_52w":254.0,"low_52w":167.32000732421875,"off_high":-16.56692985474594,"off_low":26.655503760709514,"trend_signals":["Death Cross","Above 20d","Below 50d"],"macd":-1.0409958252539866,"macd_signal":-1.9332035048433511,"macd_histogram":0.8922076795893645,"macd_crossover":null,"bb_upper":217.22520117130472,"bb_lower":201.31079736385152,"bb_width":7.604795698889647,"bb_pct_b":0.6666414232951147,"atr":5.702466684307389,"atr_pct":2.690858217052885,"rs_vs_bench":2.9438428310963993},"NVDA":{"current":175.48500061035156,"sma_20":177.2552490234375,"sma_50":182.25707275390624,"sma_200":180.11799461364745,"rsi":46.91557881684132,"avg_vol_20":170301623.1,"current_vol":"90324362","vol_ratio":0.530378750101296,"high_52w":207.01727294921875,"low_52w":96.27731323242188,"off_high":-15.231710808306339,"off_low":82.27035499704421,"trend_signals":["Golden Cross","Below 20d","Below 50d"],"macd":-2.30630022278055,"macd_signal":-2.7321668978005706,"macd_histogram":0.42586667502002085,"macd_crossover":null,"bb_upper":188.17392198636986,"bb_lower":166.33657606050514,"bb_width":12.319717495630998,"bb_pct_b":0.41893481840257846,"atr":5.305073506841829,"atr_pct":3.023092280474307,"rs_vs_bench":-0.9517518558339155},"MSFT":{"current":369.07501220703125,"sma_20":381.6762496948242,"sma_50":399.7773077392578,"sma_200":474.20804321289063,"rsi":36.84746142969982,"avg_vol_20":30921378.4,"current_vol":"13266868","vol_ratio":0.42905163632679455,"high_52w":539.8252563476562,"low_52w":351.8662414550781,"off_high":-31.630651239974416,"off_low":4.890713778278194,"trend_signals":["Death Cross","Below 20d","Below 50d"],"macd":-10.352569606515488,"macd_signal":-10.845990696682874,"macd_histogram":0.4934210901673861,"macd_crossover":null,"bb_upper":413.09284820493605,"bb_lower":350.25965118471237,"bb_width":16.46243303597304,"bb_pct_b":0.2994493661728356,"atr":8.426085008101534,"atr_pct":2.283027766554663,"rs_vs_bench":-4.9727791209575605},"AAPL":{"current":250.80499267578125,"sma_20":253.02674865722656,"sma_50":260.5788049316406,"sma_200":249.39714241027832,"rsi":43.84996735186907,"avg_vol_20":39739678.75,"current_vol":"43308175","vol_ratio":1.0897968066739845,"high_52w":285.9224548339844,"low_52w":171.67178344726562,"off_high":-12.282163070610679,"off_low":46.09564113535517,"trend_signals":["Golden Cross","Below 20d","Below 50d"],"macd":-1.8794983931705076,"macd_signal":-2.6911589432480136,"macd_histogram":0.811660550077506,"macd_crossover":null,"bb_upper":261.0826166477009,"bb_lower":244.9708806667522,"bb_width":6.367601870731512,"bb_pct_b":0.362103252928647,"atr":6.185416021793605,"atr_pct":2.4662252357111445,"rs_vs_bench":0.22478135843349012}}