{"AMZN":{"current":256.9200134277344,"sma_20":230.22100067138672,"sma_50":217.47960021972656,"sma_200":226.20605003356934,"rsi":77.57040002497979,"avg_vol_20":45050750.9,"current_vol":"18311318","vol_ratio":0.40645977334863914,"high_52w":256.9200134277344,"low_52w":180.60000610351562,"off_high":0.0,"off_low":42.25913883993666,"trend_signals":["Death Cross","Above 20d","Above 50d"],"macd":11.39499073759987,"macd_signal":8.739321602002708,"macd_histogram":2.6556691355971616,"macd_crossover":null,"bb_upper":271.2013542414823,"bb_lower":189.2406471012911,"bb_width":35.60088215287555,"bb_pct_b":0.8257538116487922,"atr":6.372341533381934,"atr_pct":2.4802822669843607,"rs_vs_bench":9.545640955163105},"GOOG":{"current":338.82000732421875,"sma_20":312.55649719238284,"sma_50":307.89372009277344,"sma_200":275.705043258667,"rsi":67.85722881299253,"avg_vol_20":17390125.5,"current_vol":"5715010","vol_ratio":0.3286353511364826,"high_52w":344.6571960449219,"low_52w":152.27359008789062,"off_high":-1.6936216007346379,"off_low":122.5074007440526,"trend_signals":["Golden Cross","Above 20d","Above 50d"],"macd":9.796694384166244,"macd_signal":6.790278295325818,"macd_histogram":3.0064160888404263,"macd_crossover":null,"bb_upper":358.0733543896113,"bb_lower":267.03963999515435,"bb_width":29.125522973347273,"bb_pct_b":0.7885031145497793,"atr":7.333457726683891,"atr_pct":2.16441106432846,"rs_vs_bench":6.440814764607204},"NVDA":{"current":201.59500122070312,"sma_20":186.62925033569337,"sma_50":184.69608276367188,"sma_200":182.61388092041017,"rsi":68.08896534210244,"avg_vol_20":146724016.4,"current_vol":"55198228","vol_ratio":0.37620445073912245,"high_52w":207.01727294921875,"low_52w":102.68579864501953,"off_high":-2.619236381229747,"off_low":96.32218269792936,"trend_signals":["Golden Cross","Above 20d","Above 50d"],"macd":6.065061068996698,"macd_signal":4.126572988305144,"macd_histogram":1.9384880806915543,"macd_crossover":null,"bb_upper":212.21507281766858,"bb_lower":161.04342785371816,"bb_width":27.418877197388447,"bb_pct_b":0.79246179003143,"atr":4.731863357187173,"atr_pct":2.3472126434359355,"rs_vs_bench":3.4792062327333895},"MSFT":{"current":417.0400085449219,"sma_20":389.1040008544922,"sma_50":393.5865270996094,"sma_200":469.04141860961914,"rsi":60.60930796884018,"avg_vol_20":33231906.75,"current_vol":"19724535","vol_ratio":0.5935420783521548,"high_52w":539.8252563476562,"low_52w":356.7699890136719,"off_high":-22.745369239200375,"off_low":16.893242533620274,"trend_signals":["Death Cross","Above 20d","Above 50d"],"macd":9.309167161516768,"macd_signal":3.362990013129932,"macd_histogram":5.946177148386836,"macd_crossover":null,"bb_upper":439.8603803802006,"bb_lower":338.3476213287838,"bb_width":26.08884998059377,"bb_pct_b":0.7751970092378233,"atr":10.27738651673359,"atr_pct":2.4643646427574226,"rs_vs_bench":-0.2926755829133274},"AAPL":{"current":273.18499755859375,"sma_20":260.4777496337891,"sma_50":260.2292999267578,"sma_200":253.03879066467286,"rsi":62.75452794067449,"avg_vol_20":41149205.15,"current_vol":"11696603","vol_ratio":0.28424857679176824,"high_52w":285.9224548339844,"low_52w":194.67758178710938,"off_high":-4.4548642682808515,"off_low":40.32689077540348,"trend_signals":["Golden Cross","Above 20d","Above 50d"],"macd":3.900140894738229,"macd_signal":2.104957218331185,"macd_histogram":1.795183676407044,"macd_crossover":null,"bb_upper":276.2721722425587,"bb_lower":244.68332702501945,"bb_width":12.127272007666939,"bb_pct_b":0.9022701000082503,"atr":5.949237460899762,"atr_pct":2.177732128069642,"rs_vs_bench":-6.2221456222980365}}