{"AMZN":{"current":261.8550109863281,"sma_20":236.0772506713867,"sma_50":219.88609985351562,"sma_200":226.6020750427246,"rsi":77.00307201487573,"avg_vol_20":45070953.75,"current_vol":"28598375","vol_ratio":0.6345189666637574,"high_52w":263.989990234375,"low_52w":184.4199981689453,"off_high":-0.8087349244383859,"off_low":41.98840341948457,"trend_signals":["Death Cross","Above 20d","Above 50d"],"macd":12.33176862552898,"macd_signal":9.965229934624272,"macd_histogram":2.366538690904708,"macd_crossover":null,"bb_upper":276.77979078161155,"bb_lower":195.37471056116183,"bb_width":34.48239082289358,"bb_pct_b":0.8166603391966908,"atr":6.4382646831988195,"atr_pct":2.4587135678434553,"rs_vs_bench":11.428237628171466},"GOOG":{"current":350.6600036621094,"sma_20":319.42699737548827,"sma_50":309.32666015625,"sma_200":277.38679664611817,"rsi":73.4238803601248,"avg_vol_20":16453654.5,"current_vol":"10258790","vol_ratio":0.623496135767285,"high_52w":350.6600036621094,"low_52w":152.27357482910156,"off_high":0.0,"off_low":130.2828997451851,"trend_signals":["Golden Cross","Above 20d","Above 50d"],"macd":11.099177371094072,"macd_signal":8.183732077693556,"macd_histogram":2.9154452934005164,"macd_crossover":null,"bb_upper":362.1306930770837,"bb_lower":276.7233016738928,"bb_width":26.737687203938503,"bb_pct_b":0.8656944179359892,"atr":7.803520657818242,"atr_pct":2.225380875013506,"rs_vs_bench":9.500740187398215},"MSFT":{"current":426.05999755859375,"sma_20":395.4365005493164,"sma_50":394.4868463134766,"sma_200":468.29244049072264,"rsi":64.05939190784977,"avg_vol_20":32659349.45,"current_vol":"17173089","vol_ratio":0.5258245889524293,"high_52w":539.8251953125,"low_52w":356.7699890136719,"off_high":-21.074451274555383,"off_low":19.421479014106925,"trend_signals":["Death Cross","Above 20d","Above 50d"],"macd":10.360701379070463,"macd_signal":5.7876181597581535,"macd_histogram":4.573083219312309,"macd_crossover":null,"bb_upper":446.5525435028203,"bb_lower":344.3204575958125,"bb_width":25.852971530193386,"bb_pct_b":0.7995487839026688,"atr":10.384338972586207,"atr_pct":2.4372949894593434,"rs_vs_bench":-0.18741156120587377},"AAPL":{"current":266.3299865722656,"sma_20":262.2749984741211,"sma_50":260.2373992919922,"sma_200":253.61564018249513,"rsi":53.754829608458856,"avg_vol_20":40676457.6,"current_vol":"20360752","vol_ratio":0.5005537158673325,"high_52w":285.9224548339844,"low_52w":194.6775665283203,"off_high":-6.852371309240038,"off_low":36.80568918223139,"trend_signals":["Golden Cross","Above 20d","Above 50d"],"macd":3.6744450822738486,"macd_signal":2.727671591596774,"macd_histogram":0.9467734906770744,"macd_crossover":null,"bb_upper":277.34624186763034,"bb_lower":247.20375508061184,"bb_width":11.492703064486982,"bb_pct_b":0.6345273243974979,"atr":5.888951624822972,"atr_pct":2.2111485456877276,"rs_vs_bench":-10.892638018312706},"NVDA":{"current":215.0601043701172,"sma_20":190.76000518798827,"sma_50":185.5841928100586,"sma_200":183.0861280822754,"rsi":75.51918913034422,"avg_vol_20":147255045.4,"current_vol":"120497008","vol_ratio":0.818287805845191,"high_52w":215.0601043701172,"low_52w":108.70438385009766,"off_high":0.0,"off_low":97.83940330013101,"trend_signals":["Golden Cross","Above 20d","Above 50d"],"macd":7.445387411662409,"macd_signal":5.151462813942474,"macd_histogram":2.2939245977199354,"macd_crossover":null,"bb_upper":217.46777938015472,"bb_lower":164.05223099582182,"bb_width":28.001439993510946,"bb_pct_b":0.9549255772361644,"atr":5.632011447268827,"atr_pct":2.618808106582227,"rs_vs_bench":11.325003436554027}}