{"NVDA":{"current":181.44500732421875,"sma_20":177.2202491760254,"sma_50":182.20907470703125,"sma_200":180.31916381835939,"rsi":53.917594014533066,"avg_vol_20":166825900.05,"current_vol":"72683501","vol_ratio":0.43568475265660644,"high_52w":207.01727294921875,"low_52w":96.27731323242188,"off_high":-12.352720746772114,"off_low":88.46081307461769,"trend_signals":["Golden Cross","Above 20d","Below 50d"],"macd":-1.5012694148029198,"macd_signal":-2.4526106859501207,"macd_histogram":0.9513412711472009,"macd_crossover":null,"bb_upper":187.73410687512052,"bb_lower":166.70639147693026,"bb_width":11.865300661723092,"bb_pct_b":0.7009137972524092,"atr":5.476699806964991,"atr_pct":3.0183799971849523,"rs_vs_bench":-2.0412444412749142},"AMZN":{"current":220.97999572753906,"sma_20":209.69299926757813,"sma_50":213.7104000854492,"sma_200":224.60215003967286,"rsi":60.475693386651585,"avg_vol_20":40588583.15,"current_vol":"18959863","vol_ratio":0.46712305600645243,"high_52w":254.0,"low_52w":167.32000732421875,"off_high":-13.000001682071236,"off_low":32.07027615014531,"trend_signals":["Death Cross","Above 20d","Above 50d"],"macd":0.08490478733850182,"macd_signal":-1.5059692090468648,"macd_histogram":1.5908739963853666,"macd_crossover":null,"bb_upper":219.11777610051686,"bb_lower":200.2682224346394,"bb_width":8.989119203652836,"bb_pct_b":1.0987938314100931,"atr":6.2231069604746905,"atr_pct":2.8161404112558555,"rs_vs_bench":4.3406430863505925},"GOOG":{"current":314.0400085449219,"sma_20":296.7520004272461,"sma_50":308.5067218017578,"sma_200":267.1515592956543,"rsi":61.420669012335516,"avg_vol_20":19720061.65,"current_vol":"9135033","vol_ratio":0.4632355193473749,"high_52w":344.6571960449219,"low_52w":146.07501220703125,"off_high":-8.883373929615972,"off_low":114.98544056243844,"trend_signals":["Golden Cross","Above 20d","Above 50d"],"macd":-2.119375445407627,"macd_signal":-5.047253029564655,"macd_histogram":2.927877584157028,"macd_crossover":null,"bb_upper":319.7335952546596,"bb_lower":273.77040559983266,"bb_width":15.488754781316324,"bb_pct_b":0.8761272498167503,"atr":8.471276871554686,"atr_pct":2.697515170377698,"rs_vs_bench":2.24559607675453},"AAPL":{"current":257.4599914550781,"sma_20":252.9929992675781,"sma_50":260.67848022460936,"sma_200":249.69596633911132,"rsi":52.164021610786826,"avg_vol_20":39852867.4,"current_vol":"14753448","vol_ratio":0.37019790450510975,"high_52w":285.9224548339844,"low_52w":171.67178344726562,"off_high":-9.954609334699668,"off_low":49.97222390607076,"trend_signals":["Golden Cross","Above 20d","Below 50d"],"macd":-1.2589802477393448,"macd_signal":-2.370325343208036,"macd_histogram":1.1113450954686912,"macd_crossover":null,"bb_upper":260.4239289344585,"bb_lower":245.5620696006977,"bb_width":5.874415251325652,"bb_pct_b":0.8005675189881944,"atr":6.190022636913691,"atr_pct":2.404265844153006,"rs_vs_bench":-0.8610550840922104},"MSFT":{"current":377.5050048828125,"sma_20":380.42424926757815,"sma_50":398.00752685546877,"sma_200":473.73842849731443,"rsi":43.99845322608618,"avg_vol_20":30296441.35,"current_vol":"11662227","vol_ratio":0.3849371899911274,"high_52w":539.8251953125,"low_52w":351.8662414550781,"off_high":-30.069028240840407,"off_low":7.286508453243479,"trend_signals":["Death Cross","Below 20d","Below 50d"],"macd":-9.072552421058788,"macd_signal":-10.450268316330497,"macd_histogram":1.3777158952717095,"macd_crossover":null,"bb_upper":409.52876027145294,"bb_lower":351.31973826370336,"bb_width":15.30108086427667,"bb_pct_b":0.4498489360570772,"atr":8.732742215579735,"atr_pct":2.3132785268080376,"rs_vs_bench":-6.337855294948913}}