{"AMZN":{"current":239.88999938964844,"sma_20":213.80999984741212,"sma_50":213.3658004760742,"sma_200":224.99694999694825,"rsi":72.21835495682525,"avg_vol_20":44673623.15,"current_vol":"39846563","vol_ratio":0.8919483173819986,"high_52w":254.0,"low_52w":167.32000732421875,"off_high":-5.555118350532111,"off_low":43.37197519051599,"trend_signals":["Death Cross","Above 20d","Above 50d"],"macd":5.066829417135722,"macd_signal":1.0643075091370697,"macd_histogram":4.002521907998652,"macd_crossover":null,"bb_upper":236.21759897135334,"bb_lower":191.4024007234709,"bb_width":20.960291043386796,"bb_pct_b":1.081945423915839,"atr":6.514493399267716,"atr_pct":2.7156169143534643,"rs_vs_bench":10.33172726257705},"NVDA":{"current":189.30999755859375,"sma_20":177.8734992980957,"sma_50":182.00839447021485,"sma_200":180.90005973815917,"rsi":61.996097808429134,"avg_vol_20":167932316.35,"current_vol":"126951527","vol_ratio":0.755968414890503,"high_52w":207.01727294921875,"low_52w":96.88717651367188,"off_high":-8.553525577051046,"off_low":95.39221223138851,"trend_signals":["Golden Cross","Above 20d","Above 50d"],"macd":0.8945270324012711,"macd_signal":-1.1510166641728015,"macd_histogram":2.0455436965740725,"macd_crossover":null,"bb_upper":190.19863368002194,"bb_lower":165.54836491616948,"bb_width":13.858314398223776,"bb_pct_b":0.9639502461437134,"atr":5.281263671214187,"atr_pct":2.7897436687566235,"rs_vs_bench":0.36099481577946957},"AAPL":{"current":259.20001220703125,"sma_20":253.7390007019043,"sma_50":260.86533325195313,"sma_200":250.5963692474365,"rsi":53.65815092391075,"avg_vol_20":40731299.9,"current_vol":"35080398","vol_ratio":0.8612638949929512,"high_52w":285.9224548339844,"low_52w":192.32177734375,"off_high":-9.346045466232802,"off_low":34.774135195176136,"trend_signals":["Golden Cross","Above 20d","Below 50d"],"macd":0.07909302915851413,"macd_signal":-1.2882145806113712,"macd_histogram":1.3673076097698853,"macd_crossover":null,"bb_upper":262.1977980914031,"bb_lower":245.28020331240552,"bb_width":6.667321433520026,"bb_pct_b":0.8228007040283601,"atr":5.7502207332769,"atr_pct":2.218449252496183,"rs_vs_bench":-0.4393397142324451},"GOOG":{"current":319.2099914550781,"sma_20":298.69749908447267,"sma_50":307.36214050292966,"sma_200":269.391036605835,"rsi":64.24684649871921,"avg_vol_20":19972480.2,"current_vol":"12123704","vol_ratio":0.6070204540746021,"high_52w":344.6571960449219,"low_52w":149.3437042236328,"off_high":-7.383337670549324,"off_low":113.74184677854329,"trend_signals":["Golden Cross","Above 20d","Above 50d"],"macd":2.165199899890581,"macd_signal":-2.0498160724849805,"macd_histogram":4.215015972375562,"macd_crossover":null,"bb_upper":325.86838949361317,"bb_lower":271.52660867533217,"bb_width":18.192914565686724,"bb_pct_b":0.8774718469238111,"atr":8.012012449761182,"atr_pct":2.5099503976173936,"rs_vs_bench":1.8955357540028972},"MSFT":{"current":384.3699951171875,"sma_20":376.5664993286133,"sma_50":392.65959411621094,"sma_200":472.06460708618164,"rsi":51.520445651972096,"avg_vol_20":32083792.75,"current_vol":"34812755","vol_ratio":1.0850573456593595,"high_52w":539.8251953125,"low_52w":356.3916015625,"off_high":-28.797322085961707,"off_low":7.850463768513063,"trend_signals":["Death Cross","Above 20d","Below 50d"],"macd":-6.829408661415869,"macd_signal":-9.188540820358254,"macd_histogram":2.3591321589423853,"macd_crossover":null,"bb_upper":400.0931599009069,"bb_lower":353.0398387563197,"bb_width":12.495355064372268,"bb_pct_b":0.6658436768914848,"atr":8.839139049019979,"atr_pct":2.2996433543999926,"rs_vs_bench":-6.858367192927095}}