{"NVDA":{"current":200.1300048828125,"sma_20":184.13099975585936,"sma_50":184.1903726196289,"sma_200":182.18559120178222,"rsi":68.04862325765647,"avg_vol_20":152344042.35,"current_vol":"72764347","vol_ratio":0.4776317201353296,"high_52w":207.01727294921875,"low_52w":96.88717651367188,"off_high":-3.3269050298501877,"off_low":106.55984835575418,"trend_signals":["Golden Cross","Above 20d","Above 50d"],"macd":5.6148896589322135,"macd_signal":3.0721883156572156,"macd_histogram":2.542701343274998,"macd_crossover":null,"bb_upper":208.01378314445256,"bb_lower":160.24821636726617,"bb_width":25.941078276074702,"bb_pct_b":0.8349485038371726,"atr":4.98094312504336,"atr_pct":2.488853746823214,"rs_vs_bench":3.6580248558589314},"AMZN":{"current":251.3249969482422,"sma_20":225.62525024414063,"sma_50":215.5758999633789,"sma_200":225.86587493896485,"rsi":74.75079726746264,"avg_vol_20":45250811.4,"current_vol":"29803828","vol_ratio":0.6586363222649307,"high_52w":254.0,"low_52w":167.32000732421875,"off_high":-1.0531508077786662,"off_low":50.20618332943626,"trend_signals":["Death Cross","Above 20d","Above 50d"],"macd":10.599315905838893,"macd_signal":7.367742413606683,"macd_histogram":3.2315734922322097,"macd_crossover":null,"bb_upper":264.39143020294875,"bb_lower":186.85907028533248,"bb_width":34.36333470377159,"bb_pct_b":0.8314712299665508,"atr":6.509245414528949,"atr_pct":2.5899713492762766,"rs_vs_bench":10.701001090616403},"AAPL":{"current":266.69000244140625,"sma_20":258.39899826049805,"sma_50":260.2785992431641,"sma_200":252.40304512023926,"rsi":57.36307303327769,"avg_vol_20":41043771.05,"current_vol":"29481921","vol_ratio":0.7183043917695765,"high_52w":285.9224548339844,"low_52w":192.32177734375,"off_high":-6.726457494828482,"off_low":38.66864487464297,"trend_signals":["Golden Cross","Above 20d","Above 50d"],"macd":2.9679243358237386,"macd_signal":1.2049841855329166,"macd_histogram":1.762940150290822,"macd_crossover":null,"bb_upper":272.3311759277863,"bb_lower":244.46682059320977,"bb_width":10.783461051379865,"bb_pct_b":0.7975487529266466,"atr":6.084620574009449,"atr_pct":2.281533060222715,"rs_vs_bench":-4.590664574505632},"MSFT":{"current":426.06658935546875,"sma_20":383.8903289794922,"sma_50":393.1251983642578,"sma_200":469.7441371154785,"rsi":70.62309990883864,"avg_vol_20":33878124.5,"current_vol":"20143490","vol_ratio":0.5945869288012092,"high_52w":539.8252563476562,"low_52w":356.3916320800781,"off_high":-21.07323909997369,"off_low":19.55011032911549,"trend_signals":["Death Cross","Above 20d","Above 50d"],"macd":7.351571309082203,"macd_signal":0.08818852734187299,"macd_histogram":7.26338278174033,"macd_crossover":null,"bb_upper":429.1369865538136,"bb_lower":338.64367140517083,"bb_width":23.572699887804934,"bb_pct_b":0.9660704529024995,"atr":9.726706222886827,"atr_pct":2.282907523352366,"rs_vs_bench":3.7352162290489765},"GOOG":{"current":331.0050048828125,"sma_20":307.695246887207,"sma_50":307.22496643066404,"sma_200":274.0846039581299,"rsi":63.94022486346358,"avg_vol_20":18581626.75,"current_vol":"7367635","vol_ratio":0.39650107598894696,"high_52w":344.6571960449219,"low_52w":149.34371948242188,"off_high":-3.9610927375878666,"off_low":121.63972213225385,"trend_signals":["Golden Cross","Above 20d","Above 50d"],"macd":8.99035865893876,"macd_signal":5.198063486496377,"macd_histogram":3.7922951724423832,"macd_crossover":null,"bb_upper":351.55459596754173,"bb_lower":263.8358978068723,"bb_width":28.50830457996148,"bb_pct_b":0.7657330590213537,"atr":7.601517584507824,"atr_pct":2.2964962681452596,"rs_vs_bench":3.8839590724765625}}