{"NVDA":{"current":199.8800048828125,"sma_20":184.11849975585938,"sma_50":184.1853726196289,"sma_200":182.18434120178222,"rsi":67.60890108121089,"avg_vol_20":154040787.2,"current_vol":"106699244","vol_ratio":0.6926687790907369,"high_52w":207.01727294921875,"low_52w":98.86669921875,"off_high":-3.447667899749128,"off_low":102.17121281713166,"trend_signals":["Golden Cross","Above 20d","Above 50d"],"macd":5.594946630911608,"macd_signal":3.0681996997897545,"macd_histogram":2.526746931121853,"macd_crossover":null,"bb_upper":207.9662614240673,"bb_lower":160.27073808765144,"bb_width":25.90479685618773,"bb_pct_b":0.8304608907586742,"atr":4.980943109201664,"atr_pct":2.4919666737660613,"rs_vs_bench":3.752498125989966},"MSFT":{"current":424.1600036621094,"sma_20":383.79499969482424,"sma_50":393.0870666503906,"sma_200":469.73460388183594,"rsi":69.9225819080272,"avg_vol_20":34459926.1,"current_vol":"31779522","vol_ratio":0.9222167774759099,"high_52w":539.8251953125,"low_52w":356.7699890136719,"off_high":-21.426415931444822,"off_low":18.888924720025997,"trend_signals":["Death Cross","Above 20d","Above 50d"],"macd":7.199478970748999,"macd_signal":0.0577700186231187,"macd_histogram":7.14170895212588,"macd_crossover":null,"bb_upper":428.6740491010214,"bb_lower":338.9159502886271,"bb_width":23.38699015978993,"bb_pct_b":0.9497087672462075,"atr":9.726706214976847,"atr_pct":2.293169118021144,"rs_vs_bench":3.4608780273322814},"GOOG":{"current":330.4700012207031,"sma_20":307.6684967041016,"sma_50":307.2142663574219,"sma_200":274.08192916870115,"rsi":63.42032869705387,"avg_vol_20":18933810.2,"current_vol":"14411304","vol_ratio":0.7611412519599463,"high_52w":344.6571960449219,"low_52w":152.27357482910156,"off_high":-4.116320502523215,"off_low":117.0238674645903,"trend_signals":["Golden Cross","Above 20d","Above 50d"],"macd":8.947680288772972,"macd_signal":5.189527792953914,"macd_histogram":3.7581524958190577,"macd_crossover":null,"bb_upper":351.4685980954943,"bb_lower":263.86839531270886,"bb_width":28.472269251224137,"bb_pct_b":0.7602905449105002,"atr":7.663660101055717,"atr_pct":2.3190183897925336,"rs_vs_bench":3.936132066168385},"AAPL":{"current":266.1700134277344,"sma_20":258.3729988098145,"sma_50":260.2681994628906,"sma_200":252.4004451751709,"rsi":56.72387613489979,"avg_vol_20":42037848.65,"current_vol":"49363473","vol_ratio":1.1742625891965097,"high_52w":285.9224548339844,"low_52w":194.67758178710938,"off_high":-6.9083211452276085,"off_low":36.72350508175404,"trend_signals":["Golden Cross","Above 20d","Above 50d"],"macd":2.926443704210101,"macd_signal":1.1966880254958618,"macd_histogram":1.729755678714239,"macd_crossover":null,"bb_upper":272.2418270614548,"bb_lower":244.50417055817417,"bb_width":10.735508985479555,"bb_pct_b":0.7810985353790694,"atr":6.084620585922747,"atr_pct":2.2859902614742635,"rs_vs_bench":-4.56013728522533},"AMZN":{"current":249.91000366210938,"sma_20":225.55450057983398,"sma_50":215.54760009765624,"sma_200":225.85879997253417,"rsi":74.01278276502005,"avg_vol_20":45889212.65,"current_vol":"42571853","vol_ratio":0.9277093796465475,"high_52w":254.0,"low_52w":173.17999267578125,"off_high":-1.6102347786970963,"off_low":44.30651012324394,"trend_signals":["Death Cross","Above 20d","Above 50d"],"macd":10.486438924633063,"macd_signal":7.345166986988957,"macd_histogram":3.141271937644106,"macd_crossover":null,"bb_upper":264.12787979252937,"bb_lower":186.98112136713863,"bb_width":34.2031563223386,"bb_pct_b":0.8157035185843846,"atr":6.509245439274502,"atr_pct":2.604635806446277,"rs_vs_bench":10.255388438438338}}