{"AMZN":{"current":221.13999938964844,"sma_20":209.70099945068358,"sma_50":213.7136001586914,"sma_200":224.6029500579834,"rsi":60.60259881385884,"avg_vol_20":41549048.1,"current_vol":"37043262","vol_ratio":0.8915550101375246,"high_52w":254.0,"low_52w":167.32000732421875,"off_high":-12.937008114311638,"off_low":32.16590348405962,"trend_signals":["Death Cross","Above 20d","Above 50d"],"macd":0.0976686122361059,"macd_signal":-1.503416444067344,"macd_histogram":1.60108505630345,"macd_crossover":null,"bb_upper":219.16630151236606,"bb_lower":200.2356973890011,"bb_width":9.027426751877242,"bb_pct_b":1.1042596350555107,"atr":6.2231069604746905,"atr_pct":2.814102820679484,"rs_vs_bench":4.429059782216416},"GOOG":{"current":314.989990234375,"sma_20":296.79949951171875,"sma_50":308.52572143554687,"sma_200":267.15630920410155,"rsi":61.94409588440792,"avg_vol_20":20058866.6,"current_vol":"15479132","vol_ratio":0.7716852755778334,"high_52w":344.6571960449219,"low_52w":146.07501220703125,"off_high":-8.607743041778857,"off_low":115.63577882022801,"trend_signals":["Golden Cross","Above 20d","Above 50d"],"macd":-2.043593430294436,"macd_signal":-5.0320966265418114,"macd_histogram":2.9885031962473754,"macd_crossover":null,"bb_upper":319.934954203924,"bb_lower":273.6640448195135,"bb_width":15.589955326923846,"bb_pct_b":0.8931301754096267,"atr":8.471276871554233,"atr_pct":2.6893797054474646,"rs_vs_bench":2.5667856207688855},"AAPL":{"current":258.0,"sma_20":253.0199996948242,"sma_50":260.6892803955078,"sma_200":249.69866661071777,"rsi":52.80211202750556,"avg_vol_20":40545410.45,"current_vol":"27833609","vol_ratio":0.686479892325273,"high_52w":285.9224548339844,"low_52w":171.67178344726562,"off_high":-9.76574394977024,"off_low":50.28678261460061,"trend_signals":["Golden Cross","Above 20d","Below 50d"],"macd":-1.2159026430252595,"macd_signal":-2.3617098222766586,"macd_histogram":1.145807179251399,"macd_crossover":null,"bb_upper":260.52284626075857,"bb_lower":245.51715312888984,"bb_width":5.930635186928933,"bb_pct_b":0.8318740601591665,"atr":6.190022636912818,"atr_pct":2.3992335801987665,"rs_vs_bench":-0.6408305648301638},"NVDA":{"current":181.8350067138672,"sma_20":177.2397491455078,"sma_50":182.2168746948242,"sma_200":180.32111381530763,"rsi":54.34150862501937,"avg_vol_20":169392856.95,"current_vol":"118391539","vol_ratio":0.6989169504056825,"high_52w":207.01727294921875,"low_52w":96.27731323242188,"off_high":-12.164330964560992,"off_low":88.86589229479384,"trend_signals":["Golden Cross","Above 20d","Below 50d"],"macd":-1.4701583521232635,"macd_signal":-2.4463884730872523,"macd_histogram":0.9762301209639888,"macd_crossover":null,"bb_upper":187.7879893918696,"bb_lower":166.69150889914602,"bb_width":11.902793021560914,"bb_pct_b":0.7178210517125995,"atr":5.476699806725392,"atr_pct":3.011906181158749,"rs_vs_bench":-1.8184271968945565},"MSFT":{"current":372.4798889160156,"sma_20":380.1729934692383,"sma_50":397.90702453613284,"sma_200":473.7133027648926,"rsi":39.00998223467136,"avg_vol_20":30967355.7,"current_vol":"24398114","vol_ratio":0.787865590990709,"high_52w":539.8251953125,"low_52w":351.8662109375,"off_high":-30.999906608584592,"off_low":5.858385186685947,"trend_signals":["Death Cross","Below 20d","Below 50d"],"macd":-9.473416372821305,"macd_signal":-10.530441106676998,"macd_histogram":1.0570247338556928,"macd_crossover":null,"bb_upper":409.46974359535926,"bb_lower":350.8762433431173,"bb_width":15.412325772420504,"bb_pct_b":0.3687037893263885,"atr":8.795599707230567,"atr_pct":2.361362309473235,"rs_vs_bench":-7.565818433602423}}