{"GOOG":{"current":329.19000244140625,"sma_20":299.9359985351563,"sma_50":307.18010681152344,"sma_200":270.1667969512939,"rsi":69.57589927455233,"avg_vol_20":19810725.1,"current_vol":"11509702","vol_ratio":0.5809833785437767,"high_52w":344.6571960449219,"low_52w":149.3437042236328,"off_high":-4.487703660625053,"off_low":120.42442575849392,"trend_signals":["Golden Cross","Above 20d","Above 50d"],"macd":3.929103000615328,"macd_signal":-0.8540322578868054,"macd_histogram":4.783135258502133,"macd_crossover":null,"bb_upper":330.2782223009349,"bb_lower":269.59377476937766,"bb_width":20.232465535291272,"bb_pct_b":0.9820675658460475,"atr":8.24899331842673,"atr_pct":2.5058456384607246,"rs_vs_bench":2.397332642000194},"AMZN":{"current":249.27000427246094,"sma_20":215.68649978637694,"sma_50":213.5652005004883,"sma_200":225.1577000427246,"rsi":76.42692397697056,"avg_vol_20":45206646.9,"current_vol":"50570738","vol_ratio":1.118657132697006,"high_52w":254.0,"low_52w":167.32000732421875,"off_high":-1.8622030423382137,"off_low":48.9780022477804,"trend_signals":["Death Cross","Above 20d","Above 50d"],"macd":6.88974204422027,"macd_signal":2.22939441615371,"macd_histogram":4.66034762806656,"macd_crossover":null,"bb_upper":243.09252818448718,"bb_lower":188.2804713882667,"bb_width":25.412836153634167,"bb_pct_b":1.1127028695701076,"atr":6.927029105472365,"atr_pct":2.7789260587891986,"rs_vs_bench":11.836309000460844},"NVDA":{"current":194.8249969482422,"sma_20":178.45374908447266,"sma_50":182.08250122070314,"sma_200":181.0992140197754,"rsi":66.82725879237407,"avg_vol_20":162674998.35,"current_vol":"105510467","vol_ratio":0.6485966993710438,"high_52w":207.01727294921875,"low_52w":96.88717651367188,"off_high":-5.889496961911638,"off_low":101.08439935882556,"trend_signals":["Golden Cross","Above 20d","Above 50d"],"macd":1.9241851297166193,"macd_signal":-0.5359763056481979,"macd_histogram":2.4601614353648174,"macd_crossover":null,"bb_upper":192.77048089884676,"bb_lower":164.13701727009857,"bb_width":16.045313576009146,"bb_pct_b":1.0717522712597258,"atr":5.310409317516578,"atr_pct":2.725733042832978,"rs_vs_bench":3.092414566709656},"MSFT":{"current":391.8999938964844,"sma_20":376.16399841308595,"sma_50":391.9113916015625,"sma_200":471.5512222290039,"rsi":57.02748481842464,"avg_vol_20":31960122.05,"current_vol":"24436641","vol_ratio":0.764597862353908,"high_52w":539.8251953125,"low_52w":356.3916015625,"off_high":-27.40242632254003,"off_low":9.96330782720684,"trend_signals":["Death Cross","Above 20d","Below 50d"],"macd":-4.98665670618368,"macd_signal":-8.34816399752334,"macd_histogram":3.3615072913396595,"macd_crossover":null,"bb_upper":398.23674937027715,"bb_lower":354.09124745589475,"bb_width":11.735706261263166,"bb_pct_b":0.8564575053176983,"atr":8.94491535439132,"atr_pct":2.282448454631518,"rs_vs_bench":-5.875754845157299},"AAPL":{"current":258.465087890625,"sma_20":254.0212547302246,"sma_50":260.8498864746094,"sma_200":250.8867440032959,"rsi":52.497352307950216,"avg_vol_20":40347212.25,"current_vol":"24244245","vol_ratio":0.6008902139205416,"high_52w":285.9224548339844,"low_52w":192.32176208496094,"off_high":-9.603081702450405,"off_low":34.39201320152437,"trend_signals":["Golden Cross","Above 20d","Below 50d"],"macd":0.20804563016122302,"macd_signal":-0.9889625388258063,"macd_histogram":1.1970081689870293,"macd_crossover":null,"bb_upper":262.7241454492696,"bb_lower":245.31836401117963,"bb_width":6.852096473806983,"bb_pct_b":0.7553078800975702,"atr":5.678054872211799,"atr_pct":2.196836299459751,"rs_vs_bench":-2.3296283142528518}}