{"GOOG":{"current":339.19000244140625,"sma_20":312.5749969482422,"sma_50":307.9011199951172,"sma_200":275.7068923187256,"rsi":68.04037430806173,"avg_vol_20":17546461.45,"current_vol":"8841729","vol_ratio":0.5039038227277444,"high_52w":344.6571960449219,"low_52w":152.27357482910156,"off_high":-1.586269970931651,"off_low":122.75040355628559,"trend_signals":["Golden Cross","Above 20d","Above 50d"],"macd":9.826209664186365,"macd_signal":6.796181351350851,"macd_histogram":3.0300283128355137,"macd_crossover":null,"bb_upper":358.1370775944848,"bb_lower":267.01291630199955,"bb_width":29.152735241831927,"bb_pct_b":0.7920740790989197,"atr":7.472951396462121,"atr_pct":2.2031756073804223,"rs_vs_bench":7.3254975657134995},"NVDA":{"current":199.02999877929688,"sma_20":186.50100021362306,"sma_50":184.64478271484376,"sma_200":182.6010555267334,"rsi":63.64065683856658,"avg_vol_20":148004936.55,"current_vol":"80816631","vol_ratio":0.5460401043629919,"high_52w":207.01727294921875,"low_52w":102.68579864501953,"off_high":-3.8582646057177796,"off_low":93.82426918383834,"trend_signals":["Golden Cross","Above 20d","Above 50d"],"macd":5.860445489741693,"macd_signal":4.085649872602025,"macd_histogram":1.7747956171396675,"macd_crossover":null,"bb_upper":211.79501399641455,"bb_lower":161.20698643083156,"bb_width":27.12480228397604,"bb_pct_b":0.7476672677034315,"atr":4.998964099965534,"atr_pct":2.5116636339373413,"rs_vs_bench":2.7341971603992885},"MSFT":{"current":415.0150146484375,"sma_20":389.002751159668,"sma_50":393.5460272216797,"sma_200":469.0312945556641,"rsi":59.317100075960376,"avg_vol_20":33576324.95,"current_vol":"26612899","vol_ratio":0.7926090493712593,"high_52w":539.8252563476562,"low_52w":356.7699890136719,"off_high":-23.120489497593816,"off_low":16.325651660272804,"trend_signals":["Death Cross","Above 20d","Above 50d"],"macd":9.14762918684994,"macd_signal":3.330682418173015,"macd_histogram":5.816946768676925,"macd_crossover":null,"bb_upper":439.53206079338423,"bb_lower":338.4734415259517,"bb_width":25.978895770316168,"bb_pct_b":0.7573977724743397,"atr":10.590950272289001,"atr_pct":2.551943881177571,"rs_vs_bench":-0.0931079634648011},"AAPL":{"current":273.54998779296875,"sma_20":260.4959991455078,"sma_50":260.2365997314453,"sma_200":253.04061538696288,"rsi":63.04305058223184,"avg_vol_20":41522116.85,"current_vol":"19154837","vol_ratio":0.4613164851203871,"high_52w":285.9224548339844,"low_52w":194.67758178710938,"off_high":-4.327210693612528,"off_low":40.51437524640648,"trend_signals":["Golden Cross","Above 20d","Above 50d"],"macd":3.929256924835613,"macd_signal":2.110780424356733,"macd_histogram":1.81847650047888,"macd_crossover":null,"bb_upper":276.3529622921439,"bb_lower":244.63903599887172,"bb_width":12.17443891549268,"bb_pct_b":0.9116169195433309,"atr":6.042808715083709,"atr_pct":2.209032712389334,"rs_vs_bench":-5.324927963224569},"AMZN":{"current":255.1501007080078,"sma_20":230.13250503540038,"sma_50":217.44420196533204,"sma_200":226.1972004699707,"rsi":76.47977661768525,"avg_vol_20":45383143.4,"current_vol":"24959168","vol_ratio":0.5499656068336598,"high_52w":255.36000061035156,"low_52w":180.60000610351562,"off_high":-0.08219764326521593,"off_low":41.27912075582204,"trend_signals":["Death Cross","Above 20d","Above 50d"],"macd":11.253801118932216,"macd_signal":8.711083678269176,"macd_histogram":2.54271744066304,"macd_crossover":null,"bb_upper":270.8770640286624,"bb_lower":189.38794604213834,"bb_width":35.40965148490819,"bb_pct_b":0.8070053559389933,"atr":6.426626855298786,"atr_pct":2.5187632054487716,"rs_vs_bench":9.445725331216126}}