{"AMZN":{"current":255.0800018310547,"sma_20":230.12900009155274,"sma_50":217.44279998779297,"sma_200":226.19684997558593,"rsi":76.36590875920977,"avg_vol_20":45691144.85,"current_vol":"31032997","vol_ratio":0.679190620017918,"high_52w":255.36000061035156,"low_52w":184.4199981689453,"off_high":-0.1096486445127008,"off_low":38.31471877435898,"trend_signals":["Death Cross","Above 20d","Above 50d"],"macd":11.248209161494088,"macd_signal":8.70996525599029,"macd_histogram":2.5382439055037977,"macd_crossover":null,"bb_upper":270.86450877953627,"bb_lower":189.39349140356921,"bb_width":35.40232536688347,"bb_pct_b":0.8062561699010057,"atr":6.4266268500388835,"atr_pct":2.5194553880767905,"rs_vs_bench":9.377091163344112},"GOOG":{"current":337.75,"sma_20":312.50299682617185,"sma_50":307.87231994628905,"sma_200":275.6996932220459,"rsi":67.3155694554961,"avg_vol_20":17768329.85,"current_vol":"13253297","vol_ratio":0.745894358776776,"high_52w":344.6571960449219,"low_52w":152.27357482910156,"off_high":-2.004077130605335,"off_low":121.80473557481055,"trend_signals":["Golden Cross","Above 20d","Above 50d"],"macd":9.711337659295566,"macd_signal":6.773206930979858,"macd_histogram":2.9381307283157083,"macd_crossover":null,"bb_upper":357.8922112806512,"bb_lower":267.1137823716925,"bb_width":29.04881867723456,"bb_pct_b":0.7781167671358165,"atr":7.472951395813778,"atr_pct":2.212568881069956,"rs_vs_bench":6.777708478438239},"MSFT":{"current":415.75,"sma_20":389.0395004272461,"sma_50":393.56072692871095,"sma_200":469.0349685668945,"rsi":59.779695875052404,"avg_vol_20":33896711.1,"current_vol":"32922222","vol_ratio":0.9712512197090413,"high_52w":539.8252563476562,"low_52w":356.7699890136719,"off_high":-22.984337040308795,"off_low":16.531662640510923,"trend_signals":["Death Cross","Above 20d","Above 50d"],"macd":9.206260444691793,"macd_signal":3.342408603347624,"macd_histogram":5.863851841344169,"macd_crossover":null,"bb_upper":439.64947101934,"bb_lower":338.42952983515215,"bb_width":26.017908483078806,"bb_pct_b":0.7638857448469504,"atr":10.590950320590538,"atr_pct":2.5474324282839538,"rs_vs_bench":0.07286608081300727},"NVDA":{"current":199.63999938964844,"sma_20":186.53150024414063,"sma_50":184.65698272705077,"sma_200":182.60410552978516,"rsi":64.64503159855765,"avg_vol_20":149428206.4,"current_vol":"108937228","vol_ratio":0.7290272072756405,"high_52w":207.01727294921875,"low_52w":106.40492248535156,"off_high":-3.563602908333139,"off_low":87.6228981954592,"trend_signals":["Golden Cross","Above 20d","Above 50d"],"macd":5.909106491917072,"macd_signal":4.095382053756412,"macd_histogram":1.8137244381606603,"macd_crossover":null,"bb_upper":211.89051305973112,"bb_lower":161.17248742855014,"bb_width":27.190059354478464,"bb_pct_b":0.7584583879670745,"atr":4.998964105138833,"atr_pct":2.5039892408445055,"rs_vs_bench":3.0555645999067025},"AAPL":{"current":273.42999267578125,"sma_20":260.48999938964846,"sma_50":260.23419982910156,"sma_200":253.04001571655274,"rsi":62.94868960369721,"avg_vol_20":41807982.3,"current_vol":"24818646","vol_ratio":0.5936341491418973,"high_52w":285.9224548339844,"low_52w":194.67758178710938,"off_high":-4.369178407291111,"off_low":40.45273737517038,"trend_signals":["Golden Cross","Above 20d","Above 50d"],"macd":3.919684649290616,"macd_signal":2.10886594957337,"macd_histogram":1.8108186997172462,"macd_crossover":null,"bb_upper":276.3262431641243,"bb_lower":244.6537556151726,"bb_width":12.158811326025265,"bb_pct_b":0.908556267206144,"atr":6.042808720681198,"atr_pct":2.2100021513903343,"rs_vs_bench":-5.407235580172021}}