{"MSFT":{"current":407.04620361328125,"sma_20":403.4873107910156,"sma_50":395.77612365722655,"sma_200":467.072889251709,"rsi":50.73779083578357,"avg_vol_20":33058625.7,"current_vol":"46490714","vol_ratio":1.406311152250954,"high_52w":539.8251953125,"low_52w":356.7699890136719,"off_high":-24.59666441140343,"off_low":14.092052624326183,"trend_signals":["Death Cross","Above 20d","Above 50d"],"macd":9.185074942776964,"macd_signal":7.895089662522591,"macd_histogram":1.2899852802543732,"macd_crossover":null,"bb_upper":450.5313549842346,"bb_lower":356.4432665977966,"bb_width":23.31872301064023,"bb_pct_b":0.5378251156262054,"atr":11.351850751605634,"atr_pct":2.788835923498892,"rs_vs_bench":-5.086711595910698},"AAPL":{"current":273.79998779296875,"sma_20":265.27049789428713,"sma_50":260.87639892578125,"sma_200":254.56053009033204,"rsi":61.056473836812295,"avg_vol_20":40158073.0,"current_vol":"27747960","vol_ratio":0.690968413748339,"high_52w":285.9224548339844,"low_52w":194.67758178710938,"off_high":-4.239774398990213,"off_low":40.642792703468075,"trend_signals":["Golden Cross","Above 20d","Above 50d"],"macd":3.9034125399916775,"macd_signal":3.267324756286113,"macd_histogram":0.6360877837055643,"macd_crossover":null,"bb_upper":278.38436185513973,"bb_lower":252.15663393343453,"bb_width":9.887163529265587,"bb_pct_b":0.8252088752843473,"atr":5.759318744462789,"atr_pct":2.1034766257249227,"rs_vs_bench":-7.093413051565878},"NVDA":{"current":201.74000549316406,"sma_20":196.27950057983398,"sma_50":186.9837924194336,"sma_200":183.71664253234863,"rsi":56.30238277589749,"avg_vol_20":144393335.75,"current_vol":"153663515","vol_ratio":1.0642008801988634,"high_52w":216.61000061035156,"low_52w":108.89433288574219,"off_high":-6.8648700776915454,"off_low":85.2621712691335,"trend_signals":["Golden Cross","Above 20d","Above 50d"],"macd":7.285126509277944,"macd_signal":6.416831192084856,"macd_histogram":0.8682953171930885,"macd_crossover":null,"bb_upper":220.00370532922162,"bb_lower":172.55529583044634,"bb_width":24.17389964749594,"bb_pct_b":0.6150829916326496,"atr":6.3095285206512415,"atr_pct":3.1275544507036503,"rs_vs_bench":-0.3531472399263649},"AMZN":{"current":263.42999267578125,"sma_20":244.3595001220703,"sma_50":223.5002001953125,"sma_200":227.14394996643065,"rsi":75.71779758480272,"avg_vol_20":47531472.15,"current_vol":"71178143","vol_ratio":1.4974950234105047,"high_52w":263.989990234375,"low_52w":184.4199981689453,"off_high":-0.21212833035698597,"off_low":42.84242234643971,"trend_signals":["Death Cross","Above 20d","Above 50d"],"macd":12.24450691087273,"macd_signal":11.074835018627008,"macd_histogram":1.1696718922457219,"macd_crossover":null,"bb_upper":279.4097016165157,"bb_lower":209.3092986276249,"bb_width":28.68740644577844,"bb_pct_b":0.7720454054555601,"atr":7.24090839825067,"atr_pct":2.7487031088227227,"rs_vs_bench":11.500424182372846},"GOOG":{"current":378.9700012207031,"sma_20":330.26399688720704,"sma_50":312.51671142578124,"sma_200":280.0150456237793,"rsi":81.88358376774504,"avg_vol_20":16512785.5,"current_vol":"32399010","vol_ratio":1.9620560080550915,"high_52w":378.9700012207031,"low_52w":152.27359008789062,"off_high":0.0,"off_low":148.87441151283414,"trend_signals":["Golden Cross","Above 20d","Above 50d"],"macd":13.9758830366967,"macd_signal":10.248906814676157,"macd_histogram":3.726976222020543,"macd_crossover":null,"bb_upper":369.97472082479976,"bb_lower":290.5532729496143,"bb_width":24.047867349679578,"bb_pct_b":1.1132600907759813,"atr":9.822952703637075,"atr_pct":2.5920132654290016,"rs_vs_bench":14.620030010563156}}