{"GOOG":{"current":341.7200012207031,"sma_20":315.55199737548827,"sma_50":308.4845037841797,"sma_200":276.521989440918,"rsi":69.37749156754397,"avg_vol_20":16822482.2,"current_vol":"10226544","vol_ratio":0.60790933694672,"high_52w":344.6571960449219,"low_52w":152.27359008789062,"off_high":-0.8522076016181372,"off_low":124.41186355655378,"trend_signals":["Golden Cross","Above 20d","Above 50d"],"macd":10.133662337913051,"macd_signal":7.4452980123664965,"macd_histogram":2.688364325546555,"macd_crossover":null,"bb_upper":360.14294622770524,"bb_lower":270.9610485232713,"bb_width":28.262187673086643,"bb_pct_b":0.7934228191907362,"atr":7.628405541170029,"atr_pct":2.2323555875920618,"rs_vs_bench":6.9552075508450635},"NVDA":{"current":208.6300048828125,"sma_20":188.40100021362304,"sma_50":185.02878845214843,"sma_200":182.83299125671385,"rsi":71.72691432358513,"avg_vol_20":148169729.75,"current_vol":"156980295","vol_ratio":1.0594626531671865,"high_52w":208.6300048828125,"low_52w":106.40492248535156,"off_high":0.0,"off_low":96.07176060067518,"trend_signals":["Golden Cross","Above 20d","Above 50d"],"macd":6.537098169130161,"macd_signal":4.583725276695879,"macd_histogram":1.953372892434282,"macd_crossover":null,"bb_upper":214.51508701503028,"bb_lower":162.2869134122158,"bb_width":27.72181333623192,"bb_pct_b":0.8873197792254286,"atr":5.449858475618664,"atr_pct":2.612212216876403,"rs_vs_bench":6.670900747601127},"MSFT":{"current":421.9700012207031,"sma_20":391.8395004272461,"sma_50":393.9311444091797,"sma_200":468.6418090820313,"rsi":62.44866569594511,"avg_vol_20":33092371.1,"current_vol":"15520822","vol_ratio":0.4690151078355337,"high_52w":539.8251953125,"low_52w":356.7699890136719,"off_high":-21.832103265126694,"off_low":18.275083166968034,"trend_signals":["Death Cross","Above 20d","Above 50d"],"macd":9.640706955754695,"macd_signal":4.6020682726807065,"macd_histogram":5.038638683073988,"macd_crossover":null,"bb_upper":443.2653170539723,"bb_lower":340.4136838005199,"bb_width":26.248408631928914,"bb_pct_b":0.7929511164806481,"atr":10.28588903611283,"atr_pct":2.437587744711027,"rs_vs_bench":0.40563078546544773},"AMZN":{"current":263.3301086425781,"sma_20":232.918505859375,"sma_50":218.62780212402345,"sma_200":226.40080055236817,"rsi":80.11781331635663,"avg_vol_20":45618941.25,"current_vol":"37383125","vol_ratio":0.8194649848433297,"high_52w":263.3301086425781,"low_52w":184.4199981689453,"off_high":0.0,"off_low":42.78826117401002,"trend_signals":["Death Cross","Above 20d","Above 50d"],"macd":11.975475190250705,"macd_signal":9.363067242842373,"macd_histogram":2.6124079474083324,"macd_crossover":null,"bb_upper":274.76656801739995,"bb_lower":191.07044370135003,"bb_width":35.9336515607659,"bb_pct_b":0.8633573601134035,"atr":6.606867571339119,"atr_pct":2.50896777637635,"rs_vs_bench":14.231537625651459},"AAPL":{"current":270.0,"sma_20":261.345499420166,"sma_50":260.12419982910154,"sma_200":253.33751861572264,"rsi":58.361595388134354,"avg_vol_20":41102014.85,"current_vol":"19210097","vol_ratio":0.4673760415421581,"high_52w":285.9224548339844,"low_52w":194.67758178710938,"off_high":-5.568801807899089,"off_low":38.69085362651557,"trend_signals":["Golden Cross","Above 20d","Above 50d"],"macd":3.9348691416009274,"macd_signal":2.4740665881746744,"macd_histogram":1.460802553426253,"macd_crossover":null,"bb_upper":277.3012206231945,"bb_lower":245.3897782171375,"bb_width":12.21044268099406,"bb_pct_b":0.7712036789095845,"atr":5.881179439281974,"atr_pct":2.178214607141472,"rs_vs_bench":-9.348553391066506}}