{"GOOG":{"current":336.3599853515625,"sma_20":310.0264953613281,"sma_50":307.4580334472656,"sma_200":274.8779242706299,"rsi":66.63661427205787,"avg_vol_20":17907719.4,"current_vol":"6694188","vol_ratio":0.37381577466531,"high_52w":344.6571960449219,"low_52w":152.27359008789062,"off_high":-2.4073806636197244,"off_low":120.89187308017053,"trend_signals":["Golden Cross","Above 20d","Above 50d"],"macd":9.325970521159604,"macd_signal":6.016816338595186,"macd_histogram":3.309154182564418,"macd_crossover":null,"bb_upper":354.70910857437525,"bb_lower":265.34388214828095,"bb_width":28.825028751797927,"bb_pct_b":0.7946726712768124,"atr":7.5614353386756665,"atr_pct":2.2480186906811985,"rs_vs_bench":5.04157534119949},"AMZN":{"current":253.91000366210938,"sma_20":227.88800048828125,"sma_50":216.4514001464844,"sma_200":226.0109999847412,"rsi":76.13625283931523,"avg_vol_20":45205796.4,"current_vol":"21091428","vol_ratio":0.4665646815150457,"high_52w":254.0,"low_52w":173.17999267578125,"off_high":-0.035431629090797244,"off_low":46.61624575620969,"trend_signals":["Death Cross","Above 20d","Above 50d"],"macd":10.880684592925633,"macd_signal":8.052270508176292,"macd_histogram":2.8284140847493404,"macd_crossover":null,"bb_upper":267.4308111643473,"bb_lower":188.3451898122152,"bb_width":34.7037234003898,"bb_pct_b":0.8290358314056111,"atr":6.386646306385076,"atr_pct":2.5153188981416044,"rs_vs_bench":8.8240844157087},"NVDA":{"current":201.7100067138672,"sma_20":185.44400024414062,"sma_50":184.41897857666015,"sma_200":182.4018226623535,"rsi":69.17891372991028,"avg_vol_20":150251132.1,"current_vol":"70678142","vol_ratio":0.47040006296232095,"high_52w":207.01727294921875,"low_52w":98.86669921875,"off_high":-2.5636828075952063,"off_low":104.02219180754548,"trend_signals":["Golden Cross","Above 20d","Above 50d"],"macd":5.873936749543162,"macd_signal":3.629347109742341,"macd_histogram":2.244589639800821,"macd_crossover":null,"bb_upper":210.1365609930481,"bb_lower":160.75143949523314,"bb_width":26.630746442483172,"bb_pct_b":0.8293705872617171,"atr":4.851411153363783,"atr_pct":2.405141535811697,"rs_vs_bench":1.7801312670952214},"MSFT":{"current":430.70001220703125,"sma_20":386.69300079345703,"sma_50":393.4479040527344,"sma_200":469.4138774108887,"rsi":72.3575667065169,"avg_vol_20":33212171.95,"current_vol":"17484839","vol_ratio":0.5264587641640222,"high_52w":539.8251953125,"low_52w":356.7699890136719,"off_high":-20.21491105880991,"off_low":20.722040942330015,"trend_signals":["Death Cross","Above 20d","Above 50d"],"macd":8.974054658814907,"macd_signal":1.8410269466593412,"macd_histogram":7.133027712155566,"macd_crossover":null,"bb_upper":435.84799061644566,"bb_lower":337.5380109704684,"bb_width":25.423263271963698,"bb_pct_b":0.9476352408173339,"atr":9.714600400980963,"atr_pct":2.255537526270442,"rs_vs_bench":4.970288923604095},"AAPL":{"current":272.76141357421875,"sma_20":259.42906951904297,"sma_50":260.23102783203126,"sma_200":252.71768669128417,"rsi":62.43765128335781,"avg_vol_20":41134735.65,"current_vol":"26181913","vol_ratio":0.6364915827531276,"high_52w":285.9224548339844,"low_52w":194.67758178710938,"off_high":-4.603010724501279,"off_low":40.109308462901666,"trend_signals":["Golden Cross","Above 20d","Above 50d"],"macd":3.461459679224504,"macd_signal":1.6496423562468618,"macd_histogram":1.811817322977642,"macd_crossover":null,"bb_upper":274.31829824659826,"bb_lower":244.5398407914877,"bb_width":11.478458258481599,"bb_pct_b":0.9477177528511531,"atr":6.190717458831603,"atr_pct":2.2696456136186947,"rs_vs_bench":-3.135830238318137}}