{"AMZN":{"current":253.6999969482422,"sma_20":227.87750015258788,"sma_50":216.44720001220702,"sma_200":226.00994995117188,"rsi":76.03343574270161,"avg_vol_20":45083198.05,"current_vol":"18639461","vol_ratio":0.41344584692788894,"high_52w":254.0,"low_52w":173.17999267578125,"off_high":-0.11811143769992617,"off_low":46.49498075866442,"trend_signals":["Death Cross","Above 20d","Above 50d"],"macd":10.863931920594354,"macd_signal":8.048919973710037,"macd_histogram":2.815011946884317,"macd_crossover":null,"bb_upper":267.3913171063268,"bb_lower":188.36368319884895,"bb_width":34.67987574664484,"bb_pct_b":0.8267527511438107,"atr":6.346339125162978,"atr_pct":2.5015132839980705,"rs_vs_bench":8.580291022305666},"NVDA":{"current":202.33779907226562,"sma_20":185.47538986206055,"sma_50":184.4315344238281,"sma_200":182.4049617767334,"rsi":69.68302663101804,"avg_vol_20":149933483.1,"current_vol":"64325162","vol_ratio":0.4290246626038664,"high_52w":207.01727294921875,"low_52w":98.86669921875,"off_high":-2.2604267799919273,"off_low":104.65718049773062,"trend_signals":["Golden Cross","Above 20d","Above 50d"],"macd":5.924017051632859,"macd_signal":3.639363170154254,"macd_histogram":2.284653881478605,"macd_crossover":null,"bb_upper":210.25645185373605,"bb_lower":160.69432787038505,"bb_width":26.721671279521626,"bb_pct_b":0.8402277355157242,"atr":4.840874959521108,"atr_pct":2.392471886971635,"rs_vs_bench":1.986883447389399},"AAPL":{"current":273.4700012207031,"sma_20":259.46449890136716,"sma_50":260.2451995849609,"sma_200":252.72123001098632,"rsi":62.96333265897218,"avg_vol_20":41038127.65,"current_vol":"24249753","vol_ratio":0.5909078797848127,"high_52w":285.9224548339844,"low_52w":194.67758178710938,"off_high":-4.355185611606315,"off_low":40.47328855756878,"trend_signals":["Golden Cross","Above 20d","Above 50d"],"macd":3.5179851894812373,"macd_signal":1.660947458292937,"macd_histogram":1.8570377311883002,"macd_crossover":null,"bb_upper":274.4900535383275,"bb_lower":244.43894426440684,"bb_width":11.58197341106935,"bb_pct_b":0.9660560843752405,"atr":6.189089128055498,"atr_pct":2.26316930574795,"rs_vs_bench":-2.9999327007379275},"GOOG":{"current":335.7200012207031,"sma_20":309.99449615478517,"sma_50":307.44523376464844,"sma_200":274.8747240447998,"rsi":66.31479722906548,"avg_vol_20":17885117.5,"current_vol":"6242150","vol_ratio":0.3490136422083892,"high_52w":344.6571960449219,"low_52w":152.27359008789062,"off_high":-2.593067815434179,"off_low":120.47158737567642,"trend_signals":["Golden Cross","Above 20d","Above 50d"],"macd":9.274917655027139,"macd_signal":6.006605764108504,"macd_histogram":3.2683118909186346,"macd_crossover":null,"bb_upper":354.59855239266534,"bb_lower":265.390439916905,"bb_width":28.77732139838293,"bb_pct_b":0.7883762961906419,"atr":7.559113823061815,"atr_pct":2.2516125925105177,"rs_vs_bench":4.675980777892997},"MSFT":{"current":431.69000244140625,"sma_20":386.7425003051758,"sma_50":393.4677038574219,"sma_200":469.41882736206054,"rsi":72.69221968654682,"avg_vol_20":33144511.3,"current_vol":"16131626","vol_ratio":0.48670580338289676,"high_52w":539.8251953125,"low_52w":356.7699890136719,"off_high":-20.031520168023143,"off_low":20.99952791288825,"trend_signals":["Death Cross","Above 20d","Above 50d"],"macd":9.05302823876508,"macd_signal":1.8568216626494318,"macd_histogram":7.196206576115648,"macd_crossover":null,"bb_upper":436.08571498526175,"bb_lower":337.3992856250898,"bb_width":25.517347920722226,"bb_pct_b":0.9554577810510031,"atr":9.71460040098098,"atr_pct":2.2503649253029794,"rs_vs_bench":5.092505945339365}}