{"GOOG":{"current":383.2200012207031,"sma_20":334.8504974365234,"sma_50":314.1735858154297,"sma_200":281.0292106628418,"rsi":82.76614751974545,"avg_vol_20":17818160.45,"current_vol":"26997809","vol_ratio":1.5151849752256552,"high_52w":383.2200012207031,"low_52w":152.27359008789062,"off_high":0.0,"off_low":151.66544047428894,"trend_signals":["Golden Cross","Above 20d","Above 50d"],"macd":16.30898409920951,"macd_signal":11.498829955524403,"macd_histogram":4.810154143685107,"macd_crossover":null,"bb_upper":378.1129744696276,"bb_lower":291.58802040341925,"bb_width":25.839876221958015,"bb_pct_b":1.0590237441463148,"atr":9.72187610864508,"atr_pct":2.5368916230043226,"rs_vs_bench":14.185156439930278},"MSFT":{"current":414.19500732421875,"sma_20":405.5607513427734,"sma_50":396.1054998779297,"sma_200":466.6340341186523,"rsi":54.37958065596276,"avg_vol_20":34672381.5,"current_vol":"30444830","vol_ratio":0.878071499069079,"high_52w":539.8251953125,"low_52w":356.7699890136719,"off_high":-23.272383186108062,"off_low":16.095809647359737,"trend_signals":["Death Cross","Above 20d","Above 50d"],"macd":8.469375509107977,"macd_signal":8.01931245609276,"macd_histogram":0.4500630530152172,"macd_crossover":null,"bb_upper":450.62262259344794,"bb_lower":360.4988800920989,"bb_width":22.2220079736409,"bb_pct_b":0.5958044544290434,"atr":11.207431838293761,"atr_pct":2.705834604500903,"rs_vs_bench":-3.4790745650082666},"NVDA":{"current":198.4499969482422,"sma_20":197.2240005493164,"sma_50":187.15159576416016,"sma_200":183.84133514404297,"rsi":52.98323581799073,"avg_vol_20":147058624.05,"current_vol":"122898981","vol_ratio":0.8357142044128897,"high_52w":216.61000061035156,"low_52w":113.51325988769531,"off_high":-8.383732796703352,"off_low":74.82538792787669,"trend_signals":["Golden Cross","Above 20d","Above 50d"],"macd":6.243172908537446,"macd_signal":6.354402664758672,"macd_histogram":-0.11122975622122677,"macd_crossover":"bearish","bb_upper":219.15473600321474,"bb_lower":175.29326509541806,"bb_width":22.23941852189992,"bb_pct_b":0.5279515568801377,"atr":6.278848235516674,"atr_pct":3.1639447377538947,"rs_vs_bench":-2.8443446222368607},"AMZN":{"current":268.4200134277344,"sma_20":247.3735008239746,"sma_50":224.8040005493164,"sma_200":227.37825004577635,"rsi":78.19774241881869,"avg_vol_20":50003609.3,"current_vol":"48967586","vol_ratio":0.979281029619596,"high_52w":268.4200134277344,"low_52w":185.00999450683594,"off_high":0.0,"off_low":45.084061076395805,"trend_signals":["Death Cross","Above 20d","Above 50d"],"macd":12.56675991029644,"macd_signal":11.394024591085309,"macd_histogram":1.1727353192111316,"macd_crossover":null,"bb_upper":280.14406511400875,"bb_lower":214.6029365339405,"bb_width":26.494805774166508,"bb_pct_b":0.8211191668457204,"atr":7.47663594991614,"atr_pct":2.785424176997534,"rs_vs_bench":11.584108931213468},"AAPL":{"current":280.25,"sma_20":266.3644989013672,"sma_50":261.2207995605469,"sma_200":254.90191833496092,"rsi":66.51431331127407,"avg_vol_20":45610172.0,"current_vol":"76013740","vol_ratio":1.6665962145461761,"high_52w":285.9224548339844,"low_52w":194.67758178710938,"off_high":-1.9839137283841461,"off_low":43.9559693660407,"trend_signals":["Golden Cross","Above 20d","Above 50d"],"macd":4.370027113602191,"macd_signal":3.456594843265725,"macd_histogram":0.9134322703364659,"macd_crossover":null,"bb_upper":280.08424171933996,"bb_lower":252.64475608339447,"bb_width":10.30148002046854,"bb_pct_b":1.0060408669046952,"atr":6.6001818554509315,"atr_pct":2.3551050331671477,"rs_vs_bench":-6.295887228901931}}