{"AMZN":{"current":213.77000427246094,"sma_20":209.3604995727539,"sma_50":214.05920013427735,"sma_200":224.5457000732422,"rsi":53.764621966683094,"avg_vol_20":41424530.0,"current_vol":"27028700","vol_ratio":0.6524805471540654,"high_52w":254.0,"low_52w":167.32000732421875,"off_high":-15.83858099509412,"off_low":27.761173150223005,"trend_signals":["Death Cross","Above 20d","Below 50d"],"macd":-0.8934169705170518,"macd_signal":-1.9036877081432064,"macd_histogram":1.0102707376261546,"macd_crossover":null,"bb_upper":217.48868147487264,"bb_lower":201.23231767063515,"bb_width":7.764771213964508,"bb_pct_b":0.7712479096067987,"atr":5.761038593777431,"atr_pct":2.6949705190793227,"rs_vs_bench":2.7724073236216618},"NVDA":{"current":178.10000610351562,"sma_20":177.3859992980957,"sma_50":182.30937286376954,"sma_200":180.13106925964357,"rsi":49.93044057163473,"avg_vol_20":172147650.0,"current_vol":"126903800","vol_ratio":0.7371799731219102,"high_52w":207.01727294921875,"low_52w":96.27731323242188,"off_high":-13.968528535682392,"off_low":84.98647305784966,"trend_signals":["Golden Cross","Above 20d","Below 50d"],"macd":-2.09769578977955,"macd_signal":-2.6904460033282493,"macd_histogram":0.5927502135486993,"macd_crossover":null,"bb_upper":188.2780114744171,"bb_lower":166.4939871217743,"bb_width":12.28057706856274,"bb_pct_b":0.5327766253774548,"atr":5.3472160685257695,"atr_pct":3.0023671450173057,"rs_vs_bench":-0.5709926105255003},"GOOG":{"current":303.92999267578125,"sma_20":296.39649963378906,"sma_50":308.89302490234377,"sma_200":266.4181247711182,"rsi":54.80522849858646,"avg_vol_20":19982630.0,"current_vol":"16885700","vol_ratio":0.8450188989137065,"high_52w":344.6571960449219,"low_52w":146.0750274658203,"off_high":-11.816727994221925,"off_low":108.06430636947645,"trend_signals":["Golden Cross","Above 20d","Below 50d"],"macd":-4.021390665497904,"macd_signal":-5.779222425627596,"macd_histogram":1.757831760129692,"macd_crossover":null,"bb_upper":318.453453491835,"bb_lower":274.33954577574315,"bb_width":14.88341048919151,"bb_pct_b":0.6707736501258565,"atr":7.934451076568484,"atr_pct":2.6106179935432032,"rs_vs_bench":2.0562639326622945},"MSFT":{"current":372.2900085449219,"sma_20":381.8369995117188,"sma_50":399.84160766601565,"sma_200":474.22411697387696,"rsi":38.804002530626015,"avg_vol_20":31298650.0,"current_vol":"20760900","vol_ratio":0.6633161494185852,"high_52w":539.8251953125,"low_52w":351.8662109375,"off_high":-31.035081026663363,"off_low":5.804421388744723,"trend_signals":["Death Cross","Below 20d","Below 50d"],"macd":-10.096102650165903,"macd_signal":-10.794697290140919,"macd_histogram":0.6985946399750151,"macd_crossover":null,"bb_upper":413.01410369806644,"bb_lower":350.6598953253711,"bb_width":16.330059279858144,"bb_pct_b":0.34689099234916293,"atr":8.426799966410561,"atr_pct":2.263504196458647,"rs_vs_bench":-5.2150330386703585},"AAPL":{"current":253.5,"sma_20":253.1614990234375,"sma_50":260.632705078125,"sma_200":249.4106174468994,"rsi":46.899594575115096,"avg_vol_20":40644735.0,"current_vol":"61377300","vol_ratio":1.5100922665629386,"high_52w":285.9224548339844,"low_52w":171.67178344726562,"off_high":-11.33959725297192,"off_low":47.665501522485485,"trend_signals":["Golden Cross","Above 20d","Below 50d"],"macd":-1.6645120142576104,"macd_signal":-2.6481616170752087,"macd_histogram":0.9836496028175983,"macd_crossover":null,"bb_upper":261.15077350598744,"bb_lower":245.17222454088753,"bb_width":6.311603078168153,"bb_pct_b":0.5211847131614931,"atr":6.185416036117388,"atr_pct":2.4400063258845712,"rs_vs_bench":0.22343096527817075}}