{"GOOG":{"current":330.5799865722656,"sma_20":300.00549774169923,"sma_50":307.2079064941406,"sma_200":270.1737461853027,"rsi":70.19464025110227,"avg_vol_20":20158275.85,"current_vol":"18429017","vol_ratio":0.9142159347918636,"high_52w":344.6571960449219,"low_52w":149.3437042236328,"off_high":-4.084408982083594,"off_low":121.35515406611508,"trend_signals":["Golden Cross","Above 20d","Above 50d"],"macd":4.03998493786321,"macd_signal":-0.8318558548355752,"macd_histogram":4.8718407926987854,"macd_crossover":null,"bb_upper":330.63486354428386,"bb_lower":269.3761319391146,"bb_width":20.41920300337703,"bb_pct_b":0.9991041771420941,"atr":8.255779122541524,"atr_pct":2.4973620478796863,"rs_vs_bench":2.518800162998591},"AMZN":{"current":249.02000427246094,"sma_20":215.67399978637695,"sma_50":213.5602005004883,"sma_200":225.1564500427246,"rsi":76.33136168089538,"avg_vol_20":46183662.65,"current_vol":"70019853","vol_ratio":1.5161173666679726,"high_52w":254.0,"low_52w":167.32000732421875,"off_high":-1.9606282391886072,"off_low":48.828587958360984,"trend_signals":["Death Cross","Above 20d","Above 50d"],"macd":6.8697990354248475,"macd_signal":2.2254058285586313,"macd_histogram":4.644393206866216,"macd_crossover":null,"bb_upper":243.01568566751163,"bb_lower":188.33231390524227,"bb_width":25.354642570005065,"bb_pct_b":1.1098015431647577,"atr":6.927029071394877,"atr_pct":2.7817159073757733,"rs_vs_bench":11.392368544306784},"NVDA":{"current":196.50999450683594,"sma_20":178.53799896240236,"sma_50":182.116201171875,"sma_200":181.10763854980468,"rsi":68.06751068257472,"avg_vol_20":165376780.95,"current_vol":"159140019","vol_ratio":0.962287559872836,"high_52w":207.01727294921875,"low_52w":96.88717651367188,"off_high":-5.07555639811768,"off_low":102.82353308036194,"trend_signals":["Golden Cross","Above 20d","Above 50d"],"macd":2.0586008830123887,"macd_signal":-0.5090931630754258,"macd_histogram":2.567694046087815,"macd_crossover":null,"bb_upper":193.27406376638663,"bb_lower":163.80193415841808,"bb_width":16.5074828771745,"bb_pct_b":1.109796298519751,"atr":5.418979942293421,"atr_pct":2.757610347449739,"rs_vs_bench":3.6908242103134805},"AAPL":{"current":258.8299865722656,"sma_20":254.03949966430665,"sma_50":260.8571844482422,"sma_200":250.8885683441162,"rsi":53.06735685174981,"avg_vol_20":41155822.3,"current_vol":"39378346","vol_ratio":0.9568110609710744,"high_52w":285.9224548339844,"low_52w":192.32177734375,"off_high":-9.475460147909507,"off_low":34.5817359568391,"trend_signals":["Golden Cross","Above 20d","Below 50d"],"macd":0.2371543585740028,"macd_signal":-0.9831407910184565,"macd_histogram":1.2202951495924594,"macd_crossover":null,"bb_upper":262.78305125920235,"bb_lower":245.2959480694109,"bb_width":6.883615820728384,"bb_pct_b":0.7739439949525526,"atr":5.678054799967645,"atr_pct":2.1937391703191724,"rs_vs_bench":-2.513866833297951},"MSFT":{"current":393.1099853515625,"sma_20":376.22449798583983,"sma_50":391.9355914306641,"sma_200":471.5572721862793,"rsi":57.79782367343312,"avg_vol_20":32597405.5,"current_vol":"36999810","vol_ratio":1.135053831201382,"high_52w":539.8252563476562,"low_52w":356.3916320800781,"off_high":-27.17828950589276,"off_low":10.30281015779688,"trend_signals":["Death Cross","Above 20d","Above 50d"],"macd":-4.890133160541154,"macd_signal":-8.328859274719331,"macd_histogram":3.438726114178177,"macd_crossover":null,"bb_upper":398.4846904751324,"bb_lower":353.96430549654724,"bb_width":11.833462524883434,"bb_pct_b":0.8792754122374454,"atr":8.944915330138391,"atr_pct":2.2754230783883185,"rs_vs_bench":-5.900579591511423}}