{"GOOG":{"current":337.75,"sma_20":312.50299682617185,"sma_50":307.87231994628905,"sma_200":275.69969230651856,"rsi":67.31556945554745,"avg_vol_20":17768329.85,"current_vol":"13253297","vol_ratio":0.745894358776776,"high_52w":344.6571960449219,"low_52w":152.27359008789062,"off_high":-2.004077130605335,"off_low":121.80471334855537,"trend_signals":["Golden Cross","Above 20d","Above 50d"],"macd":9.711337659311937,"macd_signal":6.773206931003895,"macd_histogram":2.9381307283080416,"macd_crossover":null,"bb_upper":357.89221128064764,"bb_lower":267.11378237169606,"bb_width":29.048818677232273,"bb_pct_b":0.7781167671358384,"atr":7.472951395809617,"atr_pct":2.2125688810687243,"rs_vs_bench":6.777708478438239},"AMZN":{"current":255.0800018310547,"sma_20":230.12900009155274,"sma_50":217.44279998779297,"sma_200":226.19684997558593,"rsi":76.36590875920977,"avg_vol_20":45691144.85,"current_vol":"31032997","vol_ratio":0.679190620017918,"high_52w":255.36000061035156,"low_52w":184.4199981689453,"off_high":-0.1096486445127008,"off_low":38.31471877435898,"trend_signals":["Death Cross","Above 20d","Above 50d"],"macd":11.248209161494088,"macd_signal":8.70996525599029,"macd_histogram":2.5382439055037977,"macd_crossover":null,"bb_upper":270.86450877953627,"bb_lower":189.39349140356921,"bb_width":35.40232536688347,"bb_pct_b":0.8062561699010057,"atr":6.4266268500388835,"atr_pct":2.5194553880767905,"rs_vs_bench":9.377091163344112},"NVDA":{"current":199.63999938964844,"sma_20":186.53150024414063,"sma_50":184.65698272705077,"sma_200":182.60410568237305,"rsi":64.6450315974023,"avg_vol_20":149428206.4,"current_vol":"108937228","vol_ratio":0.7290272072756405,"high_52w":207.01727294921875,"low_52w":106.40492248535156,"off_high":-3.563602908333139,"off_low":87.6228981954592,"trend_signals":["Golden Cross","Above 20d","Above 50d"],"macd":5.909106491807961,"macd_signal":4.095382053596058,"macd_histogram":1.8137244382119029,"macd_crossover":null,"bb_upper":211.890513059731,"bb_lower":161.17248742855026,"bb_width":27.19005935447834,"bb_pct_b":0.7584583879670758,"atr":4.998964105240428,"atr_pct":2.5039892408953945,"rs_vs_bench":3.0555645999067025},"MSFT":{"current":415.75,"sma_20":389.0395004272461,"sma_50":393.56072692871095,"sma_200":469.03496841430666,"rsi":59.77969587305168,"avg_vol_20":33896711.1,"current_vol":"32922222","vol_ratio":0.9712512197090413,"high_52w":539.8251953125,"low_52w":356.7699890136719,"off_high":-22.984328332558462,"off_low":16.531662640510923,"trend_signals":["Death Cross","Above 20d","Above 50d"],"macd":9.20626044371869,"macd_signal":3.34240860191729,"macd_histogram":5.8638518418014005,"macd_crossover":null,"bb_upper":439.6494710193378,"bb_lower":338.42952983515437,"bb_width":26.01790848307767,"bb_pct_b":0.7638857448469619,"atr":10.590950320606716,"atr_pct":2.547432428287845,"rs_vs_bench":0.07286608081300727},"AAPL":{"current":273.42999267578125,"sma_20":260.48999938964846,"sma_50":260.23419982910156,"sma_200":253.04001579284667,"rsi":62.948689602639455,"avg_vol_20":41807982.3,"current_vol":"24818646","vol_ratio":0.5936341491418973,"high_52w":285.9224548339844,"low_52w":194.67758178710938,"off_high":-4.369178407291111,"off_low":40.45273737517038,"trend_signals":["Golden Cross","Above 20d","Above 50d"],"macd":3.9196846494570536,"macd_signal":2.1088659498181914,"macd_histogram":1.8108186996388622,"macd_crossover":null,"bb_upper":276.32624316412415,"bb_lower":244.6537556151728,"bb_width":12.158811326025123,"bb_pct_b":0.9085562672061483,"atr":6.042808720819307,"atr_pct":2.2100021514408437,"rs_vs_bench":-5.407235580172021}}