{"GOOG":{"current":348.5199890136719,"sma_20":319.3199966430664,"sma_50":309.28385986328124,"sma_200":277.3760969543457,"rsi":72.55148823437497,"avg_vol_20":16808021.6,"current_vol":"17346132","vol_ratio":1.032015094507018,"high_52w":348.5199890136719,"low_52w":152.27357482910156,"off_high":0.0,"off_low":128.87752481336307,"trend_signals":["Golden Cross","Above 20d","Above 50d"],"macd":10.928463952635923,"macd_signal":8.149589395005615,"macd_histogram":2.778874557630308,"macd_crossover":null,"bb_upper":361.7037055884747,"bb_lower":276.93628769765814,"bb_width":26.546229106211893,"bb_pct_b":0.8444718866890116,"atr":7.803520657688441,"atr_pct":2.2390453643054378,"rs_vs_bench":8.619635668651181},"NVDA":{"current":216.61000061035156,"sma_20":190.8375,"sma_50":185.6151907348633,"sma_200":183.09387733459474,"rsi":76.28291845450684,"avg_vol_20":150198295.6,"current_vol":"179362012","vol_ratio":1.1941680914786625,"high_52w":216.61000061035156,"low_52w":108.70439147949219,"off_high":0.0,"off_low":99.26517932002452,"trend_signals":["Golden Cross","Above 20d","Above 50d"],"macd":7.56902585827288,"macd_signal":5.1761905033865245,"macd_histogram":2.3928353548863557,"macd_crossover":null,"bb_upper":217.8494156750881,"bb_lower":163.82558432491192,"bb_width":28.308813178843874,"bb_pct_b":0.9770579939674624,"atr":5.73486876442409,"atr_pct":2.6475549366440596,"rs_vs_bench":12.165749503076292},"MSFT":{"current":424.82000732421875,"sma_20":395.37450103759767,"sma_50":394.46204650878906,"sma_200":468.286240234375,"rsi":63.56254931048798,"avg_vol_20":33335050.6,"current_vol":"30687112","vol_ratio":0.9205659342841975,"high_52w":539.8251953125,"low_52w":356.7699890136719,"off_high":-21.30415345317585,"off_low":19.07391888501561,"trend_signals":["Death Cross","Above 20d","Above 50d"],"macd":10.261784779178527,"macd_signal":5.7678348397814005,"macd_histogram":4.493949939397126,"macd_crossover":null,"bb_upper":446.3369264050648,"bb_lower":344.41207567013055,"bb_width":25.779318207787462,"bb_pct_b":0.7888942792096607,"atr":10.457195330683021,"atr_pct":2.4615590486307264,"rs_vs_bench":-0.6304694370523833},"AAPL":{"current":267.6099853515625,"sma_20":262.33899841308596,"sma_50":260.26299926757815,"sma_200":253.62204025268554,"rsi":55.244997865794126,"avg_vol_20":41719113.3,"current_vol":"41213866","vol_ratio":0.9878893087595897,"high_52w":285.9224548339844,"low_52w":194.67758178710938,"off_high":-6.4046979077088135,"off_low":37.46317521254641,"trend_signals":["Golden Cross","Above 20d","Above 50d"],"macd":3.7765532471479446,"macd_signal":2.748093224754446,"macd_histogram":1.0284600223934985,"macd_crossover":null,"bb_upper":277.4933865525562,"bb_lower":247.18461027361568,"bb_width":11.553286572824197,"bb_pct_b":0.6739095927188257,"atr":5.888951624942246,"atr_pct":2.200572455174219,"rs_vs_bench":-10.471260655590367},"AMZN":{"current":261.1199951171875,"sma_20":236.04049987792968,"sma_50":219.8713995361328,"sma_200":226.5983999633789,"rsi":75.90916873097174,"avg_vol_20":45875303.9,"current_vol":"44685378","vol_ratio":0.974061732591596,"high_52w":263.989990234375,"low_52w":184.4199981689453,"off_high":-1.0871605831113018,"off_low":41.58984801527765,"trend_signals":["Death Cross","Above 20d","Above 50d"],"macd":12.273134880982155,"macd_signal":9.953503185714908,"macd_histogram":2.3196316952672476,"macd_crossover":null,"bb_upper":276.64625206150953,"bb_lower":195.43474769434982,"bb_width":34.40575003406573,"bb_pct_b":0.8088170257981265,"atr":6.4382646831988195,"atr_pct":2.4656344989242984,"rs_vs_bench":10.964848899005862}}