{"AMZN":{"current":238.27999877929688,"sma_20":212.19399948120116,"sma_50":213.40060028076172,"sma_200":224.85694999694823,"rsi":71.40839440618424,"avg_vol_20":43872995.35,"current_vol":"45014107","vol_ratio":1.026009431106691,"high_52w":254.0,"low_52w":167.32000732421875,"off_high":-6.188976858544538,"off_low":42.40974680187396,"trend_signals":["Death Cross","Above 20d","Above 50d"],"macd":3.6135080414228185,"macd_signal":0.0620814975700682,"macd_histogram":3.55142654385275,"macd_crossover":null,"bb_upper":231.0305662092431,"bb_lower":193.35743275315923,"bb_width":17.754099337489244,"bb_pct_b":1.1924297743511183,"atr":6.688685224235086,"atr_pct":2.807069522620896,"rs_vs_bench":11.765276495138988},"AAPL":{"current":259.4649963378906,"sma_20":253.23424911499023,"sma_50":260.82180358886717,"sma_200":250.30003684997558,"rsi":54.16888745321805,"avg_vol_20":40174163.75,"current_vol":"18267175","vol_ratio":0.4546995704422099,"high_52w":285.9224548339844,"low_52w":189.59365844726562,"off_high":-9.253368544088566,"off_low":36.85320409071557,"trend_signals":["Golden Cross","Above 20d","Below 50d"],"macd":-0.2424462589038967,"macd_signal":-1.6462353691336409,"macd_histogram":1.4037891102297442,"macd_crossover":null,"bb_upper":261.2525614575177,"bb_lower":245.2159367724628,"bb_width":6.332723453126936,"bb_pct_b":0.8885323342827273,"atr":5.898476348596491,"atr_pct":2.273322579865512,"rs_vs_bench":0.7617519486055713},"GOOG":{"current":315.5799865722656,"sma_20":297.8029983520508,"sma_50":307.74357238769534,"sma_200":268.6498098754883,"rsi":61.95147258222696,"avg_vol_20":20009108.9,"current_vol":"7976578","vol_ratio":0.39864733806311586,"high_52w":344.6571960449219,"low_52w":149.3437042236328,"off_high":-8.436559516623698,"off_low":111.3112087401451,"trend_signals":["Golden Cross","Above 20d","Above 50d"],"macd":0.8873016482497178,"macd_signal":-3.1058038770902434,"macd_histogram":3.993105525339961,"macd_crossover":null,"bb_upper":323.23750165245866,"bb_lower":272.3684950516429,"bb_width":17.08142862305249,"bb_pct_b":0.8494659992029363,"atr":8.18717545685809,"atr_pct":2.5943265749468827,"rs_vs_bench":1.7094151036330496},"MSFT":{"current":371.06500244140625,"sma_20":377.13524932861327,"sma_50":393.6263507080078,"sma_200":472.59086639404296,"rsi":38.5126669053221,"avg_vol_20":31315947.65,"current_vol":"20645853","vol_ratio":0.6592760094871343,"high_52w":539.8252563476562,"low_52w":356.3916015625,"off_high":-31.26201523953256,"off_low":4.117212867692392,"trend_signals":["Death Cross","Below 20d","Below 50d"],"macd":-8.299846440053159,"macd_signal":-9.775212588047337,"macd_histogram":1.475366147994178,"macd_crossover":null,"bb_upper":401.9290002954308,"bb_lower":352.34149836179574,"bb_width":13.148466504234785,"bb_pct_b":0.37758514443153285,"atr":8.467533378528891,"atr_pct":2.2819541920733886,"rs_vs_bench":-9.164566750630454},"NVDA":{"current":188.94000244140625,"sma_20":177.4359992980957,"sma_50":182.07838592529296,"sma_200":180.72648170471192,"rsi":61.62711757598194,"avg_vol_20":168256940.65,"current_vol":"132555113","vol_ratio":0.7878136407801136,"high_52w":207.01727294921875,"low_52w":96.88717651367188,"off_high":-8.732252265851674,"off_low":95.01032978780704,"trend_signals":["Golden Cross","Above 20d","Above 50d"],"macd":0.1535539506373027,"macd_signal":-1.6574567384315422,"macd_histogram":1.8110106890688449,"macd_crossover":null,"bb_upper":188.66902083312414,"bb_lower":166.20297776306728,"bb_width":12.661490993331908,"bb_pct_b":1.0120618307121152,"atr":5.386746441884708,"atr_pct":2.8510354463212395,"rs_vs_bench":1.8466279520449769}}