{"GOOG":{"current":347.5,"sma_20":323.03799591064455,"sma_50":310.1177685546875,"sma_200":278.2090847015381,"rsi":71.34929773509603,"avg_vol_20":16528260.0,"current_vol":"17042700","vol_ratio":1.0311248733986518,"high_52w":348.5199890136719,"low_52w":152.27357482910156,"off_high":-0.2926629880135404,"off_low":128.20768501035283,"trend_signals":["Golden Cross","Above 20d","Above 50d"],"macd":11.307764151341928,"macd_signal":8.781224347186544,"macd_histogram":2.5265398041553837,"macd_crossover":null,"bb_upper":361.2006690625014,"bb_lower":284.8753227587877,"bb_width":23.6273587843908,"bb_pct_b":0.8204964703601381,"atr":7.64821642602751,"atr_pct":2.200925590223744,"rs_vs_bench":7.214639624233435},"MSFT":{"current":429.25,"sma_20":398.8890014648438,"sma_50":395.0389245605469,"sma_200":467.93042495727536,"rsi":65.40266639164574,"avg_vol_20":32530877.05,"current_vol":"28489841","vol_ratio":0.8757784475411184,"high_52w":539.8252563476562,"low_52w":356.7699890136719,"off_high":-20.483527780042213,"off_low":20.315613201297207,"trend_signals":["Death Cross","Above 20d","Above 50d"],"macd":10.819207253316222,"macd_signal":6.778109308657143,"macd_histogram":4.041097944659079,"macd_crossover":null,"bb_upper":448.9648396423309,"bb_lower":348.81316328735664,"bb_width":25.10765550997554,"bb_pct_b":0.8031501782111536,"atr":10.284392137644986,"atr_pct":2.3958979936272535,"rs_vs_bench":2.035632037784941},"AAPL":{"current":270.7099914550781,"sma_20":263.5429977416992,"sma_50":260.56159912109376,"sma_200":253.92299377441407,"rsi":58.26272251783333,"avg_vol_20":41402082.75,"current_vol":"32820055","vol_ratio":0.7927150718039662,"high_52w":285.9224548339844,"low_52w":194.67758178710938,"off_high":-5.320485719716938,"off_low":39.05555481530193,"trend_signals":["Golden Cross","Above 20d","Above 50d"],"macd":3.7905235598717013,"macd_signal":2.9565792862515172,"macd_histogram":0.8339442736201841,"macd_crossover":null,"bb_upper":277.19408050998885,"bb_lower":249.89191497340954,"bb_width":10.359662662461783,"bb_pct_b":0.7625064192720034,"atr":5.869027640971616,"atr_pct":2.1680129386526645,"rs_vs_bench":-7.257669436748414},"NVDA":{"current":213.1699981689453,"sma_20":193.2375,"sma_50":186.22258850097657,"sma_200":183.3352643585205,"rsi":70.98935972929266,"avg_vol_20":150030037.55,"current_vol":"174097151","vol_ratio":1.1604152997827466,"high_52w":216.61000061035156,"low_52w":108.89433288574219,"off_high":-1.5881087815489605,"off_low":95.75857854110258,"trend_signals":["Golden Cross","Above 20d","Above 50d"],"macd":8.039343219926138,"macd_signal":5.748821045191591,"macd_histogram":2.290522174734547,"macd_crossover":null,"bb_upper":219.1544802874673,"bb_lower":167.32051971253273,"bb_width":26.823965625168285,"bb_pct_b":0.8845451504738786,"atr":5.926612716235891,"atr_pct":2.780228346926581,"rs_vs_bench":8.305909572295356},"AMZN":{"current":259.70001220703125,"sma_20":238.97800064086914,"sma_50":221.08959991455077,"sma_200":226.77180000305177,"rsi":73.73002273915138,"avg_vol_20":45629592.8,"current_vol":"41155956","vol_ratio":0.9019575559306767,"high_52w":263.989990234375,"low_52w":184.4199981689453,"off_high":-1.6250532921854466,"off_low":40.81987571061717,"trend_signals":["Death Cross","Above 20d","Above 50d"],"macd":12.211962005348653,"macd_signal":10.405194951248594,"macd_histogram":1.8067670541000584,"macd_crossover":null,"bb_upper":277.33307218508764,"bb_lower":200.62292909665064,"bb_width":32.09924883576012,"bb_pct_b":0.7701339188257318,"atr":6.297674427612079,"atr_pct":2.4249804126276326,"rs_vs_bench":10.769312008219714}}