{"AMZN":{"current":254.55999755859375,"sma_20":230.10299987792968,"sma_50":217.43239990234375,"sma_200":226.19424995422364,"rsi":75.53169089687177,"avg_vol_20":45297567.05,"current_vol":"23247641","vol_ratio":0.5132205218514049,"high_52w":255.36000061035156,"low_52w":180.60000610351562,"off_high":-0.3132844023518469,"off_low":40.95237483695655,"trend_signals":["Death Cross","Above 20d","Above 50d"],"macd":11.206727363423397,"macd_signal":8.701668927167413,"macd_histogram":2.5050584362559842,"macd_crossover":null,"bb_upper":270.7720636476059,"bb_lower":189.43393610825345,"bb_width":35.3485732834872,"bb_pct_b":0.8006830673454031,"atr":6.426626855298786,"atr_pct":2.524602025822823,"rs_vs_bench":9.48555093969965},"GOOG":{"current":337.6600036621094,"sma_20":312.49849700927734,"sma_50":307.8705200195312,"sma_200":275.6992426300049,"rsi":67.23112760829906,"avg_vol_20":17508745.8,"current_vol":"8087416","vol_ratio":0.4619072143933919,"high_52w":344.6571960449219,"low_52w":152.27357482910156,"off_high":-2.030188971275824,"off_low":121.74563383112876,"trend_signals":["Golden Cross","Above 20d","Above 50d"],"macd":9.704158480432113,"macd_signal":6.771771115766777,"macd_histogram":2.9323873646653364,"macd_crossover":null,"bb_upper":357.8771893554725,"bb_lower":267.11980466308216,"bb_width":29.042502783524103,"bb_pct_b":0.7772392212282614,"atr":7.472951396322445,"atr_pct":2.213158596006088,"rs_vs_bench":7.104667602824886},"MSFT":{"current":413.79998779296875,"sma_20":388.9419998168945,"sma_50":393.5217266845703,"sma_200":469.0252183532715,"rsi":58.56787093521545,"avg_vol_20":33495904.65,"current_vol":"25004493","vol_ratio":0.7464940344580304,"high_52w":539.8251953125,"low_52w":356.7699890136719,"off_high":-23.345558638954667,"off_low":15.985088582411963,"trend_signals":["Death Cross","Above 20d","Above 50d"],"macd":9.05070396665269,"macd_signal":3.3112973729174877,"macd_histogram":5.739406593735203,"macd_crossover":null,"bb_upper":439.3423844344964,"bb_lower":338.5416151992926,"bb_width":25.91665834048743,"bb_pct_b":0.7466051416539469,"atr":10.590950272313647,"atr_pct":2.559437067362235,"rs_vs_bench":-0.10095185968699383},"NVDA":{"current":198.42999267578125,"sma_20":186.47099990844725,"sma_50":184.63278259277342,"sma_200":182.5980554962158,"rsi":62.68272649861262,"avg_vol_20":147688848.85,"current_vol":"74494877","vol_ratio":0.504404209119814,"high_52w":207.01727294921875,"low_52w":102.68580627441406,"off_high":-4.148098441787491,"off_low":93.23994218393112,"trend_signals":["Golden Cross","Above 20d","Above 50d"],"macd":5.8125817549869225,"macd_signal":4.076077125649276,"macd_histogram":1.736504629337647,"macd_crossover":null,"bb_upper":211.70379368599703,"bb_lower":161.23820613089748,"bb_width":27.063504555602176,"bb_pct_b":0.7369732197069315,"atr":4.998964099969979,"atr_pct":2.5192583200554197,"rs_vs_bench":2.7079660499723666},"AAPL":{"current":272.3800048828125,"sma_20":260.4375,"sma_50":260.2132000732422,"sma_200":253.03476585388182,"rsi":61.699654100193335,"avg_vol_20":41419584.0,"current_vol":"17104180","vol_ratio":0.4129491015650954,"high_52w":285.9224548339844,"low_52w":194.67758178710938,"off_high":-4.736406575354513,"off_low":39.91339032589536,"trend_signals":["Golden Cross","Above 20d","Above 50d"],"macd":3.8359249547907552,"macd_signal":2.0921140303427905,"macd_histogram":1.7438109244479647,"macd_crossover":null,"bb_upper":276.09911993951073,"bb_lower":244.77588006048924,"bb_width":12.027161940589004,"bb_pct_b":0.8812665908423771,"atr":6.042808715083322,"atr_pct":2.218521406401748,"rs_vs_bench":-5.46341508573811}}