{"MSFT":{"current":424.4599914550781,"sma_20":401.60350036621094,"sma_50":395.60899963378904,"sma_200":467.5521513366699,"rsi":61.770256552083445,"avg_vol_20":31926939.6,"current_vol":"31217392","vol_ratio":0.9777758968166181,"high_52w":539.8252563476562,"low_52w":356.7699890136719,"off_high":-21.37085353751604,"off_low":18.973009088724748,"trend_signals":["Death Cross","Above 20d","Above 50d"],"macd":10.750529514327866,"macd_signal":7.572593343511856,"macd_histogram":3.17793617081601,"macd_crossover":null,"bb_upper":451.0057709790377,"bb_lower":352.20122975338415,"bb_width":24.60250997203871,"bb_pct_b":0.7313303700957091,"atr":10.190456064047254,"atr_pct":2.4008048506794872,"rs_vs_bench":1.6921484739367276},"GOOG":{"current":347.30999755859375,"sma_20":326.0604965209961,"sma_50":311.01183227539065,"sma_200":279.03363845825197,"rsi":71.11291062698041,"avg_vol_20":15989983.25,"current_vol":"19399965","vol_ratio":1.2132573684841101,"high_52w":348.5199890136719,"low_52w":152.27357482910156,"off_high":-0.34717993033985173,"off_low":128.08290798215242,"trend_signals":["Golden Cross","Above 20d","Above 50d"],"macd":11.460916377489696,"macd_signal":9.317162760167518,"macd_histogram":2.1437536173221776,"macd_crossover":null,"bb_upper":361.6470762568183,"bb_lower":290.47391678517386,"bb_width":21.82820679936657,"bb_pct_b":0.7985605977779238,"atr":7.8847739722479515,"atr_pct":2.2702410030444726,"rs_vs_bench":4.549692730148315},"AMZN":{"current":263.0400085449219,"sma_20":241.71650085449218,"sma_50":222.32740020751953,"sma_200":226.95855003356934,"rsi":75.51081779669968,"avg_vol_20":45595098.3,"current_vol":"56731766","vol_ratio":1.2442514242808422,"high_52w":263.989990234375,"low_52w":184.4199981689453,"off_high":-0.3598551932252107,"off_low":42.630957139449464,"trend_signals":["Death Cross","Above 20d","Above 50d"],"macd":12.291305345855108,"macd_signal":10.782417045565577,"macd_histogram":1.5088883002895308,"macd_crossover":null,"bb_upper":278.6340225895632,"bb_lower":204.79897911942118,"bb_width":30.546132849485947,"bb_pct_b":0.7887992840290351,"atr":6.43559431695625,"atr_pct":2.4466218475875623,"rs_vs_bench":11.695644187547316},"NVDA":{"current":209.25,"sma_20":194.9800003051758,"sma_50":186.708388671875,"sma_200":183.5613006591797,"rsi":65.41837481201918,"avg_vol_20":144736696.25,"current_vol":"114136225","vol_ratio":0.7885783492173637,"high_52w":216.61000061035156,"low_52w":108.89433288574219,"off_high":-3.397812007577196,"off_low":92.15876019880336,"trend_signals":["Golden Cross","Above 20d","Above 50d"],"macd":8.003502631070177,"macd_signal":6.199757362786586,"macd_histogram":1.803745268283591,"macd_crossover":null,"bb_upper":220.2422010805761,"bb_lower":169.71779952977548,"bb_width":25.912607175977858,"bb_pct_b":0.7824377777236251,"atr":5.902868432798478,"atr_pct":2.8209646034879228,"rs_vs_bench":5.838731405638153},"AAPL":{"current":270.1700134277344,"sma_20":264.3619987487793,"sma_50":260.68739929199216,"sma_200":254.2339080810547,"rsi":57.53499575878362,"avg_vol_20":40487972.45,"current_vol":"24117049","vol_ratio":0.5956595882834829,"high_52w":285.9224548339844,"low_52w":194.67758178710938,"off_high":-5.509340431270558,"off_low":38.77818439473946,"trend_signals":["Golden Cross","Above 20d","Above 50d"],"macd":3.715196940064004,"macd_signal":3.1083028103597217,"macd_histogram":0.6068941297042825,"macd_crossover":null,"bb_upper":277.50536430789515,"bb_lower":251.21863318966345,"bb_width":9.943460574003199,"bb_pct_b":0.7209485330386632,"atr":5.736189604914253,"atr_pct":2.1231777472774866,"rs_vs_bench":-7.534523484931288}}