{"AMZN":{"current":237.22999572753906,"sma_20":213.67699966430663,"sma_50":213.31260040283203,"sma_200":224.9836499786377,"rsi":69.99494773128296,"avg_vol_20":43334350.75,"current_vol":"13061115","vol_ratio":0.3014032695528501,"high_52w":254.0,"low_52w":167.32000732421875,"off_high":-6.602363886795645,"off_low":41.7822049624075,"trend_signals":["Death Cross","Above 20d","Above 50d"],"macd":4.854635392807921,"macd_signal":1.0218687042715098,"macd_histogram":3.8327666885364113,"macd_crossover":null,"bb_upper":235.4555667130043,"bb_lower":191.89843261560898,"bb_width":20.384568374614464,"bb_pct_b":1.0407379652335962,"atr":6.398779462325751,"atr_pct":2.6972893721562983,"rs_vs_bench":9.979375145820368},"NVDA":{"current":189.1300048828125,"sma_20":177.86449966430663,"sma_50":182.00479461669923,"sma_200":180.8991597747803,"rsi":61.82761946851128,"avg_vol_20":163947026.85,"current_vol":"47245737","vol_ratio":0.28817684533691806,"high_52w":207.01727294921875,"low_52w":96.88717651367188,"off_high":-8.640471305403578,"off_low":95.20643669095273,"trend_signals":["Golden Cross","Above 20d","Above 50d"],"macd":0.8801686423104513,"macd_signal":-1.1538883421909414,"macd_histogram":2.034056984501393,"macd_crossover":null,"bb_upper":190.1546862410058,"bb_lower":165.57431308760746,"bb_width":13.819718493454412,"bb_pct_b":0.9583130267470477,"atr":5.279835884523339,"atr_pct":2.7916437097301388,"rs_vs_bench":1.1666635186835084},"MSFT":{"current":378.7300109863281,"sma_20":376.2845001220703,"sma_50":392.54679443359373,"sma_200":472.03640716552735,"rsi":46.776626997286385,"avg_vol_20":30891196.0,"current_vol":"10960820","vol_ratio":0.35482018889783357,"high_52w":539.8252563476562,"low_52w":356.3916015625,"off_high":-29.842109732187144,"off_low":6.267939347024893,"trend_signals":["Death Cross","Above 20d","Below 50d"],"macd":-7.279321923613281,"macd_signal":-9.27852347050926,"macd_histogram":1.9992015468959785,"macd_crossover":null,"bb_upper":399.55109516900063,"bb_lower":353.01790507514,"bb_width":12.366491332692371,"bb_pct_b":0.5525541201736879,"atr":8.488424501649511,"atr_pct":2.24128647200233,"rs_vs_bench":-7.36463219944965},"AAPL":{"current":257.6449890136719,"sma_20":253.66124954223633,"sma_50":260.83423278808596,"sma_200":250.58859436035155,"rsi":51.42408677313983,"avg_vol_20":39387449.05,"current_vol":"8203381","vol_ratio":0.2082739856949431,"high_52w":285.9224548339844,"low_52w":192.32176208496094,"off_high":-9.889907330549219,"off_low":33.96559298362369,"trend_signals":["Golden Cross","Above 20d","Below 50d"],"macd":-0.04495440538312323,"macd_signal":-1.3130240679181813,"macd_histogram":1.268069662535058,"macd_crossover":null,"bb_upper":261.9352627127172,"bb_lower":245.38723637175548,"bb_width":6.523671380955786,"bb_pct_b":0.7407380426736752,"atr":5.750220733024967,"atr_pct":2.2318387619484548,"rs_vs_bench":-0.15050371510390015},"GOOG":{"current":316.5653991699219,"sma_20":298.56526947021484,"sma_50":307.3092486572266,"sma_200":269.37781394958495,"rsi":62.63648638588861,"avg_vol_20":19512676.45,"current_vol":"2927629","vol_ratio":0.1500372851208733,"high_52w":344.6571960449219,"low_52w":149.34368896484375,"off_high":-8.150648585714885,"off_low":111.9710590813402,"trend_signals":["Golden Cross","Above 20d","Above 50d"],"macd":1.9542352731357937,"macd_signal":-2.0920089978595673,"macd_histogram":4.046244270995361,"macd_crossover":null,"bb_upper":325.338673097549,"bb_lower":271.79186584288067,"bb_width":17.934707325364325,"bb_pct_b":0.8361569180791397,"atr":7.920156719402007,"atr_pct":2.5019022104657522,"rs_vs_bench":1.9307115953476561}}