{"AMZN":{"current":247.50999450683594,"sma_20":217.28949966430665,"sma_50":213.65120025634766,"sma_200":225.2775,"rsi":74.37028606415436,"avg_vol_20":44858250.2,"current_vol":"15981704","vol_ratio":0.3562712305706476,"high_52w":254.0,"low_52w":167.32000732421875,"off_high":-2.555120272899237,"off_low":47.92611981377202,"trend_signals":["Death Cross","Above 20d","Above 50d"],"macd":8.083637132688295,"macd_signal":3.397052089384564,"macd_histogram":4.686585043303731,"macd_crossover":null,"bb_upper":248.11005354247547,"bb_lower":186.46894578613782,"bb_width":28.368194437176115,"bb_pct_b":0.990265278196954,"atr":6.66367024437839,"atr_pct":2.6922832985616454,"rs_vs_bench":11.42779243309171},"MSFT":{"current":407.5299987792969,"sma_20":376.63049774169923,"sma_50":391.63807373046876,"sma_200":471.1295439147949,"rsi":65.69122633408688,"avg_vol_20":32153858.25,"current_vol":"17022165","vol_ratio":0.5293972769193258,"high_52w":539.8251953125,"low_52w":356.3916320800781,"off_high":-24.50704370265982,"off_low":14.348924636852416,"trend_signals":["Death Cross","Above 20d","Above 50d"],"macd":-2.164715304074946,"macd_signal":-7.0960304825530764,"macd_histogram":4.931315178478131,"macd_crossover":null,"bb_upper":400.87865251171445,"bb_lower":352.382342971684,"bb_width":12.876362862491868,"bb_pct_b":1.1371515962898617,"atr":9.433137756400154,"atr_pct":2.3147100298520087,"rs_vs_bench":-2.4896640297089156},"NVDA":{"current":199.6999053955078,"sma_20":179.42649459838867,"sma_50":182.39820007324218,"sma_200":181.31751930236817,"rsi":70.32914584082663,"avg_vol_20":159871825.5,"current_vol":"70847710","vol_ratio":0.44315319336864645,"high_52w":207.01727294921875,"low_52w":96.88717651367188,"off_high":-3.5346652235660954,"off_low":106.11593048882779,"trend_signals":["Golden Cross","Above 20d","Above 50d"],"macd":3.201630547269616,"macd_signal":0.23305157876227223,"macd_histogram":2.9685789685073436,"macd_crossover":null,"bb_upper":196.9103355631671,"bb_lower":161.94265363361023,"bb_width":19.48858333760866,"bb_pct_b":1.079775657933527,"atr":5.294767656195733,"atr_pct":2.6513621254398636,"rs_vs_bench":4.191279415548244},"GOOG":{"current":330.260009765625,"sma_20":301.047998046875,"sma_50":306.9199627685547,"sma_200":270.93569969177247,"rsi":69.84250923172965,"avg_vol_20":19668564.85,"current_vol":"4546597","vol_ratio":0.2311605871945456,"high_52w":344.6571960449219,"low_52w":149.3437042236328,"off_high":-4.177248130754356,"off_low":121.14089876268328,"trend_signals":["Golden Cross","Above 20d","Above 50d"],"macd":5.437268674216114,"macd_signal":0.42196905096208004,"macd_histogram":5.015299623254034,"macd_crossover":null,"bb_upper":334.32958885984203,"bb_lower":267.766407233908,"bb_width":22.110488047679933,"bb_pct_b":0.9388614096440446,"atr":7.914601756897624,"atr_pct":2.3964759652597247,"rs_vs_bench":1.3152840469834892},"AAPL":{"current":263.07501220703125,"sma_20":254.48175048828125,"sma_50":260.72353271484377,"sma_200":251.20159355163574,"rsi":58.68713228466182,"avg_vol_20":40771835.95,"current_vol":"15845619","vol_ratio":0.3886412919798869,"high_52w":285.9224548339844,"low_52w":192.32179260253906,"off_high":-7.990782899586908,"off_low":36.78897677015417,"trend_signals":["Golden Cross","Above 20d","Above 50d"],"macd":0.69692349136659,"macd_signal":-0.64712793420772,"macd_histogram":1.34405142557431,"macd_crossover":null,"bb_upper":264.11533790745085,"bb_lower":244.84816306911165,"bb_width":7.571142056894349,"bb_pct_b":0.9460052805277146,"atr":5.721769674516343,"atr_pct":2.1749574870354853,"rs_vs_bench":-1.251854663234564}}