{"NVDA":{"current":199.8800048828125,"sma_20":184.11849975585938,"sma_50":184.1853726196289,"sma_200":182.18434120178222,"rsi":67.60890108128368,"avg_vol_20":153852332.7,"current_vol":"102930154","vol_ratio":0.6690191314856808,"high_52w":207.01727294921875,"low_52w":98.86669921875,"off_high":-3.447667899749128,"off_low":102.17121281713166,"trend_signals":["Golden Cross","Above 20d","Above 50d"],"macd":5.594946630913228,"macd_signal":3.0681996997921352,"macd_histogram":2.5267469311210924,"macd_crossover":null,"bb_upper":207.96626142406728,"bb_lower":160.27073808765147,"bb_width":25.9047968561877,"bb_pct_b":0.8304608907586747,"atr":4.9809431091964536,"atr_pct":2.491966673763455,"rs_vs_bench":3.752498125989966},"AAPL":{"current":266.1700134277344,"sma_20":258.3729988098145,"sma_50":260.2681994628906,"sma_200":252.4004453277588,"rsi":56.72387613537281,"avg_vol_20":41938921.5,"current_vol":"47384930","vol_ratio":1.1298557117163825,"high_52w":285.9224548339844,"low_52w":194.67759704589844,"off_high":-6.9083211452276085,"off_low":36.72349436539451,"trend_signals":["Golden Cross","Above 20d","Above 50d"],"macd":2.9264437040123426,"macd_signal":1.1966880252051442,"macd_histogram":1.7297556788071984,"macd_crossover":null,"bb_upper":272.24182706145655,"bb_lower":244.5041705581724,"bb_width":10.73550898548092,"bb_pct_b":0.7810985353790336,"atr":6.084620585761226,"atr_pct":2.28599026141358,"rs_vs_bench":-4.56013728522533},"MSFT":{"current":424.1600036621094,"sma_20":383.79499969482424,"sma_50":393.0870666503906,"sma_200":469.7346043395996,"rsi":69.92258190808018,"avg_vol_20":34365470.3,"current_vol":"29890406","vol_ratio":0.8697802107483453,"high_52w":539.8251953125,"low_52w":356.7699890136719,"off_high":-21.426415931444822,"off_low":18.888924720025997,"trend_signals":["Death Cross","Above 20d","Above 50d"],"macd":7.199478970747236,"macd_signal":0.057770018620435515,"macd_histogram":7.141708952126801,"macd_crossover":null,"bb_upper":428.67404910102454,"bb_lower":338.91595028862395,"bb_width":23.38699015979156,"bb_pct_b":0.9497087672461761,"atr":9.726706215007257,"atr_pct":2.2931691180283136,"rs_vs_bench":3.4608780273322814},"AMZN":{"current":249.91000366210938,"sma_20":225.55450057983398,"sma_50":215.54760009765624,"sma_200":225.85879997253417,"rsi":74.01278276502005,"avg_vol_20":45825537.8,"current_vol":"41298356","vol_ratio":0.9012083214438567,"high_52w":254.0,"low_52w":173.17999267578125,"off_high":-1.6102347786970963,"off_low":44.30651012324394,"trend_signals":["Death Cross","Above 20d","Above 50d"],"macd":10.486438924633063,"macd_signal":7.345166986988957,"macd_histogram":3.141271937644106,"macd_crossover":null,"bb_upper":264.12787979252937,"bb_lower":186.98112136713863,"bb_width":34.2031563223386,"bb_pct_b":0.8157035185843846,"atr":6.509245439274502,"atr_pct":2.604635806446277,"rs_vs_bench":10.255388438438338},"GOOG":{"current":330.4700012207031,"sma_20":307.6684967041016,"sma_50":307.2142663574219,"sma_200":274.08192893981936,"rsi":63.42032870408203,"avg_vol_20":18809692.2,"current_vol":"11928944","vol_ratio":0.6341913452469998,"high_52w":344.6571960449219,"low_52w":152.27359008789062,"off_high":-4.116320502523215,"off_low":117.02384571740872,"trend_signals":["Golden Cross","Above 20d","Above 50d"],"macd":8.947680287701075,"macd_signal":5.189527791378844,"macd_histogram":3.7581524963222313,"macd_crossover":null,"bb_upper":351.4685980954941,"bb_lower":263.8683953127091,"bb_width":28.472269251223985,"bb_pct_b":0.7602905449105015,"atr":7.66366010121797,"atr_pct":2.3190183898416317,"rs_vs_bench":3.936132066168385}}