{"GOOG":{"current":339.0799865722656,"sma_20":304.24949645996094,"sma_50":306.96985229492185,"sma_200":272.5484803009033,"rsi":72.8814442255366,"avg_vol_20":20091520.7,"current_vol":"13154414","vol_ratio":0.6547246570539581,"high_52w":344.6571960449219,"low_52w":149.3437042236328,"off_high":-1.6181903458442017,"off_low":127.04672308416474,"trend_signals":["Golden Cross","Above 20d","Above 50d"],"macd":8.260012648504244,"macd_signal":3.073780612432789,"macd_histogram":5.186232036071455,"macd_crossover":null,"bb_upper":344.57270228958924,"bb_lower":263.92629063033263,"bb_width":26.50667054427472,"bb_pct_b":0.9318913811003622,"atr":7.895423237368792,"atr_pct":2.3284840008350356,"rs_vs_bench":2.0446453231688366},"AMZN":{"current":250.7100067138672,"sma_20":221.42800064086913,"sma_50":214.2470004272461,"sma_200":225.5852500152588,"rsi":76.64040450465595,"avg_vol_20":46503088.9,"current_vol":"38039578","vol_ratio":0.8180011027181465,"high_52w":254.0,"low_52w":167.32000732421875,"off_high":-1.2952729472963829,"off_low":49.83863001396017,"trend_signals":["Death Cross","Above 20d","Above 50d"],"macd":9.949872472411641,"macd_signal":5.6427093693182595,"macd_histogram":4.307163103093382,"macd_crossover":null,"bb_upper":257.75951054661516,"bb_lower":185.09649073512313,"bb_width":32.81564192477316,"bb_pct_b":0.9029836104935312,"atr":6.593266583546854,"atr_pct":2.6298378233748294,"rs_vs_bench":10.63749867592778},"MSFT":{"current":422.7349853515625,"sma_20":379.9242477416992,"sma_50":392.10136657714844,"sma_200":470.44424224853515,"rsi":71.67765914959574,"avg_vol_20":34957828.55,"current_vol":"37273571","vol_ratio":1.066243887165011,"high_52w":539.8252563476562,"low_52w":356.3916320800781,"off_high":-21.690402518085538,"off_low":18.615294889016248,"trend_signals":["Death Cross","Above 20d","Above 50d"],"macd":3.856684587605457,"macd_signal":-3.5343611818222924,"macd_histogram":7.39104576942775,"macd_crossover":null,"bb_upper":416.8121246179006,"bb_lower":343.0363708654978,"bb_width":19.418543088768857,"bb_pct_b":1.0802819413209854,"atr":9.916485850067314,"atr_pct":2.34579256358931,"rs_vs_bench":-0.7384506075993826},"NVDA":{"current":201.36500549316406,"sma_20":181.42275009155273,"sma_50":183.28568603515626,"sma_200":181.75575355529784,"rsi":71.15254561111365,"avg_vol_20":162304264.4,"current_vol":"127180788","vol_ratio":0.7835948640669234,"high_52w":207.01727294921875,"low_52w":96.88717651367188,"off_high":-2.730336157718195,"off_low":107.83452747717257,"trend_signals":["Golden Cross","Above 20d","Above 50d"],"macd":4.698427954297614,"macd_signal":1.704665704721437,"macd_histogram":2.993762249576177,"macd_crossover":null,"bb_upper":202.8312537529504,"bb_lower":160.01424643015505,"bb_width":23.600682550114733,"bb_pct_b":0.9657554707471178,"atr":5.131558277235829,"atr_pct":2.548386331909114,"rs_vs_bench":5.158418352000883},"AAPL":{"current":269.7300109863281,"sma_20":256.3609992980957,"sma_50":260.5440405273437,"sma_200":251.82533340454103,"rsi":63.754713606018605,"avg_vol_20":43171876.85,"current_vol":"41075737","vol_ratio":0.951446636029214,"high_52w":285.9224548339844,"low_52w":192.32176208496094,"off_high":-5.663229163675898,"off_low":40.24934467227425,"trend_signals":["Golden Cross","Above 20d","Above 50d"],"macd":2.020629541413257,"macd_signal":0.22930252178167135,"macd_histogram":1.7913270196315856,"macd_crossover":null,"bb_upper":268.50089210839855,"bb_lower":244.2211064877928,"bb_width":9.470935784726477,"bb_pct_b":1.0506231355225168,"atr":6.1114548973475875,"atr_pct":2.265767489127252,"rs_vs_bench":-2.6732494246510576}}