{"AMZN":{"current":251.27000427246094,"sma_20":221.45600051879882,"sma_50":214.25820037841797,"sma_200":225.58805000305176,"rsi":76.88953155471987,"avg_vol_20":46358884.9,"current_vol":"35226298","vol_ratio":0.7598607705078774,"high_52w":254.0,"low_52w":167.32000732421875,"off_high":-1.0748014675350641,"off_low":50.17331656313575,"trend_signals":["Death Cross","Above 20d","Above 50d"],"macd":9.994544642327952,"macd_signal":5.651643803301521,"macd_histogram":4.342900839026431,"macd_crossover":null,"bb_upper":257.88326627103544,"bb_lower":185.02873476656222,"bb_width":32.89797130527009,"bb_pct_b":0.9092264837614329,"atr":6.593266583546854,"atr_pct":2.6239767864999686,"rs_vs_bench":10.934124935528413},"GOOG":{"current":339.7200012207031,"sma_20":304.2814971923828,"sma_50":306.98265258789064,"sma_200":272.5516806793213,"rsi":73.14202903579377,"avg_vol_20":20050338.45,"current_vol":"12353869","vol_ratio":0.6161426666590758,"high_52w":344.6571960449219,"low_52w":149.3437042236328,"off_high":-1.4324943395568177,"off_low":127.47527455994647,"trend_signals":["Golden Cross","Above 20d","Above 50d"],"macd":8.31106794808619,"macd_signal":3.0839916723383354,"macd_histogram":5.227076275747855,"macd_crossover":null,"bb_upper":344.721934473009,"bb_lower":263.8410599117566,"bb_width":26.580937489641464,"bb_pct_b":0.9381567857736524,"atr":7.8954232373967095,"atr_pct":2.3240972592212357,"rs_vs_bench":2.282796343698614},"NVDA":{"current":200.88999938964844,"sma_20":181.39899978637695,"sma_50":183.27618591308592,"sma_200":181.75337829589844,"rsi":70.81948576254914,"avg_vol_20":161913390.5,"current_vol":"119576210","vol_ratio":0.7385195852593798,"high_52w":207.01727294921875,"low_52w":96.88717651367188,"off_high":-2.9597885588384356,"off_low":107.34426021930837,"trend_signals":["Golden Cross","Above 20d","Above 50d"],"macd":4.6605357295178464,"macd_signal":1.6970872597681994,"macd_histogram":2.963448469749647,"macd_crossover":null,"bb_upper":202.7152061292003,"bb_lower":160.08279344355358,"bb_width":23.502010890827645,"bb_pct_b":0.9571873458579468,"atr":5.131558277237281,"atr_pct":2.5544120129564316,"rs_vs_bench":4.907320246836669},"AAPL":{"current":270.07000732421875,"sma_20":256.37799911499025,"sma_50":260.55084045410155,"sma_200":251.82703323364257,"rsi":64.04167221925827,"avg_vol_20":43070221.55,"current_vol":"39102231","vol_ratio":0.9078716011387687,"high_52w":285.9224548339844,"low_52w":192.32177734375,"off_high":-5.544317083794645,"off_low":40.42611869247858,"trend_signals":["Golden Cross","Above 20d","Above 50d"],"macd":2.047751756632181,"macd_signal":0.23472696511834001,"macd_histogram":1.8130247915138407,"macd_crossover":null,"bb_upper":268.59740891666513,"bb_lower":244.1585893133154,"bb_width":9.532338846434511,"bb_pct_b":1.0602565275841627,"atr":6.111454897534911,"atr_pct":2.2629150708312884,"rs_vs_bench":-2.512199740114184},"MSFT":{"current":421.7749938964844,"sma_20":379.8762481689453,"sma_50":392.08216674804686,"sma_200":470.43944229125975,"rsi":71.3359457119256,"avg_vol_20":34840960.15,"current_vol":"35051703","vol_ratio":1.0060487095961963,"high_52w":539.8251953125,"low_52w":356.3916015625,"off_high":-21.868227426412993,"off_low":18.345940826699913,"trend_signals":["Death Cross","Above 20d","Above 50d"],"macd":3.780104071344965,"macd_signal":-3.5496772867573663,"macd_histogram":7.3297813581023314,"macd_crossover":null,"bb_upper":416.5313348609468,"bb_lower":343.22116147694385,"bb_width":19.29843567145034,"bb_pct_b":1.0715270308811164,"atr":9.916485850124474,"atr_pct":2.351131763055223,"rs_vs_bench":-0.9658939649935352}}