{"AMZN":{"current":256.7149963378906,"sma_20":230.21074981689452,"sma_50":217.47549987792968,"sma_200":226.20502494812013,"rsi":77.47491164683117,"avg_vol_20":44587373.9,"current_vol":"9043778","vol_ratio":0.20283271269313308,"high_52w":256.7149963378906,"low_52w":180.60000610351562,"off_high":0.0,"off_low":42.14561886047097,"trend_signals":["Death Cross","Above 20d","Above 50d"],"macd":11.3786360979542,"macd_signal":8.736050674073573,"macd_histogram":2.642585423880627,"macd_crossover":null,"bb_upper":271.163076327711,"bb_lower":189.25842330607804,"bb_width":35.578118348851405,"bb_pct_b":0.8235987888746162,"atr":6.2559060737000145,"atr_pct":2.436907139412274,"rs_vs_bench":9.741389857738959},"NVDA":{"current":201.9600067138672,"sma_20":186.64750061035156,"sma_50":184.70338287353516,"sma_200":182.61570594787597,"rsi":68.77301865551196,"avg_vol_20":145461170.15,"current_vol":"29941303","vol_ratio":0.20583708332006703,"high_52w":207.01727294921875,"low_52w":102.68579864501953,"off_high":-2.4429199376962654,"off_low":96.67764128906899,"trend_signals":["Golden Cross","Above 20d","Above 50d"],"macd":6.094178316314611,"macd_signal":4.132396437768737,"macd_histogram":1.9617818785458745,"macd_crossover":null,"bb_upper":212.2787509135524,"bb_lower":161.01625030715073,"bb_width":27.464873860496052,"bb_pct_b":0.7987077478152403,"atr":4.7215069990678,"atr_pct":2.3378425639275875,"rs_vs_bench":3.9868938464757058},"MSFT":{"current":419.1199951171875,"sma_20":389.20800018310547,"sma_50":393.6281268310547,"sma_200":469.0518194580078,"rsi":61.996564948297355,"avg_vol_20":32837442.05,"current_vol":"11835241","vol_ratio":0.36041909056067906,"high_52w":539.8252563476562,"low_52w":356.7699890136719,"off_high":-22.360061855411338,"off_low":17.476247448920457,"trend_signals":["Death Cross","Above 20d","Above 50d"],"macd":9.475092016265819,"macd_signal":3.396174984056052,"macd_histogram":6.078917032209767,"macd_crossover":null,"bb_upper":440.21330613173825,"bb_lower":338.2026942344727,"bb_width":26.209793182379087,"bb_pct_b":0.7932243457593047,"atr":10.277386516708725,"atr_pct":2.452134624079467,"rs_vs_bench":0.570206623110515},"AAPL":{"current":273.739990234375,"sma_20":260.5054992675781,"sma_50":260.24039978027344,"sma_200":253.04156532287598,"rsi":63.191484332748516,"avg_vol_20":40902138.05,"current_vol":"6755261","vol_ratio":0.16515667204834542,"high_52w":285.9224548339844,"low_52w":194.6775665283203,"off_high":-4.260758255829504,"off_low":40.61198478898864,"trend_signals":["Golden Cross","Above 20d","Above 50d"],"macd":3.9444138145803436,"macd_signal":2.113811802092283,"macd_histogram":1.8306020124880606,"macd_crossover":null,"bb_upper":276.3955852626286,"bb_lower":244.6154132725276,"bb_width":12.199424610786423,"bb_pct_b":0.9164386199961174,"atr":5.936701275631765,"atr_pct":2.168737300877664,"rs_vs_bench":-5.708152230551143},"GOOG":{"current":338.19500732421875,"sma_20":312.52524719238284,"sma_50":307.88122009277345,"sma_200":275.701918258667,"rsi":67.54304313859654,"avg_vol_20":17272504.35,"current_vol":"3362587","vol_ratio":0.19467860200596793,"high_52w":344.6571960449219,"low_52w":152.27359008789062,"off_high":-1.8749612063404757,"off_low":122.09695530854454,"trend_signals":["Golden Cross","Above 20d","Above 50d"],"macd":9.746836834308908,"macd_signal":6.780306785354558,"macd_histogram":2.9665300489543505,"macd_crossover":null,"bb_upper":357.96697871835147,"bb_lower":267.0835156664142,"bb_width":29.080358744902185,"bb_pct_b":0.7824469850710507,"atr":7.320601106985301,"atr_pct":2.164609455623108,"rs_vs_bench":6.512722119437097}}