{"GOOG":{"current":325.5299987792969,"sma_20":299.7529983520508,"sma_50":307.1069067382812,"sma_200":270.1484965515137,"rsi":67.81669269570327,"avg_vol_20":19445314.1,"current_vol":"4201482","vol_ratio":0.2160665535353836,"high_52w":344.6571960449219,"low_52w":149.3437042236328,"off_high":-5.54962945358959,"off_low":117.97370064682215,"trend_signals":["Golden Cross","Above 20d","Above 50d"],"macd":3.637136896532695,"macd_signal":-0.9124254786814454,"macd_histogram":4.5495623752141405,"macd_crossover":null,"bb_upper":329.3882419582991,"bb_lower":270.1177547458025,"bb_width":19.773109039224767,"bb_pct_b":0.9349044801138611,"atr":7.899351246049366,"atr_pct":2.426612378481584,"rs_vs_bench":1.7255985310308253},"AMZN":{"current":245.67999267578125,"sma_20":215.50699920654296,"sma_50":213.4934002685547,"sma_200":225.1397499847412,"rsi":74.97606611749832,"avg_vol_20":43503353.85,"current_vol":"16504877","vol_ratio":0.37939320855373543,"high_52w":254.0,"low_52w":167.32000732421875,"off_high":-3.275593434731791,"off_low":46.832406120878936,"trend_signals":["Death Cross","Above 20d","Above 50d"],"macd":6.603359352747219,"macd_signal":2.1721178778590997,"macd_histogram":4.43124147488812,"macd_crossover":null,"bb_upper":242.01933118373634,"bb_lower":188.99466722934957,"bb_width":24.604613376648462,"bb_pct_b":1.0690369578804668,"atr":6.556315735285423,"atr_pct":2.6686404797877277,"rs_vs_bench":10.679251513635691},"MSFT":{"current":392.6400146484375,"sma_20":376.2009994506836,"sma_50":391.9261920166016,"sma_200":471.55492218017577,"rsi":57.501921043651684,"avg_vol_20":31251590.9,"current_vol":"10266018","vol_ratio":0.3284958526703356,"high_52w":539.8252563476562,"low_52w":356.3916015625,"off_high":-27.265349290072688,"off_low":10.170950417186152,"trend_signals":["Death Cross","Above 20d","Above 50d"],"macd":-4.927623710050568,"macd_signal":-8.336357396169866,"macd_histogram":3.408733686119298,"macd_crossover":null,"bb_upper":398.38700863136154,"bb_lower":354.0149902700056,"bb_width":11.794763550906692,"bb_pct_b":0.8704815738576103,"atr":8.929194441959284,"atr_pct":2.274142753879611,"rs_vs_bench":-5.179312834112526},"NVDA":{"current":192.7949981689453,"sma_20":178.3522491455078,"sma_50":182.04190124511717,"sma_200":181.08906372070314,"rsi":65.19883512285949,"avg_vol_20":159538571.0,"current_vol":"42781920","vol_ratio":0.26816035603076827,"high_52w":207.01727294921875,"low_52w":96.88717651367188,"off_high":-6.870090875828587,"off_low":98.98918010242538,"trend_signals":["Golden Cross","Above 20d","Above 50d"],"macd":1.7622479053493123,"macd_signal":-0.5683637502779171,"macd_histogram":2.330611655627229,"macd_crossover":null,"bb_upper":192.20143282425133,"bb_lower":164.5030654667643,"bb_width":15.530147497545407,"bb_pct_b":1.0214296148589979,"atr":5.190408750589951,"atr_pct":2.692190565048592,"rs_vs_bench":2.487764957240679},"AAPL":{"current":259.510009765625,"sma_20":254.0735008239746,"sma_50":260.8707849121094,"sma_200":250.891968460083,"rsi":54.08638050957585,"avg_vol_20":39537536.3,"current_vol":"8050726","vol_ratio":0.20362234861862147,"high_52w":285.9224548339844,"low_52w":192.32176208496094,"off_high":-9.237625314771195,"off_low":34.935332825716664,"trend_signals":["Golden Cross","Above 20d","Below 50d"],"macd":0.291401221334354,"macd_signal":-0.9722914205847262,"macd_histogram":1.2636926419190802,"macd_crossover":null,"bb_upper":262.9003813388794,"bb_lower":245.24662030906978,"bb_width":6.948288968569131,"bb_pct_b":0.8079518824612201,"atr":5.546633101845463,"atr_pct":2.1373484232284037,"rs_vs_bench":-1.4074503817599782}}