{"AMZN":{"current":233.64999389648438,"sma_20":210.75649948120116,"sma_50":213.4952001953125,"sma_200":224.72940002441408,"rsi":68.98284720837088,"avg_vol_20":43824870.0,"current_vol":"65666300","vol_ratio":1.498379801240711,"high_52w":254.0,"low_52w":167.32000732421875,"off_high":-8.011813426580956,"off_low":39.64259124357849,"trend_signals":["Death Cross","Above 20d","Above 50d"],"macd":1.8777703555472556,"macd_signal":-0.8257751383931193,"macd_histogram":2.703545493940375,"macd_crossover":null,"bb_upper":225.05163361348087,"bb_lower":196.46136534892145,"bb_width":13.565545231078197,"bb_pct_b":1.3007443023422782,"atr":6.681661104614949,"atr_pct":2.859688114340449,"rs_vs_bench":9.217771144368658},"GOOG":{"current":316.3699951171875,"sma_20":297.1844985961914,"sma_50":308.1528381347656,"sma_200":267.90872512817384,"rsi":62.74507060880804,"avg_vol_20":20389350.0,"current_vol":"14578000","vol_ratio":0.7149811053319503,"high_52w":344.6571960449219,"low_52w":149.3437042236328,"off_high":-8.207343775885498,"off_low":111.84019558229473,"trend_signals":["Golden Cross","Above 20d","Above 50d"],"macd":-0.37606015449648567,"macd_signal":-4.104080258425234,"macd_histogram":3.728020103928748,"macd_crossover":null,"bb_upper":321.3697691307097,"bb_lower":272.99922806167314,"bb_width":16.27626652719916,"bb_pct_b":0.8966359709231637,"atr":8.435420380071934,"atr_pct":2.66631491932329,"rs_vs_bench":2.0465229136324536},"MSFT":{"current":373.07000732421875,"sma_20":378.6749984741211,"sma_50":395.8157147216797,"sma_200":473.1719381713867,"rsi":40.01476033083465,"avg_vol_20":31642645.0,"current_vol":"30351200","vol_ratio":0.9591865661040662,"high_52w":539.8252563476562,"low_52w":356.3916320800781,"off_high":-30.890597848583134,"off_low":4.6797886770790225,"trend_signals":["Death Cross","Below 20d","Below 50d"],"macd":-8.716574451894871,"macd_signal":-10.144054125056531,"macd_histogram":1.4274796731616597,"macd_crossover":null,"bb_upper":405.61358765604285,"bb_lower":351.7364092921993,"bb_width":14.227815034249097,"bb_pct_b":0.3959672477268448,"atr":8.687342417678039,"atr_pct":2.328609174451339,"rs_vs_bench":-9.457885988327952},"NVDA":{"current":183.91000366210938,"sma_20":177.1459991455078,"sma_50":182.1297787475586,"sma_200":180.52115852355956,"rsi":56.60928416346122,"avg_vol_20":169397425.0,"current_vol":"116030600","vol_ratio":0.6849608251128965,"high_52w":207.01727294921875,"low_52w":96.88717651367188,"off_high":-11.16200061855591,"off_low":89.81872553191556,"trend_signals":["Golden Cross","Above 20d","Above 50d"],"macd":-0.7811278973319418,"macd_signal":-2.110209410338951,"macd_histogram":1.3290815130070093,"macd_crossover":null,"bb_upper":187.38390803750042,"bb_lower":166.90809025351518,"bb_width":11.558724375799416,"bb_pct_b":0.8303411169194868,"atr":5.332650295821296,"atr_pct":2.899597732388046,"rs_vs_bench":-1.873258951351553},"AAPL":{"current":260.489990234375,"sma_20":253.0489990234375,"sma_50":260.7565093994141,"sma_200":250.00117332458495,"rsi":55.663092922608506,"avg_vol_20":41298650.0,"current_vol":"28084500","vol_ratio":0.6800343352627749,"high_52w":285.9224548339844,"low_52w":189.59365844726562,"off_high":-8.894881870812235,"off_low":37.39383076825261,"trend_signals":["Golden Cross","Above 20d","Below 50d"],"macd":-0.5965090028355746,"macd_signal":-1.997182646681613,"macd_histogram":1.4006736438460383,"macd_crossover":null,"bb_upper":260.6199150885149,"bb_lower":245.47808295836003,"bb_width":5.98375499946255,"bb_pct_b":0.991419475990546,"atr":6.108597557355236,"atr_pct":2.345041186365375,"rs_vs_bench":-0.4443162398983791}}