{"MSFT":{"current":393.1099853515625,"sma_20":376.22449798583983,"sma_50":391.9355914306641,"sma_200":471.5572724914551,"rsi":57.797823669360646,"avg_vol_20":32597405.5,"current_vol":"36999810","vol_ratio":1.135053831201382,"high_52w":539.8251953125,"low_52w":356.3916015625,"off_high":-27.178281272330274,"off_low":10.30281960295387,"trend_signals":["Death Cross","Above 20d","Above 50d"],"macd":-4.890133162213715,"macd_signal":-8.32885927717715,"macd_histogram":3.438726114963435,"macd_crossover":null,"bb_upper":398.4846904751265,"bb_lower":353.96430549655315,"bb_width":11.833462524880291,"bb_pct_b":0.8792754122375461,"atr":8.944915330193949,"atr_pct":2.275423078402451,"rs_vs_bench":-5.900579591511423},"GOOG":{"current":330.5799865722656,"sma_20":300.00549774169923,"sma_50":307.2079064941406,"sma_200":270.17374633789063,"rsi":70.19464023558012,"avg_vol_20":20158275.85,"current_vol":"18429017","vol_ratio":0.9142159347918636,"high_52w":344.6571960449219,"low_52w":149.34368896484375,"off_high":-4.084408982083594,"off_low":121.35517668248157,"trend_signals":["Golden Cross","Above 20d","Above 50d"],"macd":4.039984939452211,"macd_signal":-0.8318558525015934,"macd_histogram":4.8718407919538045,"macd_crossover":null,"bb_upper":330.63486354428994,"bb_lower":269.3761319391085,"bb_width":20.419203003381085,"bb_pct_b":0.999104177141995,"atr":8.255779122270903,"atr_pct":2.4973620477978233,"rs_vs_bench":2.518800162998591},"NVDA":{"current":196.50999450683594,"sma_20":178.53799896240236,"sma_50":182.116201171875,"sma_200":181.10763854980468,"rsi":68.06751068248228,"avg_vol_20":165376780.95,"current_vol":"159140019","vol_ratio":0.962287559872836,"high_52w":207.01727294921875,"low_52w":96.88717651367188,"off_high":-5.07555639811768,"off_low":102.82353308036194,"trend_signals":["Golden Cross","Above 20d","Above 50d"],"macd":2.0586008830100013,"macd_signal":-0.5090931630789064,"macd_histogram":2.5676940460889077,"macd_crossover":null,"bb_upper":193.27406376638677,"bb_lower":163.80193415841794,"bb_width":16.50748287717466,"bb_pct_b":1.1097962985197452,"atr":5.418979942300897,"atr_pct":2.7576103474535434,"rs_vs_bench":3.6908242103134805},"AMZN":{"current":249.02000427246094,"sma_20":215.67399978637695,"sma_50":213.5602005004883,"sma_200":225.1564500427246,"rsi":76.33136168089538,"avg_vol_20":46183662.65,"current_vol":"70019853","vol_ratio":1.5161173666679726,"high_52w":254.0,"low_52w":167.32000732421875,"off_high":-1.9606282391886072,"off_low":48.828587958360984,"trend_signals":["Death Cross","Above 20d","Above 50d"],"macd":6.8697990354248475,"macd_signal":2.2254058285586313,"macd_histogram":4.644393206866216,"macd_crossover":null,"bb_upper":243.01568566751163,"bb_lower":188.33231390524227,"bb_width":25.354642570005065,"bb_pct_b":1.1098015431647577,"atr":6.927029071394877,"atr_pct":2.7817159073757733,"rs_vs_bench":11.392368544306784},"AAPL":{"current":258.8299865722656,"sma_20":254.03949966430665,"sma_50":260.8571844482422,"sma_200":250.88856796264648,"rsi":53.0673568516559,"avg_vol_20":41155822.3,"current_vol":"39378346","vol_ratio":0.9568110609710744,"high_52w":285.9224548339844,"low_52w":192.32179260253906,"off_high":-9.475460147909507,"off_low":34.58172527913953,"trend_signals":["Golden Cross","Above 20d","Below 50d"],"macd":0.2371543588658369,"macd_signal":-0.983140790589296,"macd_histogram":1.2202951494551328,"macd_crossover":null,"bb_upper":262.78305125920235,"bb_lower":245.29594806941097,"bb_width":6.8836158207283615,"bb_pct_b":0.7739439949525518,"atr":5.678054800200297,"atr_pct":2.1937391704090583,"rs_vs_bench":-2.513866833297951}}