{"GOOG":{"current":334.0899963378906,"sma_20":309.91299591064455,"sma_50":307.4126336669922,"sma_200":274.8665749359131,"rsi":65.46639750139195,"avg_vol_20":17644668.35,"current_vol":"1433167","vol_ratio":0.08122379925605118,"high_52w":344.6571960449219,"low_52w":152.27359008789062,"off_high":-3.066002923569872,"off_low":119.40114247326643,"trend_signals":["Golden Cross","Above 20d","Above 50d"],"macd":9.144888775468758,"macd_signal":5.980599988174292,"macd_histogram":3.164288787294465,"macd_crossover":null,"bb_upper":354.3246761631118,"bb_lower":265.5013156581773,"bb_width":28.660740813381196,"bb_pct_b":0.7721919131386944,"atr":7.431613561486755,"atr_pct":2.2244346262827333,"rs_vs_bench":4.968813061990286},"NVDA":{"current":199.86199951171875,"sma_20":185.3515998840332,"sma_50":184.3820184326172,"sma_200":182.3925830078125,"rsi":67.57503288641763,"avg_vol_20":147332439.25,"current_vol":"12304285","vol_ratio":0.08351375340444586,"high_52w":207.01727294921875,"low_52w":98.86669921875,"off_high":-3.4563654208966352,"off_low":102.15300105196094,"trend_signals":["Golden Cross","Above 20d","Above 50d"],"macd":5.726517371468276,"macd_signal":3.599863233967675,"macd_histogram":2.126654137500601,"macd_crossover":null,"bb_upper":209.80050308829271,"bb_lower":160.90269667977367,"bb_width":26.381108357905937,"bb_pct_b":0.7967495005084223,"atr":4.725162112602605,"atr_pct":2.364212368607644,"rs_vs_bench":1.456976801844224},"AMZN":{"current":251.8800048828125,"sma_20":227.7865005493164,"sma_50":216.41080017089843,"sma_200":226.00084999084473,"rsi":75.10383721480784,"avg_vol_20":44326451.05,"current_vol":"3504521","vol_ratio":0.079061619348838,"high_52w":254.0,"low_52w":173.17999267578125,"off_high":-0.8346437469242126,"off_low":45.44405562735495,"trend_signals":["Death Cross","Above 20d","Above 50d"],"macd":10.718747368366365,"macd_signal":8.01988306326444,"macd_histogram":2.6988643051019263,"macd_crossover":null,"bb_upper":267.0575599153271,"bb_lower":188.5154411833057,"bb_width":34.48058534751352,"bb_pct_b":0.8067590322550499,"atr":6.235982113095456,"atr_pct":2.475774969115454,"rs_vs_bench":8.576326989585038},"MSFT":{"current":427.7799987792969,"sma_20":386.5470001220703,"sma_50":393.3895037841797,"sma_200":469.3992771911621,"rsi":71.32092823271893,"avg_vol_20":32517837.25,"current_vol":"3598145","vol_ratio":0.11065142408878992,"high_52w":539.8252563476562,"low_52w":356.7699890136719,"off_high":-20.755838347844993,"off_low":19.90358268696861,"trend_signals":["Death Cross","Above 20d","Above 50d"],"macd":8.741119115774381,"macd_signal":1.7944398393874907,"macd_histogram":6.946679276386891,"macd_crossover":null,"bb_upper":435.16605614871304,"bb_lower":337.92794409542756,"bb_width":25.15557280811337,"bb_pct_b":0.9240415387192146,"atr":9.42960109847975,"atr_pct":2.204310890034093,"rs_vs_bench":4.894408960643194},"AAPL":{"current":268.7799987792969,"sma_20":259.22999877929686,"sma_50":260.1513995361328,"sma_200":252.6977798461914,"rsi":59.182420477509794,"avg_vol_20":40050785.45,"current_vol":"4502909","vol_ratio":0.11242997982203118,"high_52w":285.9224548339844,"low_52w":194.67758178710938,"off_high":-5.995491352591021,"off_low":38.06417580901665,"trend_signals":["Golden Cross","Above 20d","Above 50d"],"macd":3.1438539405930896,"macd_signal":1.586121208514079,"macd_histogram":1.5577327320790106,"macd_crossover":null,"bb_upper":273.4605757496464,"bb_lower":244.99942180894732,"bb_width":10.979112785835538,"bb_pct_b":0.8355450738187966,"atr":5.859290020914473,"atr_pct":2.1799576038117734,"rs_vs_bench":-4.000778410831706}}