{"NVDA":{"current":195.98500061035156,"sma_20":178.51174926757812,"sma_50":182.10570129394532,"sma_200":181.10501358032226,"rsi":67.69114933451185,"avg_vol_20":163832464.85,"current_vol":"128253697","vol_ratio":0.7828344468687887,"high_52w":207.01727294921875,"low_52w":96.88717651367188,"off_high":-5.329155476593201,"off_low":102.28167200506238,"trend_signals":["Golden Cross","Above 20d","Above 50d"],"macd":2.016721034585828,"macd_signal":-0.5174691244210519,"macd_histogram":2.53419015900688,"macd_crossover":null,"bb_upper":193.11428394146023,"bb_lower":163.90921459369602,"bb_width":16.36030651628852,"bb_pct_b":1.0982951498833233,"atr":5.407552218076599,"atr_pct":2.759166365403467,"rs_vs_bench":3.5494565108948217},"MSFT":{"current":392.4700012207031,"sma_20":376.1924987792969,"sma_50":391.92279174804685,"sma_200":471.554072265625,"rsi":57.393852656368416,"avg_vol_20":32193920.95,"current_vol":"28930119","vol_ratio":0.898620551529931,"high_52w":539.8251953125,"low_52w":356.3916015625,"off_high":-27.296835229503184,"off_low":10.123246311087971,"trend_signals":["Death Cross","Above 20d","Above 50d"],"macd":-4.941186036445288,"macd_signal":-8.339069863575459,"macd_histogram":3.397883827130171,"macd_crossover":null,"bb_upper":398.35210175254525,"bb_lower":354.03289580604854,"bb_width":11.78099140474827,"bb_pct_b":0.8672787473010426,"atr":8.944915354391345,"atr_pct":2.279133520159475,"rs_vs_bench":-5.913610480287257},"GOOG":{"current":329.8800048828125,"sma_20":299.9704986572266,"sma_50":307.19390686035155,"sma_200":270.170246963501,"rsi":69.88622690795935,"avg_vol_20":19867339.5,"current_vol":"12610290","vol_ratio":0.6347246444346512,"high_52w":344.6571960449219,"low_52w":149.3437042236328,"off_high":-4.287504027678374,"off_low":120.88644887824526,"trend_signals":["Golden Cross","Above 20d","Above 50d"],"macd":3.984145930413945,"macd_signal":-0.8430236719272639,"macd_histogram":4.8271696023412085,"macd_crossover":null,"bb_upper":330.4540163639369,"bb_lower":269.4869809505163,"bb_width":20.32434378924944,"bb_pct_b":0.9905848877638221,"atr":8.248993318426354,"atr_pct":2.500604218602686,"rs_vs_bench":2.439770537020869},"AAPL":{"current":258.5299987792969,"sma_20":254.0245002746582,"sma_50":260.8511846923828,"sma_200":250.88706832885742,"rsi":52.59785185966405,"avg_vol_20":40577641.45,"current_vol":"27814729","vol_ratio":0.6854693374496265,"high_52w":285.9224548339844,"low_52w":192.32179260253906,"off_high":-9.580379432105962,"off_low":34.42574306365098,"trend_signals":["Golden Cross","Above 20d","Below 50d"],"macd":0.21322370703927618,"macd_signal":-0.987926923083071,"macd_histogram":1.2011506301223471,"macd_crossover":null,"bb_upper":262.7344143680447,"bb_lower":245.3145861812717,"bb_width":6.857538610621511,"bb_pct_b":0.758641959974078,"atr":5.678054872448526,"atr_pct":2.1962847248902033,"rs_vs_bench":-2.4846639312509966},"AMZN":{"current":249.22999572753906,"sma_20":215.68449935913085,"sma_50":213.56440032958983,"sma_200":225.1575,"rsi":76.41168263700612,"avg_vol_20":45712642.1,"current_vol":"60599442","vol_ratio":1.3256604566289114,"high_52w":254.0,"low_52w":167.32000732421875,"off_high":-1.877954437976747,"off_low":48.95409085453957,"trend_signals":["Death Cross","Above 20d","Above 50d"],"macd":6.886550479383203,"macd_signal":2.2287561031862966,"macd_histogram":4.6577943761969065,"macd_crossover":null,"bb_upper":243.08021024511243,"bb_lower":188.28878847314928,"bb_width":25.403504625861554,"bb_pct_b":1.1122399325212162,"atr":6.927029105472365,"atr_pct":2.779372155928241,"rs_vs_bench":11.637149703348328}}