{"GOOG":{"current":315.8699951171875,"sma_20":298.53049926757814,"sma_50":307.2953405761719,"sma_200":269.3743369293213,"rsi":62.1886604881841,"avg_vol_20":19483748.4,"current_vol":"2349068","vol_ratio":0.12056550678923775,"high_52w":344.6571960449219,"low_52w":149.3437042236328,"off_high":-8.35241546037017,"off_low":111.50539740476239,"trend_signals":["Golden Cross","Above 20d","Above 50d"],"macd":1.8987614455671178,"macd_signal":-2.1031037633734955,"macd_histogram":4.001865208940613,"macd_crossover":null,"bb_upper":325.20710681914045,"bb_lower":271.8538917160158,"bb_width":17.871947835823367,"bb_pct_b":0.8249943947350584,"atr":7.920156719401631,"atr_pct":2.50741027696007,"rs_vs_bench":1.8623697156592067},"AMZN":{"current":236.92999267578125,"sma_20":213.66199951171876,"sma_50":213.30660034179687,"sma_200":224.9821499633789,"rsi":69.62342664969835,"avg_vol_20":43195212.95,"current_vol":"10278359","vol_ratio":0.23795134455981423,"high_52w":254.0,"low_52w":167.32000732421875,"off_high":-6.720475324495571,"off_low":41.60290599119929,"trend_signals":["Death Cross","Above 20d","Above 50d"],"macd":4.830703525431204,"macd_signal":1.0170823307961663,"macd_histogram":3.813621194635038,"macd_crossover":null,"bb_upper":235.3725692302728,"bb_lower":191.95142979316472,"bb_width":20.322350037132622,"bb_pct_b":1.0358678621910475,"atr":6.398779462325751,"atr_pct":2.7007047060867224,"rs_vs_bench":9.997784353221938},"MSFT":{"current":377.19000244140625,"sma_20":376.2074996948242,"sma_50":392.5159942626953,"sma_200":472.0287068176269,"rsi":45.31553114891275,"avg_vol_20":30759929.35,"current_vol":"8335487","vol_ratio":0.2709852452895832,"high_52w":539.8251953125,"low_52w":356.3916015625,"off_high":-30.127380915769535,"off_low":5.835828001479675,"trend_signals":["Death Cross","Above 20d","Below 50d"],"macd":-7.402171609908521,"macd_signal":-9.30309341005324,"macd_histogram":1.9009218001447188,"macd_crossover":null,"bb_upper":399.45019835082866,"bb_lower":352.96480103881976,"bb_width":12.356318613987598,"bb_pct_b":0.5211357287104057,"atr":8.365567271628798,"atr_pct":2.217865589618412,"rs_vs_bench":-7.589588613836528},"NVDA":{"current":188.25979614257812,"sma_20":177.82098922729492,"sma_50":181.98739044189452,"sma_200":180.8948087310791,"rsi":60.79045993128616,"avg_vol_20":163363821.55,"current_vol":"35581631","vol_ratio":0.21780606417259707,"high_52w":207.01727294921875,"low_52w":96.88717651367188,"off_high":-9.060826924930957,"off_low":94.30826959439007,"trend_signals":["Golden Cross","Above 20d","Above 50d"],"macd":0.8107502812635801,"macd_signal":-1.1677720144035566,"macd_histogram":1.9785222956671367,"macd_crossover":null,"bb_upper":189.94833090509863,"bb_lower":165.6936475494912,"bb_width":13.63994400267593,"bb_pct_b":0.9303831454831121,"atr":5.2084073131029704,"atr_pct":2.7666062642277565,"rs_vs_bench":0.8518044431078176},"AAPL":{"current":257.239990234375,"sma_20":253.6409996032715,"sma_50":260.8261328125,"sma_200":250.58656913757324,"rsi":50.87244217882866,"avg_vol_20":39287996.5,"current_vol":"6214330","vol_ratio":0.1581737567096352,"high_52w":285.9224548339844,"low_52w":192.32177734375,"off_high":-10.031553700902338,"off_low":33.75499841320216,"trend_signals":["Golden Cross","Above 20d","Below 50d"],"macd":-0.07726199999922301,"macd_signal":-1.3194855864429187,"macd_histogram":1.2422235864436957,"macd_crossover":null,"bb_upper":261.87585044465845,"bb_lower":245.4061487618845,"bb_width":6.493312086190625,"bb_pct_b":0.7185219077081274,"atr":5.7502207332769,"atr_pct":2.235352570196334,"rs_vs_bench":-0.15060240895738986}}