{"GOOG":{"current":349.531005859375,"sma_20":319.37054748535155,"sma_50":309.3040802001953,"sma_200":277.3811524963379,"rsi":72.970664977339,"avg_vol_20":16396749.45,"current_vol":"9120689","vol_ratio":0.5562498242601371,"high_52w":349.531005859375,"low_52w":152.27357482910156,"off_high":0.0,"off_low":129.5414724791598,"trend_signals":["Golden Cross","Above 20d","Above 50d"],"macd":11.009114868297615,"macd_signal":8.165719577116255,"macd_histogram":2.843395291181361,"macd_crossover":null,"bb_upper":361.90304562259996,"bb_lower":276.83804934810314,"bb_width":26.635203823357713,"bb_pct_b":0.854557805148177,"atr":7.752804802632163,"atr_pct":2.218059248726938,"rs_vs_bench":9.247717181353643},"AMZN":{"current":262.57000732421875,"sma_20":236.11300048828124,"sma_50":219.90039978027343,"sma_200":226.60565002441408,"rsi":78.09786230973384,"avg_vol_20":44900174.35,"current_vol":"25182787","vol_ratio":0.5608616751395755,"high_52w":263.989990234375,"low_52w":184.4199981689453,"off_high":-0.5378927090741448,"off_low":42.37610342219015,"trend_signals":["Death Cross","Above 20d","Above 50d"],"macd":12.388805370431925,"macd_signal":9.97663728360486,"macd_histogram":2.412168086827064,"macd_crossover":null,"bb_upper":276.9120131994774,"bb_lower":195.31398777708506,"bb_width":34.558887165741744,"bb_pct_b":0.8242358708924971,"atr":6.4382646831988195,"atr_pct":2.4520183202984476,"rs_vs_bench":11.944363025214887},"NVDA":{"current":212.6750030517578,"sma_20":190.6407501220703,"sma_50":185.53649078369142,"sma_200":183.0742025756836,"rsi":74.2428062484515,"avg_vol_20":146007042.2,"current_vol":"95536944","vol_ratio":0.6543310689708637,"high_52w":212.6750030517578,"low_52w":108.70438385009766,"off_high":0.0,"off_low":95.64528634377311,"trend_signals":["Golden Cross","Above 20d","Above 50d"],"macd":7.255122919029759,"macd_signal":5.113409915415945,"macd_histogram":2.1417130036138143,"macd_crossover":null,"bb_upper":216.90935290027792,"bb_lower":164.37214734386268,"bb_width":27.558224316036757,"bb_pct_b":0.9194028345498277,"atr":5.507011447268827,"atr_pct":2.589402312564495,"rs_vs_bench":10.041292567695258},"MSFT":{"current":423.9849853515625,"sma_20":395.33274993896487,"sma_50":394.4453460693359,"sma_200":468.2820652770996,"rsi":63.03388005519724,"avg_vol_20":32546948.45,"current_vol":"14925069","vol_ratio":0.4585704562419584,"high_52w":539.8252563476562,"low_52w":356.7699890136719,"off_high":-21.45884610509789,"off_low":18.839868376741425,"trend_signals":["Death Cross","Above 20d","Above 50d"],"macd":10.195173340598387,"macd_signal":5.754512553124695,"macd_histogram":4.440660787473693,"macd_crossover":null,"bb_upper":446.19487296926536,"bb_lower":344.47062690866437,"bb_width":25.731297514892486,"bb_pct_b":0.7816657436372486,"atr":10.28533994911215,"atr_pct":2.4258736286577904,"rs_vs_bench":-0.6051565011945463},"AAPL":{"current":266.489990234375,"sma_20":262.2829986572266,"sma_50":260.2405993652344,"sma_200":253.6164407348633,"rsi":53.93669373248249,"avg_vol_20":40516834.05,"current_vol":"17168281","vol_ratio":0.42373204626041117,"high_52w":285.9224548339844,"low_52w":194.67758178710938,"off_high":-6.796410799876658,"off_low":36.88786751306395,"trend_signals":["Golden Cross","Above 20d","Above 50d"],"macd":3.6872089073120833,"macd_signal":2.7302243567831135,"macd_histogram":0.9569845505289698,"macd_crossover":null,"bb_upper":277.363472192855,"bb_lower":247.20252512159817,"bb_width":11.499390820475437,"bb_pct_b":0.6394847306090613,"atr":5.888951624941896,"atr_pct":2.2098209466564307,"rs_vs_bench":-10.667444715287377}}