{"NVDA":{"current":210.0,"sma_20":188.46949996948243,"sma_50":185.05618835449218,"sma_200":182.8398408508301,"rsi":72.56438954829612,"avg_vol_20":147048023.8,"current_vol":"134546176","vol_ratio":0.9149811913351262,"high_52w":210.0,"low_52w":106.40492248535156,"off_high":0.0,"off_low":97.35929043029947,"trend_signals":["Golden Cross","Above 20d","Above 50d"],"macd":6.6463855290136,"macd_signal":4.605582748809451,"macd_histogram":2.0408027802041486,"macd_crossover":null,"bb_upper":214.81318625001603,"bb_lower":162.12581368894882,"bb_width":27.955384064582606,"bb_pct_b":0.9086463033540472,"atr":5.4498584755195445,"atr_pct":2.5951707026283546,"rs_vs_bench":7.466111828659262},"AMZN":{"current":262.0249938964844,"sma_20":232.8532501220703,"sma_50":218.60169982910156,"sma_200":226.3942749786377,"rsi":79.60564588840339,"avg_vol_20":45349395.5,"current_vol":"31992210","vol_ratio":0.7054605612107884,"high_52w":262.0249938964844,"low_52w":184.4199981689453,"off_high":0.0,"off_low":42.080575045037094,"trend_signals":["Death Cross","Above 20d","Above 50d"],"macd":11.87136347261361,"macd_signal":9.342244899314954,"macd_histogram":2.529118573298655,"macd_crossover":null,"bb_upper":274.5052503927344,"bb_lower":191.2012498514062,"bb_width":35.77532222447278,"bb_pct_b":0.8501841878523179,"atr":6.542582293018807,"atr_pct":2.4969306155593385,"rs_vs_bench":13.554220889574985},"MSFT":{"current":419.5400085449219,"sma_20":391.718000793457,"sma_50":393.8825445556641,"sma_200":468.62965911865234,"rsi":61.44925124342954,"avg_vol_20":32934611.15,"current_vol":"12365623","vol_ratio":0.3754598147122803,"high_52w":539.8251953125,"low_52w":356.7699890136719,"off_high":-22.28224762609424,"off_low":17.59397411895107,"trend_signals":["Death Cross","Above 20d","Above 50d"],"macd":9.446861386176636,"macd_signal":4.56329915876493,"macd_histogram":4.883562227411706,"macd_crossover":null,"bb_upper":442.85475295632125,"bb_lower":340.58124863059277,"bb_width":26.108962089708694,"bb_pct_b":0.7720353422412828,"atr":10.276602973054823,"atr_pct":2.449492959848301,"rs_vs_bench":-0.2980770443437244},"AAPL":{"current":270.5798034667969,"sma_20":261.37448959350587,"sma_50":260.1357958984375,"sma_200":253.34041725158693,"rsi":59.08945660237338,"avg_vol_20":40838264.35,"current_vol":"13935087","vol_ratio":0.34122623039438743,"high_52w":285.9224548339844,"low_52w":194.67758178710938,"off_high":-5.366018340915522,"off_low":38.98868117372176,"trend_signals":["Golden Cross","Above 20d","Above 50d"],"macd":3.981121270010135,"macd_signal":2.4833170138612624,"macd_histogram":1.4978042561488727,"macd_crossover":null,"bb_upper":277.39838042861106,"bb_lower":245.35059875840065,"bb_width":12.261250790026095,"bb_pct_b":0.7872371625599189,"atr":5.870465589533462,"atr_pct":2.169587498519206,"rs_vs_bench":-9.138112197101057},"GOOG":{"current":341.760009765625,"sma_20":315.5539978027344,"sma_50":308.4853039550781,"sma_200":276.5221886444092,"rsi":69.39694777526415,"avg_vol_20":16754135.8,"current_vol":"8859616","vol_ratio":0.5288017302569554,"high_52w":344.6571960449219,"low_52w":152.27359008789062,"off_high":-0.8405993876069433,"off_low":124.43813767598499,"trend_signals":["Golden Cross","Above 20d","Above 50d"],"macd":10.136853902765324,"macd_signal":7.445936325356181,"macd_histogram":2.6909175774091434,"macd_crossover":null,"bb_upper":360.14989288402603,"bb_lower":270.95810272144274,"bb_width":28.265143456791407,"bb_pct_b":0.7938164142139201,"atr":7.6284055411663285,"atr_pct":2.232094254210081,"rs_vs_bench":6.947223228248742}}