{"GOOG":{"current":335.3999938964844,"sma_20":306.09599609375,"sma_50":307.0623175048828,"sma_200":273.33030044555665,"rsi":68.55702535156654,"avg_vol_20":19318922.9,"current_vol":"12830158","vol_ratio":0.6641238782520325,"high_52w":344.6571960449219,"low_52w":149.34371948242188,"off_high":-2.6859158185778704,"off_low":124.58259045567817,"trend_signals":["Golden Cross","Above 20d","Above 50d"],"macd":8.934403808121033,"macd_signal":4.249989695092206,"macd_histogram":4.684414113028827,"macd_crossover":null,"bb_upper":348.6909429219626,"bb_lower":263.5010492655374,"bb_width":27.83110355691602,"bb_pct_b":0.8439844392918107,"atr":7.67317175022531,"atr_pct":2.2877674090219293,"rs_vs_bench":2.168116770624696},"MSFT":{"current":418.07000732421875,"sma_20":381.73699951171875,"sma_50":392.6083966064453,"sma_200":470.0935989379883,"rsi":67.44275320555022,"avg_vol_20":34304104.5,"current_vol":"27240190","vol_ratio":0.7940796122516476,"high_52w":539.8252563476562,"low_52w":356.3916320800781,"off_high":-22.55456698102786,"off_low":17.30634776247553,"trend_signals":["Death Cross","Above 20d","Above 50d"],"macd":5.4956472124232505,"macd_signal":-1.7276571680868031,"macd_histogram":7.223304380510053,"macd_crossover":null,"bb_upper":422.3991616549771,"bb_lower":341.0748373684604,"bb_width":21.30375740117907,"bb_pct_b":0.9467667961739695,"atr":9.71030821150683,"atr_pct":2.322651240555594,"rs_vs_bench":-0.8416357071064482},"NVDA":{"current":202.05999755859375,"sma_20":182.90649948120117,"sma_50":183.8957717895508,"sma_200":181.9815089416504,"rsi":71.64596646906497,"avg_vol_20":157796878.85,"current_vol":"118513377","vol_ratio":0.7510501973404526,"high_52w":207.01727294921875,"low_52w":96.88717651367188,"off_high":-2.3946192122050696,"off_low":108.55184847922656,"trend_signals":["Golden Cross","Above 20d","Above 50d"],"macd":5.343800214424419,"macd_signal":2.4365129796258307,"macd_histogram":2.9072872347985887,"macd_crossover":null,"bb_upper":205.82732788567455,"bb_lower":159.98567107672778,"bb_width":25.06289111593779,"bb_pct_b":0.9178186263471712,"atr":5.0756517662302345,"atr_pct":2.5119527999392295,"rs_vs_bench":5.043835059771107},"AAPL":{"current":273.04998779296875,"sma_20":257.6389984130859,"sma_50":260.5019989013672,"sma_200":252.1341059112549,"rsi":66.53304648470184,"avg_vol_20":41500637.05,"current_vol":"34667241","vol_ratio":0.835342381810498,"high_52w":285.9224548339844,"low_52w":192.32177734375,"off_high":-4.502083282857161,"off_low":41.97559504919074,"trend_signals":["Golden Cross","Above 20d","Above 50d"],"macd":2.8721267221583844,"macd_signal":0.7642491479545962,"macd_histogram":2.1078775742037883,"macd_crossover":null,"bb_upper":271.32297224724687,"bb_lower":243.95502457892496,"bb_width":10.6225951183219,"bb_pct_b":1.0631035825795914,"atr":5.963849749880411,"atr_pct":2.1841604162247044,"rs_vs_bench":-1.4253973249463527},"AMZN":{"current":248.27999877929688,"sma_20":223.56600036621094,"sma_50":214.75580017089842,"sma_200":225.72629997253418,"rsi":73.10728718081502,"avg_vol_20":45839144.5,"current_vol":"36557790","vol_ratio":0.7975233918250808,"high_52w":254.0,"low_52w":167.32000732421875,"off_high":-2.2519689845287894,"off_low":48.386318378650685,"trend_signals":["Death Cross","Above 20d","Above 50d"],"macd":10.237980822201393,"macd_signal":6.559849040548629,"macd_histogram":3.6781317816527643,"macd_crossover":null,"bb_upper":260.93439449257426,"bb_lower":186.19760623984766,"bb_width":33.42940703430058,"bb_pct_b":0.830680498732621,"atr":6.4933898311545875,"atr_pct":2.615349550137039,"rs_vs_bench":8.151509071361328}}