{"GOOG":{"current":334.010009765625,"sma_20":302.64399871826174,"sma_50":306.87515930175783,"sma_200":271.74184341430663,"rsi":71.39095806499186,"avg_vol_20":19588059.9,"current_vol":"1668598","vol_ratio":0.08518444442780165,"high_52w":344.6571960449219,"low_52w":149.34368896484375,"off_high":-3.08921049711933,"off_low":123.65190794520457,"trend_signals":["Golden Cross","Above 20d","Above 50d"],"macd":7.028483876901646,"macd_signal":1.7970063964295702,"macd_histogram":5.231477480472076,"macd_crossover":null,"bb_upper":339.73013029651537,"bb_lower":265.5578671400081,"bb_width":24.50808985826146,"bb_pct_b":0.9228805986569316,"atr":7.816201968744899,"atr_pct":2.340110098565469,"rs_vs_bench":1.813237422205761},"NVDA":{"current":196.49000549316406,"sma_20":180.18949966430665,"sma_50":182.70479736328124,"sma_200":181.5060008239746,"rsi":65.94871166079074,"avg_vol_20":158789210.15,"current_vol":"20328103","vol_ratio":0.12801942260936425,"high_52w":207.01727294921875,"low_52w":96.88717651367188,"off_high":-5.0852121207475385,"off_low":102.80290185299921,"trend_signals":["Golden Cross","Above 20d","Above 50d"],"macd":3.7535059178902657,"macd_signal":0.9265498997284353,"macd_histogram":2.8269560181618303,"macd_crossover":null,"bb_upper":199.09431941357855,"bb_lower":161.28467991503476,"bb_width":20.983264601424175,"bb_pct_b":0.931120371551948,"atr":5.200139948467255,"atr_pct":2.646516261941969,"rs_vs_bench":2.6046935642941804},"MSFT":{"current":413.7200012207031,"sma_20":377.91149749755857,"sma_50":391.7808026123047,"sma_200":470.7439077758789,"rsi":68.31426925835048,"avg_vol_20":32650210.9,"current_vol":"7894918","vol_ratio":0.24180297101848125,"high_52w":539.8252563476562,"low_52w":356.3916320800781,"off_high":-23.360384428871424,"off_low":16.08577867163385,"trend_signals":["Death Cross","Above 20d","Above 50d"],"macd":0.7163108952466928,"macd_signal":-5.486464665479041,"macd_histogram":6.202775560725734,"macd_crossover":null,"bb_upper":407.4608413353306,"bb_lower":348.36215365978654,"bb_width":15.638234895440261,"bb_pct_b":1.1059103024374375,"atr":9.749953110668926,"atr_pct":2.3566550038434606,"rs_vs_bench":-1.0874623974231667},"AMZN":{"current":245.50999450683594,"sma_20":219.12099990844726,"sma_50":213.8088003540039,"sma_200":225.41305000305175,"rsi":71.65170047046733,"avg_vol_20":44631034.9,"current_vol":"6137598","vol_ratio":0.13751861263696577,"high_52w":254.0,"low_52w":167.32000732421875,"off_high":-3.342521847702387,"off_low":46.730805498416665,"trend_signals":["Death Cross","Above 20d","Above 50d"],"macd":8.843959371387996,"macd_signal":4.499069540599693,"macd_histogram":4.344889830788302,"macd_crossover":null,"bb_upper":252.3574178314362,"bb_lower":185.8845819854583,"bb_width":30.336132033785653,"bb_pct_b":0.8969891499669697,"atr":6.516265689875267,"atr_pct":2.6541753230717573,"rs_vs_bench":10.167193910550187},"AAPL":{"current":262.7099914550781,"sma_20":255.28799896240236,"sma_50":260.6602703857422,"sma_200":251.5091803741455,"rsi":56.43299480437351,"avg_vol_20":41038487.5,"current_vol":"7045450","vol_ratio":0.1716790853951428,"high_52w":285.9224548339844,"low_52w":192.32179260253906,"off_high":-8.11844714763104,"off_low":36.599179895336405,"trend_signals":["Golden Cross","Above 20d","Above 50d"],"macd":1.2267155118828441,"macd_signal":-0.2295378012279585,"macd_histogram":1.4562533131108026,"macd_crossover":null,"bb_upper":265.9879312555822,"bb_lower":244.58806666922246,"bb_width":8.382636345358108,"bb_pct_b":0.8468242737108975,"atr":5.843380504241541,"atr_pct":2.2242703720085673,"rs_vs_bench":-1.9137843685212097}}