{"AMZN":{"current":238.38499450683594,"sma_20":213.7347496032715,"sma_50":213.33570037841798,"sma_200":224.98942497253418,"rsi":71.459192693859,"avg_vol_20":44106296.25,"current_vol":"28500025","vol_ratio":0.646166815695843,"high_52w":254.0,"low_52w":167.32000732421875,"off_high":-6.147639957938607,"off_low":42.472498249963245,"trend_signals":["Death Cross","Above 20d","Above 50d"],"macd":4.946772047566611,"macd_signal":1.0402960352232478,"macd_histogram":3.9064760123433633,"macd_crossover":null,"bb_upper":235.78076894690452,"bb_lower":191.68873025963848,"bb_width":20.629326194785104,"bb_pct_b":1.059063396419534,"atr":6.465922493854769,"atr_pct":2.7123865355834513,"rs_vs_bench":10.056218006101837},"NVDA":{"current":188.60009765625,"sma_20":177.8380043029785,"sma_50":181.99419647216797,"sma_200":180.89651023864747,"rsi":61.30594736751367,"avg_vol_20":166412777.95,"current_vol":"96560759","vol_ratio":0.580248465229109,"high_52w":207.01727294921875,"low_52w":96.88717651367188,"off_high":-8.89644377524308,"off_low":94.65950442846933,"trend_signals":["Golden Cross","Above 20d","Above 50d"],"macd":0.8378968405569083,"macd_signal":-1.162342702801208,"macd_histogram":2.0002395433581164,"macd_crossover":null,"bb_upper":190.02780742095155,"bb_lower":165.64820118500546,"bb_width":13.708884291352657,"bb_pct_b":0.9414383583194841,"atr":5.281263671406256,"atr_pct":2.800244399147712,"rs_vs_bench":0.4088075701339733},"GOOG":{"current":318.1400146484375,"sma_20":298.6440002441406,"sma_50":307.3407409667969,"sma_200":269.38568649291994,"rsi":63.612326626687114,"avg_vol_20":19674583.35,"current_vol":"6165767","vol_ratio":0.3133874242881997,"high_52w":344.6571960449219,"low_52w":149.3437042236328,"off_high":-7.693784345947091,"off_low":113.025394208813,"trend_signals":["Golden Cross","Above 20d","Above 50d"],"macd":2.07984562644441,"macd_signal":-2.0668869249825157,"macd_histogram":4.1467325514269255,"macd_crossover":null,"bb_upper":325.64853761105655,"bb_lower":271.6394628772247,"bb_width":18.08476804813745,"bb_pct_b":0.8609766414325252,"atr":7.933798076524805,"atr_pct":2.4938070381659143,"rs_vs_bench":1.9793257122874053},"MSFT":{"current":381.9999084472656,"sma_20":376.4479949951172,"sma_50":392.6121923828125,"sma_200":472.0527569580078,"rsi":49.633976563450446,"avg_vol_20":31530645.9,"current_vol":"23749818","vol_ratio":0.7532296698051466,"high_52w":539.8251953125,"low_52w":356.3916320800781,"off_high":-29.236369149807974,"off_low":7.185431436121245,"trend_signals":["Death Cross","Above 20d","Below 50d"],"macd":-7.018475404319247,"macd_signal":-9.226354168943475,"macd_histogram":2.207878764624228,"macd_crossover":null,"bb_upper":399.83260249027074,"bb_lower":353.06338749996365,"bb_width":12.42381832606486,"bb_pct_b":0.6187087158358133,"atr":8.705567969203859,"atr_pct":2.2789450407435496,"rs_vs_bench":-7.015692517191052},"AAPL":{"current":257.875,"sma_20":253.67275009155273,"sma_50":260.8388330078125,"sma_200":250.58974418640136,"rsi":51.742742029261485,"avg_vol_20":39933455.9,"current_vol":"19123518","vol_ratio":0.4788846236571276,"high_52w":285.9224548339844,"low_52w":192.32179260253906,"off_high":-9.809462097081397,"off_low":34.085168669853324,"trend_signals":["Golden Cross","Above 20d","Below 50d"],"macd":-0.02660595031977664,"macd_signal":-1.3093543765070306,"macd_histogram":1.282748426187254,"macd_crossover":null,"bb_upper":261.97068279200795,"bb_lower":245.3748173910975,"bb_width":6.542234195403664,"bb_pct_b":0.7532106525892128,"atr":5.750220733276882,"atr_pct":2.229848078827681,"rs_vs_bench":-0.5281624119554795}}