{"GOOG":{"current":337.5799865722656,"sma_20":315.3449966430664,"sma_50":308.4017034912109,"sma_200":276.50128883361816,"rsi":67.12202126258609,"avg_vol_20":16462607.55,"current_vol":"3029051","vol_ratio":0.18399582148819432,"high_52w":344.6571960449219,"low_52w":152.27359008789062,"off_high":-2.053405399298212,"off_low":121.6930633719335,"trend_signals":["Golden Cross","Above 20d","Above 50d"],"macd":9.80340475998645,"macd_signal":7.379246497880869,"macd_histogram":2.42415826210558,"macd_crossover":null,"bb_upper":359.4603628991483,"bb_lower":271.22963038698447,"bb_width":27.979112860963102,"bb_pct_b":0.7520095809715036,"atr":7.221976795221717,"atr_pct":2.139337959146376,"rs_vs_bench":6.22148551269699},"AMZN":{"current":261.1199951171875,"sma_20":232.80800018310546,"sma_50":218.58359985351564,"sma_200":226.3897499847412,"rsi":79.23472195588882,"avg_vol_20":44493930.8,"current_vol":"14882916","vol_ratio":0.334493170920291,"high_52w":261.1199951171875,"low_52w":184.4199981689453,"off_high":0.0,"off_low":41.58984801527765,"trend_signals":["Death Cross","Above 20d","Above 50d"],"macd":11.799169837797876,"macd_signal":9.327806172351808,"macd_histogram":2.4713636654460682,"macd_crossover":null,"bb_upper":274.3283202248178,"bb_lower":191.2876801413931,"bb_width":35.66915227058886,"bb_pct_b":0.8409414342861413,"atr":6.429325021115906,"atr_pct":2.462210915035634,"rs_vs_bench":13.90137886435112},"AAPL":{"current":272.3467102050781,"sma_20":261.46283493041994,"sma_50":260.17113403320315,"sma_200":253.34925209045412,"rsi":61.42394627195736,"avg_vol_20":40461354.75,"current_vol":"6396895","vol_ratio":0.15809888323128873,"high_52w":285.9224548339844,"low_52w":194.67758178710938,"off_high":-4.748051228361465,"off_low":39.89628785450201,"trend_signals":["Golden Cross","Above 20d","Above 50d"],"macd":4.1220710951283195,"macd_signal":2.5115069786844217,"macd_histogram":1.6105641164438977,"macd_crossover":null,"bb_upper":277.7182297710973,"bb_lower":245.20744008974256,"bb_width":12.434191532424276,"bb_pct_b":0.834777327199167,"atr":5.8490357100801,"atr_pct":2.147643239632215,"rs_vs_bench":-7.626785122425606},"MSFT":{"current":417.8299865722656,"sma_20":391.6324996948242,"sma_50":393.8483441162109,"sma_200":468.6211085510254,"rsi":60.71344938994926,"avg_vol_20":32605425.7,"current_vol":"5781914","vol_ratio":0.17732981170676756,"high_52w":539.8251953125,"low_52w":356.7699890136719,"off_high":-22.59902090520477,"off_low":17.114667555811106,"trend_signals":["Death Cross","Above 20d","Above 50d"],"macd":9.310449376965096,"macd_signal":4.536016756926756,"macd_histogram":4.77443262003834,"macd_crossover":null,"bb_upper":442.5787473860435,"bb_lower":340.6862520036049,"bb_width":26.017374825081507,"bb_pct_b":0.7571090910975629,"atr":10.253745307023465,"atr_pct":2.4540472528412063,"rs_vs_bench":0.023771957300855462},"NVDA":{"current":202.75990295410156,"sma_20":188.1074951171875,"sma_50":184.9113864135742,"sma_200":182.80364051818847,"rsi":67.47255786138685,"avg_vol_20":142105029.95,"current_vol":"35686299","vol_ratio":0.25112621989915707,"high_52w":207.01727294921875,"low_52w":106.40492248535156,"off_high":-2.0565288753279627,"off_low":90.55500273684697,"trend_signals":["Golden Cross","Above 20d","Above 50d"],"macd":6.068827929808322,"macd_signal":4.490071228838511,"macd_histogram":1.5787567009698105,"macd_crossover":null,"bb_upper":213.38275374217991,"bb_lower":162.8322364921951,"bb_width":26.873207374588006,"bb_pct_b":0.7898567340954055,"atr":4.897715923651018,"atr_pct":2.4155248904216067,"rs_vs_bench":3.945337557456675}}