{"GOOG":{"current":315.7200012207031,"sma_20":297.8099990844727,"sma_50":307.7463726806641,"sma_200":268.6505094909668,"rsi":62.09065641631337,"avg_vol_20":20209170.0,"current_vol":"11977800","vol_ratio":0.5926913376452373,"high_52w":344.6571960449219,"low_52w":149.3437042236328,"off_high":-8.395935194820984,"off_low":111.40496203839452,"trend_signals":["Golden Cross","Above 20d","Above 50d"],"macd":0.8984708921441324,"macd_signal":-3.1035700484031215,"macd_histogram":4.0020409405472535,"macd_crossover":null,"bb_upper":323.2651733183521,"bb_lower":272.3548248505933,"bb_width":17.094909044111134,"bb_pct_b":0.8517949233361216,"atr":8.187175424533693,"atr_pct":2.5931760398070165,"rs_vs_bench":1.6782816196301065},"AMZN":{"current":238.3800048828125,"sma_20":212.19899978637696,"sma_50":213.40260040283204,"sma_200":224.85745002746583,"rsi":71.45660675668297,"avg_vol_20":44464400.0,"current_vol":"56842200","vol_ratio":1.278375509396281,"high_52w":254.0,"low_52w":167.32000732421875,"off_high":-6.149604376845472,"off_low":42.46951616545152,"trend_signals":["Death Cross","Above 20d","Above 50d"],"macd":3.6214857202076587,"macd_signal":0.06367701289282357,"macd_histogram":3.5578087073148352,"macd_crossover":null,"bb_upper":231.0647537137384,"bb_lower":193.3332458590155,"bb_width":17.781190247224362,"bb_pct_b":1.1938764598870497,"atr":6.688685195822246,"atr_pct":2.805891878016531,"rs_vs_bench":11.735853754819757},"NVDA":{"current":188.6300048828125,"sma_20":177.420499420166,"sma_50":182.07218597412108,"sma_200":180.72493171691895,"rsi":61.3516689531204,"avg_vol_20":169634160.0,"current_vol":"160099500","vol_ratio":0.9437928068261723,"high_52w":207.01727294921875,"low_52w":96.88717651367188,"off_high":-8.881997045201459,"off_low":94.69037252437083,"trend_signals":["Golden Cross","Above 20d","Above 50d"],"macd":0.12882478608344172,"macd_signal":-1.6624025898684247,"macd_histogram":1.7912273759518664,"macd_crossover":null,"bb_upper":188.5873445065013,"bb_lower":166.25365433383072,"bb_width":12.587998706834929,"bb_pct_b":1.0019101355835682,"atr":5.38674637300517,"atr_pct":2.8557208469308573,"rs_vs_bench":1.5970669500905421},"MSFT":{"current":370.8699951171875,"sma_20":377.12549896240233,"sma_50":393.62245056152346,"sma_200":472.5898913574219,"rsi":38.372568456299845,"avg_vol_20":31685555.0,"current_vol":"28038000","vol_ratio":0.8848827170614496,"high_52w":539.8252563476562,"low_52w":356.3916320800781,"off_high":-31.298139396734488,"off_low":4.062486807730719,"trend_signals":["Death Cross","Below 20d","Below 50d"],"macd":-8.315402610923059,"macd_signal":-9.778323861668177,"macd_histogram":1.4629212507451186,"macd_crossover":null,"bb_upper":401.92945248827914,"bb_lower":352.3215454365255,"bb_width":13.154217147406225,"bb_pct_b":0.37390107309528786,"atr":8.467533334448346,"atr_pct":2.283154055580251,"rs_vs_bench":-9.29144604896981},"AAPL":{"current":260.4800109863281,"sma_20":253.2849998474121,"sma_50":260.84210388183595,"sma_200":250.30511138916015,"rsi":55.64814811787282,"avg_vol_20":40823780.0,"current_vol":"31259500","vol_ratio":0.7657179222502178,"high_52w":285.9224548339844,"low_52w":192.32177734375,"off_high":-8.898372064701578,"off_low":35.43968581402729,"trend_signals":["Golden Cross","Above 20d","Below 50d"],"macd":-0.16147646330011867,"macd_signal":-1.630041453087397,"macd_histogram":1.4685649897872783,"macd_crossover":null,"bb_upper":261.48025742737815,"bb_lower":245.08974226744607,"bb_width":6.4711748306478105,"bb_pct_b":0.9389740693754882,"atr":5.898698706173168,"atr_pct":2.2645494692039057,"rs_vs_bench":1.0899840266284544}}