{"NVDA":{"current":201.97500610351562,"sma_20":197.40025100708007,"sma_50":187.22209594726561,"sma_200":183.8589599609375,"rsi":56.14895090724076,"avg_vol_20":141598597.25,"current_vol":"14247345","vol_ratio":0.10061783998358077,"high_52w":216.61000061035156,"low_52w":111.58370208740234,"off_high":-6.756379883476417,"off_low":81.00762237240589,"trend_signals":["Golden Cross","Above 20d","Above 50d"],"macd":6.524370231860843,"macd_signal":6.410642144405633,"macd_histogram":0.11372808745520935,"macd_crossover":null,"bb_upper":219.4289127218653,"bb_lower":175.37158929229486,"bb_width":22.318777815530865,"bb_pct_b":0.6038364280968794,"atr":6.1038473781546125,"atr_pct":3.0220805514055966,"rs_vs_bench":-0.6017019989238648},"GOOG":{"current":377.6400146484375,"sma_20":334.57149810791014,"sma_50":314.0619860839844,"sma_200":281.00131072998045,"rsi":78.3664993097611,"avg_vol_20":16718786.75,"current_vol":"5071335","vol_ratio":0.30333152015351833,"high_52w":381.94000244140625,"low_52w":152.27359008789062,"off_high":-1.1258280791440312,"off_low":148.00099244423663,"trend_signals":["Golden Cross","Above 20d","Above 50d"],"macd":15.86385697751814,"macd_signal":11.409804546787083,"macd_histogram":4.454052430731057,"macd_crossover":null,"bb_upper":376.5741952389352,"bb_lower":292.5688009768851,"bb_width":25.108353442275483,"bb_pct_b":1.0126875115445269,"atr":9.618303808450198,"atr_pct":2.5469503853833713,"rs_vs_bench":12.568826013207568},"MSFT":{"current":413.951904296875,"sma_20":405.54859619140626,"sma_50":396.1006378173828,"sma_200":466.63281890869143,"rsi":54.26408547750692,"avg_vol_20":33325262.45,"current_vol":"3628049","vol_ratio":0.10886782978658882,"high_52w":539.8251953125,"low_52w":356.7699890136719,"off_high":-23.317416843198302,"off_low":16.027669659460017,"trend_signals":["Death Cross","Above 20d","Above 50d"],"macd":8.449982715017484,"macd_signal":8.015433948097781,"macd_histogram":0.43454876691970235,"macd_crossover":null,"bb_upper":450.60079108974895,"bb_lower":360.49640129306357,"bb_width":22.217902032672534,"bb_pct_b":0.5932619168103824,"atr":11.147432124683569,"atr_pct":2.692929301441004,"rs_vs_bench":-3.2859835219881237},"AAPL":{"current":282.2200012207031,"sma_20":266.46299896240237,"sma_50":261.26019958496096,"sma_200":254.91176818847657,"rsi":67.85396754894363,"avg_vol_20":42422785.1,"current_vol":"13979902","vol_ratio":0.32953758144464684,"high_52w":285.9224548339844,"low_52w":194.67758178710938,"off_high":-1.2949152998252662,"off_low":44.96789955472438,"trend_signals":["Golden Cross","Above 20d","Above 50d"],"macd":4.527178175863924,"macd_signal":3.488025014719529,"macd_histogram":1.0391531611443945,"macd_crossover":null,"bb_upper":280.62369064196093,"bb_lower":252.3023072828438,"bb_width":10.628636422092228,"bb_pct_b":1.0563641457234225,"atr":6.353039619695952,"atr_pct":2.2510947460196897,"rs_vs_bench":-5.276570495432397},"AMZN":{"current":263.4750061035156,"sma_20":247.12625045776366,"sma_50":224.70510040283204,"sma_200":227.35352500915528,"rsi":73.90562670466382,"avg_vol_20":47751719.95,"current_vol":"4034999","vol_ratio":0.08449955319358082,"high_52w":265.05999755859375,"low_52w":185.00999450683594,"off_high":-0.5979745980823641,"off_low":42.411228542456115,"trend_signals":["Death Cross","Above 20d","Above 50d"],"macd":12.172286390657746,"macd_signal":11.315129886017111,"macd_histogram":0.8571565046406349,"macd_crossover":null,"bb_upper":279.2973459287953,"bb_lower":214.955154986732,"bb_width":26.036162011473586,"bb_pct_b":0.7540907514398,"atr":6.949135234253637,"atr_pct":2.6374931485999924,"rs_vs_bench":9.518505106294883}}