{"NVDA":{"current":209.36000061035156,"sma_20":188.4375,"sma_50":185.04338836669922,"sma_200":182.83664123535155,"rsi":72.179420806679,"avg_vol_20":145721616.05,"current_vol":"108018021","vol_ratio":0.7412628539813672,"high_52w":209.36000061035156,"low_52w":106.40492248535156,"off_high":0.0,"off_low":96.75781507117165,"trend_signals":["Golden Cross","Above 20d","Above 50d"],"macd":6.595331446540683,"macd_signal":4.595371932177984,"macd_histogram":1.9999595143626996,"macd_crossover":null,"bb_upper":214.67239716118456,"bb_lower":162.20260283881544,"bb_width":27.844666970411474,"bb_pct_b":0.8987532423284496,"atr":5.377001027585741,"atr_pct":2.5683038841756103,"rs_vs_bench":7.152884433278285},"AMZN":{"current":262.69000244140625,"sma_20":232.8865005493164,"sma_50":218.615,"sma_200":226.3976000213623,"rsi":79.86987028249675,"avg_vol_20":44997222.25,"current_vol":"24948745","vol_ratio":0.5544507805701273,"high_52w":262.69000244140625,"low_52w":184.4199981689453,"off_high":0.0,"off_low":42.44116963972561,"trend_signals":["Death Cross","Above 20d","Above 50d"],"macd":11.924412587308211,"macd_signal":9.352854722253875,"macd_histogram":2.571557865054336,"macd_crossover":null,"bb_upper":274.63749774738466,"bb_lower":191.13550335124813,"bb_width":35.8552317112318,"bb_pct_b":0.8569196413525281,"atr":6.533296229960771,"atr_pct":2.487074562884456,"rs_vs_bench":13.956642230806395},"MSFT":{"current":419.2950134277344,"sma_20":391.7057510375977,"sma_50":393.8776446533203,"sma_200":468.62843368530275,"rsi":61.345528868541784,"avg_vol_20":32829699.1,"current_vol":"10267382","vol_ratio":0.31274675922935885,"high_52w":539.8251953125,"low_52w":356.7699890136719,"off_high":-22.327631783653924,"off_low":17.525303792205026,"trend_signals":["Death Cross","Above 20d","Above 50d"],"macd":9.427317616147775,"macd_signal":4.559390404763292,"macd_histogram":4.867927211384483,"macd_crossover":null,"bb_upper":442.8145509035739,"bb_lower":340.59695117162147,"bb_width":26.095506502313548,"bb_pct_b":0.7699071633699545,"atr":10.27660297303909,"atr_pct":2.4509242046615145,"rs_vs_bench":-0.29793120550742813},"GOOG":{"current":342.5849914550781,"sma_20":315.59524688720705,"sma_50":308.5018035888672,"sma_200":276.5263138580322,"rsi":69.7926977664836,"avg_vol_20":16675101.4,"current_vol":"7278928","vol_ratio":0.43651476686072804,"high_52w":344.6571960449219,"low_52w":152.2735595703125,"off_high":-0.6012364208909955,"off_low":124.9799587149528,"trend_signals":["Golden Cross","Above 20d","Above 50d"],"macd":10.202664408760597,"macd_signal":7.459098427639271,"macd_histogram":2.7435659811213267,"macd_crossover":null,"bb_upper":360.2946083593408,"bb_lower":270.8958854150733,"bb_width":28.327018174712382,"bb_pct_b":0.8019030214189622,"atr":7.54947618486018,"atr_pct":2.203679779664286,"rs_vs_bench":7.317391549012342},"AAPL":{"current":270.9700012207031,"sma_20":261.39399948120115,"sma_50":260.14359985351564,"sma_200":253.34236854553222,"rsi":59.58960152171376,"avg_vol_20":40736684.1,"current_vol":"11903482","vol_ratio":0.29220547187344587,"high_52w":285.9224548339844,"low_52w":194.67758178710938,"off_high":-5.229548557829471,"off_low":39.1891139869529,"trend_signals":["Golden Cross","Above 20d","Above 50d"],"macd":4.012248156203839,"macd_signal":2.489542390899526,"macd_histogram":1.522705765304313,"macd_crossover":null,"bb_upper":277.4659596686661,"bb_lower":245.32203929373622,"bb_width":12.297114868255255,"bb_pct_b":0.7979101997455988,"atr":5.870465589404877,"atr_pct":2.1664632848502756,"rs_vs_bench":-8.912464138785545}}