{"AMZN":{"current":263.989990234375,"sma_20":232.95149993896484,"sma_50":218.64099975585938,"sma_200":226.40409996032716,"rsi":80.36710265056823,"avg_vol_20":46441525.0,"current_vol":"53695200","vol_ratio":1.1561894231509409,"high_52w":263.989990234375,"low_52w":184.4199981689453,"off_high":0.0,"off_low":43.14607572685063,"trend_signals":["Death Cross","Above 20d","Above 50d"],"macd":12.028115307236106,"macd_signal":9.37359525353924,"macd_histogram":2.654520053696867,"macd_crossover":null,"bb_upper":274.90143561560075,"bb_lower":191.00156426232894,"bb_width":36.01602538522149,"bb_pct_b":0.8699468163034288,"atr":6.640439069486699,"atr_pct":2.5154132032018333,"rs_vs_bench":14.425697946623448},"NVDA":{"current":208.27000427246094,"sma_20":188.38300018310548,"sma_50":185.0215884399414,"sma_200":182.8311912536621,"rsi":71.49829525889405,"avg_vol_20":151040830.0,"current_vol":"213780100","vol_ratio":1.415379536778234,"high_52w":208.27000427246094,"low_52w":108.70438385009766,"off_high":0.0,"off_low":91.59301299169623,"trend_signals":["Golden Cross","Above 20d","Above 50d"],"macd":6.508380153042111,"macd_signal":4.577981649742294,"macd_histogram":1.9303985032998172,"macd_crossover":null,"bb_upper":214.43880861666952,"bb_lower":162.32719174954144,"bb_width":27.66258994520544,"bb_pct_b":0.8816232403623643,"atr":5.449858498656931,"atr_pct":2.6167275108552697,"rs_vs_bench":6.319127784683463},"GOOG":{"current":342.32000732421875,"sma_20":315.5819976806641,"sma_50":308.49650390625,"sma_200":276.52498947143556,"rsi":69.6667033342315,"avg_vol_20":17225880.0,"current_vol":"18243400","vol_ratio":1.0590692609027812,"high_52w":344.6571960449219,"low_52w":152.27357482910156,"off_high":-0.678119809341947,"off_low":124.80591770989061,"trend_signals":["Golden Cross","Above 20d","Above 50d"],"macd":10.181526062989974,"macd_signal":7.454870745087011,"macd_histogram":2.7266553179029627,"macd_crossover":null,"bb_upper":360.2478196520995,"bb_lower":270.91617570922864,"bb_width":28.30695179047099,"bb_pct_b":0.7993117384098976,"atr":7.628405553669955,"atr_pct":2.228442799267916,"rs_vs_bench":7.037506957932994},"AAPL":{"current":271.05999755859375,"sma_20":261.3984992980957,"sma_50":260.14539978027346,"sma_200":253.34281860351564,"rsi":59.70616031721737,"avg_vol_20":42053420.0,"current_vol":"38124500","vol_ratio":0.9065731158131729,"high_52w":285.9224548339844,"low_52w":194.67758178710938,"off_high":-5.1980727725705345,"off_low":39.23534239037998,"trend_signals":["Golden Cross","Above 20d","Above 50d"],"macd":4.019427347706937,"macd_signal":2.4909782246992505,"macd_histogram":1.5284491230076869,"macd_crossover":null,"bb_upper":277.4817946518436,"bb_lower":245.31520394434787,"bb_width":12.305575890400702,"bb_pct_b":0.8003581681488745,"atr":5.881179419829673,"atr_pct":2.169696551612477,"rs_vs_bench":-9.059382252073721},"MSFT":{"current":424.6199951171875,"sma_20":391.9720001220703,"sma_50":393.98414428710936,"sma_200":468.65505905151366,"rsi":63.481118429862015,"avg_vol_20":33694865.0,"current_vol":"27413900","vol_ratio":0.8135928130295225,"high_52w":539.8251953125,"low_52w":356.7699890136719,"off_high":-21.34120474473616,"off_low":19.017856936648204,"trend_signals":["Death Cross","Above 20d","Above 50d"],"macd":9.852102461838399,"macd_signal":4.644347350490474,"macd_histogram":5.207755111347925,"macd_crossover":null,"bb_upper":443.7372232689447,"bb_lower":340.2067769751959,"bb_width":26.41271475041756,"bb_pct_b":0.8153468005197664,"atr":10.49160362337051,"atr_pct":2.47082185107063,"rs_vs_bench":1.0115316645596302}}