{"NVDA":{"current":198.2989044189453,"sma_20":179.35644454956054,"sma_50":182.37018005371092,"sma_200":181.31051414489747,"rsi":69.3765611088402,"avg_vol_20":163888809.7,"current_vol":"150571394","vol_ratio":0.9187411530758101,"high_52w":207.01727294921875,"low_52w":96.88717651367188,"off_high":-4.21142081820972,"off_low":104.66991768612752,"trend_signals":["Golden Cross","Above 20d","Above 50d"],"macd":3.0898697857864477,"macd_signal":0.21069942669415997,"macd_histogram":2.8791703590922877,"macd_crossover":null,"bb_upper":196.50631536440306,"bb_lower":162.206573734718,"bb_width":19.123785440677157,"bb_pct_b":1.0522624652364971,"atr":5.364766260945141,"atr_pct":2.705393797643491,"rs_vs_bench":2.7646681451564357},"GOOG":{"current":333.4200134277344,"sma_20":301.2059982299805,"sma_50":306.98316284179685,"sma_200":270.95149948120115,"rsi":71.4712865154182,"avg_vol_20":19915705.1,"current_vol":"9443702","vol_ratio":0.4741836632236535,"high_52w":344.6571960449219,"low_52w":149.34368896484375,"off_high":-3.260394022274489,"off_low":123.25684850748739,"trend_signals":["Golden Cross","Above 20d","Above 50d"],"macd":5.689348739911225,"macd_signal":0.4723850659809703,"macd_histogram":5.2169636739302545,"macd_crossover":null,"bb_upper":335.0959496469305,"bb_lower":267.3160468130305,"bb_width":22.50283966196047,"bb_pct_b":0.9752738474219546,"atr":8.093173185185067,"atr_pct":2.4273207543791266,"rs_vs_bench":1.6969504187654296},"MSFT":{"current":411.9800109863281,"sma_20":376.8529983520508,"sma_50":391.72707397460937,"sma_200":471.15179397583006,"rsi":67.56345763326338,"avg_vol_20":33076083.15,"current_vol":"35297163","vol_ratio":1.0671506308630139,"high_52w":539.8251953125,"low_52w":356.3916015625,"off_high":-23.68270051792663,"off_low":15.597564359013003,"trend_signals":["Death Cross","Above 20d","Above 50d"],"macd":-1.8097285753089523,"macd_signal":-7.025033136799888,"macd_histogram":5.215304561490936,"macd_crossover":null,"bb_upper":402.3447538330603,"bb_lower":351.3612428710413,"bb_width":13.528752904969824,"bb_pct_b":1.1889877133107956,"atr":9.82455839325836,"atr_pct":2.384717251144594,"rs_vs_bench":-2.003851550112512},"AAPL":{"current":265.70001220703125,"sma_20":254.61300048828124,"sma_50":260.7760327148437,"sma_200":251.21471855163574,"rsi":61.53523728452998,"avg_vol_20":41611610.9,"current_vol":"32485018","vol_ratio":0.78067196384363,"high_52w":285.9224548339844,"low_52w":192.32177734375,"off_high":-7.072701806052593,"off_low":38.15388765471279,"trend_signals":["Golden Cross","Above 20d","Above 50d"],"macd":0.906325200768265,"macd_signal":-0.6052475923272997,"macd_histogram":1.5115727930955647,"macd_crossover":null,"bb_upper":264.7954337508495,"bb_lower":244.430567225713,"bb_width":7.998360840209262,"bb_pct_b":1.0444185801593753,"atr":5.851412706045438,"atr_pct":2.202262866847769,"rs_vs_bench":-0.8516057769810903},"AMZN":{"current":248.77999877929688,"sma_20":217.35299987792968,"sma_50":213.67660034179687,"sma_200":225.2838500213623,"rsi":76.01277844365401,"avg_vol_20":45587138.2,"current_vol":"30374264","vol_ratio":0.6662902125319198,"high_52w":254.0,"low_52w":167.32000732421875,"off_high":-2.055118590828002,"off_low":48.685146957489515,"trend_signals":["Death Cross","Above 20d","Above 50d"],"macd":8.18494801482197,"macd_signal":3.4173142658112994,"macd_histogram":4.76763374901067,"macd_crossover":null,"bb_upper":248.4398007726994,"bb_lower":186.26619898315994,"bb_width":28.604897022105774,"bb_pct_b":1.0054717435825746,"atr":6.66367024437839,"atr_pct":2.6785393830192956,"rs_vs_bench":11.382927832033541}}