{"MSFT":{"current":376.1000061035156,"sma_20":380.35399932861327,"sma_50":397.9794268798828,"sma_200":473.73140319824216,"rsi":42.68780670702205,"avg_vol_20":30637047.35,"current_vol":"18474347","vol_ratio":0.6030067711469591,"high_52w":539.8251953125,"low_52w":351.8662414550781,"off_high":-30.329297452336455,"off_low":6.887209340749265,"trend_signals":["Death Cross","Below 20d","Below 50d"],"macd":-9.18463209575225,"macd_signal":-10.47268425125874,"macd_histogram":1.2880521555064899,"macd_crossover":null,"bb_upper":409.4949383510316,"bb_lower":351.21306030619496,"bb_width":15.32306171296046,"bb_pct_b":0.4270100180741427,"atr":8.732742215541467,"atr_pct":2.321920253608801,"rs_vs_bench":-7.072899975686287},"AMZN":{"current":222.63499450683594,"sma_20":209.77574920654297,"sma_50":213.74350006103515,"sma_200":224.61042503356933,"rsi":61.75010756271843,"avg_vol_20":41115586.35,"current_vol":"29499927","vol_ratio":0.7174876882182661,"high_52w":254.0,"low_52w":167.32000732421875,"off_high":-12.34842735951341,"off_low":33.0593980165399,"trend_signals":["Death Cross","Above 20d","Above 50d"],"macd":0.2169274819832765,"macd_signal":-1.47956467011791,"macd_histogram":1.6964921521011864,"macd_crossover":null,"bb_upper":219.63675681816952,"bb_lower":199.91474159491642,"bb_width":9.401475288659324,"bb_pct_b":1.1520249150366424,"atr":6.2231069604746905,"atr_pct":2.7952061059671425,"rs_vs_bench":4.730888107563391},"NVDA":{"current":181.93499755859375,"sma_20":177.24474868774413,"sma_50":182.21887451171875,"sma_200":180.32161376953124,"rsi":54.44894170330686,"avg_vol_20":168137685.0,"current_vol":"98919200","vol_ratio":0.5883226000167661,"high_52w":207.01727294921875,"low_52w":96.27731323242188,"off_high":-12.116030239069795,"off_low":88.96974941478344,"trend_signals":["Golden Cross","Above 20d","Below 50d"],"macd":-1.4621818744812742,"macd_signal":-2.4447931775588545,"macd_histogram":0.9826113030775803,"macd_crossover":null,"bb_upper":187.80225022664663,"bb_lower":166.68724714884164,"bb_width":11.912907566589604,"bb_pct_b":0.7221287325209894,"atr":5.476699806725392,"atr_pct":3.0102508479500067,"rs_vs_bench":-2.1658798989288686},"AAPL":{"current":257.54998779296875,"sma_20":252.99749908447265,"sma_50":260.6802801513672,"sma_200":249.69641693115236,"rsi":52.271559400831194,"avg_vol_20":40236725.3,"current_vol":"22430606","vol_ratio":0.5574659923927756,"high_52w":285.9224548339844,"low_52w":171.67176818847656,"off_high":-9.923133549440731,"off_low":50.02466072942606,"trend_signals":["Golden Cross","Above 20d","Below 50d"],"macd":-1.251801053097978,"macd_signal":-2.368889504793094,"macd_histogram":1.1170884516951158,"macd_crossover":null,"bb_upper":260.43991832742995,"bb_lower":245.55507984151535,"bb_width":5.883393527516547,"bb_pct_b":0.8058473703160489,"atr":6.1900226365980835,"atr_pct":2.403425715389249,"rs_vs_bench":-1.2145771950981987},"GOOG":{"current":316.0400085449219,"sma_20":296.8520004272461,"sma_50":308.5467218017578,"sma_200":267.1615598297119,"rsi":62.50636025346882,"avg_vol_20":19907679.35,"current_vol":"12887387","vol_ratio":0.6473575735988534,"high_52w":344.6571960449219,"low_52w":146.07501220703125,"off_high":-8.30308719167729,"off_low":116.35460012626955,"trend_signals":["Golden Cross","Above 20d","Above 50d"],"macd":-1.959831285901771,"macd_signal":-5.015344197712149,"macd_histogram":3.0555129118103777,"macd_crossover":null,"bb_upper":320.1653447484089,"bb_lower":273.53865610608324,"bb_width":15.707048824066517,"bb_pct_b":0.9115241437123577,"atr":8.471276871563573,"atr_pct":2.680444450867513,"rs_vs_bench":2.506033839041577}}