{"AMZN":{"current":260.0799865722656,"sma_20":244.19199981689454,"sma_50":223.43320007324218,"sma_200":227.1271999359131,"rsi":70.92231733154152,"avg_vol_20":46850187.7,"current_vol":"57552454","vol_ratio":1.2284359321787732,"high_52w":263.989990234375,"low_52w":184.4199981689453,"off_high":-1.4811181509715592,"off_low":41.02591321685675,"trend_signals":["Death Cross","Above 20d","Above 50d"],"macd":11.977269956746113,"macd_signal":11.021387627801685,"macd_histogram":0.955882328944428,"macd_crossover":null,"bb_upper":278.8887093491914,"bb_lower":209.49529028459767,"bb_width":28.417564505236797,"bb_pct_b":0.7289552376801324,"atr":7.24090839825067,"atr_pct":2.7841082636470826,"rs_vs_bench":10.446185658636841},"GOOG":{"current":378.30999755859375,"sma_20":330.2309967041016,"sma_50":312.5035113525391,"sma_200":280.0117456817627,"rsi":81.74166637964676,"avg_vol_20":16191494.55,"current_vol":"25973191","vol_ratio":1.6041256055636939,"high_52w":378.30999755859375,"low_52w":152.27357482910156,"off_high":0.0,"off_low":148.44100362336377,"trend_signals":["Golden Cross","Above 20d","Above 50d"],"macd":13.923233172544371,"macd_signal":10.23837684264755,"macd_histogram":3.684856329896821,"macd_crossover":null,"bb_upper":369.7720323412247,"bb_lower":290.68996106697847,"bb_width":23.947501010968544,"bb_pct_b":1.1079633484530331,"atr":9.573658967476632,"atr_pct":2.530638637429569,"rs_vs_bench":14.938641188095692},"MSFT":{"current":399.9750061035156,"sma_20":403.13375091552734,"sma_50":395.63469970703125,"sma_200":467.0375332641602,"rsi":47.30682273070611,"avg_vol_20":32620502.85,"current_vol":"37728257","vol_ratio":1.156581097890709,"high_52w":539.8252563476562,"low_52w":356.7699890136719,"off_high":-25.906577841566342,"off_low":12.11004804784409,"trend_signals":["Death Cross","Below 20d","Above 50d"],"macd":8.62099081160693,"macd_signal":7.782272837130908,"macd_histogram":0.8387179744760225,"macd_crossover":null,"bb_upper":450.171463492252,"bb_lower":356.0960383388027,"bb_width":23.336033001404992,"bb_pct_b":0.4664232735928709,"atr":11.351850751576322,"atr_pct":2.8381400283392715,"rs_vs_bench":-6.437388457796289},"NVDA":{"current":200.9600067138672,"sma_20":196.24050064086913,"sma_50":186.96819244384767,"sma_200":183.7127426147461,"rsi":55.499143800966145,"avg_vol_20":143073957.3,"current_vol":"127275946","vol_ratio":0.8895815031740929,"high_52w":216.61000061035156,"low_52w":108.89433288574219,"off_high":-7.2249636916055096,"off_low":84.54588167111072,"trend_signals":["Golden Cross","Above 20d","Above 50d"],"macd":7.222904384430791,"macd_signal":6.404386767111614,"macd_histogram":0.818517617319177,"macd_crossover":null,"bb_upper":219.92944803506649,"bb_lower":172.55155324667177,"bb_width":24.14277105575615,"bb_pct_b":0.5996140941693785,"atr":6.309528520652407,"atr_pct":3.139693625526247,"rs_vs_bench":-0.2501041390093661},"AAPL":{"current":272.0899963378906,"sma_20":265.1849983215332,"sma_50":260.8421990966797,"sma_200":254.55198013305665,"rsi":59.47331199971979,"avg_vol_20":39845943.35,"current_vol":"21505367","vol_ratio":0.5397128337783474,"high_52w":285.9224548339844,"low_52w":194.67758178710938,"off_high":-4.8378356656616255,"off_low":39.764421686435355,"trend_signals":["Golden Cross","Above 20d","Above 50d"],"macd":3.7670029652276185,"macd_signal":3.2400428413333016,"macd_histogram":0.5269601238943169,"macd_crossover":null,"bb_upper":278.0852711907369,"bb_lower":252.28472545232955,"bb_width":9.72926293029763,"bb_pct_b":0.7676299209469225,"atr":5.727889998648057,"atr_pct":2.1051453841525904,"rs_vs_bench":-7.218835743137486}}