{"AMZN":{"current":255.73500061035156,"sma_20":230.16175003051757,"sma_50":217.4558999633789,"sma_200":226.20012496948243,"rsi":77.00700561927421,"avg_vol_20":45500942.5,"current_vol":"27315150","vol_ratio":0.6003205318219508,"high_52w":255.73500061035156,"low_52w":180.60000610351562,"off_high":0.0,"off_low":41.60298558559868,"trend_signals":["Death Cross","Above 20d","Above 50d"],"macd":11.300459800600663,"macd_signal":8.720415414602865,"macd_histogram":2.580044385997798,"macd_crossover":null,"bb_upper":270.98268440936613,"bb_lower":189.340815651669,"bb_width":35.471518941297624,"bb_pct_b":0.8132369575680857,"atr":6.426626855298786,"atr_pct":2.5130024595619043,"rs_vs_bench":9.762397932937361},"GOOG":{"current":338.05999755859375,"sma_20":312.51849670410155,"sma_50":307.87851989746093,"sma_200":275.7012422943115,"rsi":67.47436571371091,"avg_vol_20":17590367.8,"current_vol":"9719856","vol_ratio":0.5525669565590322,"high_52w":344.6571960449219,"low_52w":152.27359008789062,"off_high":-1.914133394582674,"off_low":122.00829268126488,"trend_signals":["Golden Cross","Above 20d","Above 50d"],"macd":9.736066824531747,"macd_signal":6.77815278341983,"macd_histogram":2.957914041111917,"macd_crossover":null,"bb_upper":357.94420947614003,"bb_lower":267.09278393206307,"bb_width":29.070735493168847,"bb_pct_b":0.7811348385733433,"atr":7.47295139646234,"atr_pct":2.210539978237769,"rs_vs_bench":6.9578356034492685},"NVDA":{"current":199.11500549316406,"sma_20":186.5052505493164,"sma_50":184.6464828491211,"sma_200":182.60148078918456,"rsi":63.77874599668088,"avg_vol_20":148423576.9,"current_vol":"89189438","vol_ratio":0.6009115253979571,"high_52w":207.01727294921875,"low_52w":102.68579864501953,"off_high":-3.8172019868086613,"off_low":93.90705250440348,"trend_signals":["Golden Cross","Above 20d","Above 50d"],"macd":5.867226651986641,"macd_signal":4.087006104905208,"macd_histogram":1.7802205470814334,"macd_crossover":null,"bb_upper":211.80815591915274,"bb_lower":161.20234517948006,"bb_width":27.1337190725852,"bb_pct_b":0.749176028593139,"atr":4.998964100073388,"atr_pct":2.510591347795237,"rs_vs_bench":2.8186864639377696},"AAPL":{"current":274.1199951171875,"sma_20":260.5244995117188,"sma_50":260.2479998779297,"sma_200":253.0434656524658,"rsi":63.48480332260056,"avg_vol_20":41659396.45,"current_vol":"21900429","vol_ratio":0.5257020232226624,"high_52w":285.9224548339844,"low_52w":194.67758178710938,"off_high":-4.127853380263455,"off_low":40.80717081073709,"trend_signals":["Golden Cross","Above 20d","Above 50d"],"macd":3.974727594569117,"macd_signal":2.1198745582973624,"macd_histogram":1.8548530362717548,"macd_crossover":null,"bb_upper":276.48198237826193,"bb_lower":244.5670166451756,"bb_width":12.250274270904313,"bb_pct_b":0.925991233052594,"atr":6.04280871508503,"atr_pct":2.2044392319873283,"rs_vs_bench":-5.064683176869032},"MSFT":{"current":416.0899963378906,"sma_20":389.05650024414064,"sma_50":393.56752685546877,"sma_200":469.0366683959961,"rsi":59.996137488083214,"avg_vol_20":33741345.2,"current_vol":"29913304","vol_ratio":0.8865474634366385,"high_52w":539.8251953125,"low_52w":356.7699890136719,"off_high":-22.921345659492637,"off_low":16.626961109653628,"trend_signals":["Death Cross","Above 20d","Above 50d"],"macd":9.233382710976912,"macd_signal":3.3478331217823802,"macd_histogram":5.8855495891945315,"macd_crossover":null,"bb_upper":439.70446190633567,"bb_lower":338.4085385819456,"bb_width":26.03630147827497,"bb_pct_b":0.766876446815909,"atr":10.5909502723137,"atr_pct":2.545350853307513,"rs_vs_bench":0.2354744056348732}}