{"GOOG":{"current":331.864990234375,"sma_20":307.73824615478514,"sma_50":307.24216613769534,"sma_200":274.0889047241211,"rsi":64.79402727475352,"avg_vol_20":18470592.35,"current_vol":"5146947","vol_ratio":0.2786563041655781,"high_52w":344.6571960449219,"low_52w":149.3437042236328,"off_high":-3.71157369042124,"off_low":122.21558783450826,"trend_signals":["Golden Cross","Above 20d","Above 50d"],"macd":9.058961478987385,"macd_signal":5.211784050482021,"macd_histogram":3.847177428505364,"macd_crossover":null,"bb_upper":351.6953941400228,"bb_lower":263.7810981695475,"bb_width":28.567881005683155,"bb_pct_b":0.7744348210181021,"atr":7.512802984903041,"atr_pct":2.26381305831544,"rs_vs_bench":4.343147925521173},"AMZN":{"current":251.5399932861328,"sma_20":225.63600006103516,"sma_50":215.58019989013673,"sma_200":225.8669499206543,"rsi":74.85927972182176,"avg_vol_20":44972824.45,"current_vol":"24244089","vol_ratio":0.5390830862080755,"high_52w":254.0,"low_52w":167.32000732421875,"off_high":-0.9685065802626722,"off_low":50.33467742965107,"trend_signals":["Death Cross","Above 20d","Above 50d"],"macd":10.616466610855781,"macd_signal":7.371172554610061,"macd_histogram":3.2452940562457204,"macd_crossover":null,"bb_upper":264.43229391807927,"bb_lower":186.83970620399108,"bb_width":34.388390014492,"bb_pct_b":0.8338462343922363,"atr":6.509245414528949,"atr_pct":2.5877576481941484,"rs_vs_bench":10.966565641555626},"AAPL":{"current":266.19000244140625,"sma_20":258.37399826049807,"sma_50":260.2685992431641,"sma_200":252.40054473876953,"rsi":56.748184310014096,"avg_vol_20":40751711.7,"current_vol":"23640734","vol_ratio":0.5801163439228001,"high_52w":285.9224548339844,"low_52w":192.32179260253906,"off_high":-6.9013300840731135,"off_low":38.40865293488949,"trend_signals":["Golden Cross","Above 20d","Above 50d"],"macd":2.9280382961362648,"macd_signal":1.1970069778477261,"macd_histogram":1.7310313182885386,"macd_crossover":null,"bb_upper":272.24519503613726,"bb_lower":244.50280148485888,"bb_width":10.737300865433031,"bb_pct_b":0.7817350336574695,"atr":6.0846205741700565,"atr_pct":2.285818595125263,"rs_vs_bench":-4.627539255718438},"NVDA":{"current":199.69000244140625,"sma_20":184.10899963378907,"sma_50":184.18157257080077,"sma_200":182.18339134216308,"rsi":67.278490153152,"avg_vol_20":151563994.4,"current_vol":"57163388","vol_ratio":0.3771567793940379,"high_52w":207.01727294921875,"low_52w":96.88717651367188,"off_high":-3.5394488601972243,"off_low":106.10570936931755,"trend_signals":["Golden Cross","Above 20d","Above 50d"],"macd":5.579789748942574,"macd_signal":3.0651683334891793,"macd_histogram":2.5146214154533943,"macd_crossover":null,"bb_upper":207.93046096924934,"bb_lower":160.2875382983288,"bb_width":25.8775631640425,"bb_pct_b":0.8270370903825185,"atr":4.9373716530004215,"atr_pct":2.4725181995273715,"rs_vs_bench":3.5687037753732387},"MSFT":{"current":425.25,"sma_20":383.84949951171876,"sma_50":393.10886657714843,"sma_200":469.7400538635254,"rsi":70.32710376202516,"avg_vol_20":33668911.3,"current_vol":"15959226","vol_ratio":0.4740048128612938,"high_52w":539.8251953125,"low_52w":356.3916320800781,"off_high":-21.2244993948779,"off_low":19.320983356996997,"trend_signals":["Death Cross","Above 20d","Above 50d"],"macd":7.286430276742124,"macd_signal":0.07516031943312229,"macd_histogram":7.2112699573090016,"macd_crossover":null,"bb_upper":428.93710361876657,"bb_lower":338.76189540467095,"bb_width":23.49233445108155,"bb_pct_b":0.9591117814775367,"atr":9.726706222905593,"atr_pct":2.287291292864337,"rs_vs_bench":3.677960624872112}}