{"AMZN":{"current":238.00999450683594,"sma_20":212.1804992675781,"sma_50":213.3952001953125,"sma_200":224.85559997558593,"rsi":71.27740969970858,"avg_vol_20":43254942.4,"current_vol":"32950948","vol_ratio":0.7617845770151807,"high_52w":254.0,"low_52w":167.32000732421875,"off_high":-6.295277753214198,"off_low":42.24837681583412,"trend_signals":["Death Cross","Above 20d","Above 50d"],"macd":3.591969239061285,"macd_signal":0.05777373709776157,"macd_histogram":3.5341955019635236,"macd_crossover":null,"bb_upper":230.93856988794045,"bb_lower":193.42242864721578,"bb_width":17.681239025370346,"bb_pct_b":1.1884901907560603,"atr":6.688685224235086,"atr_pct":2.8102539299218288,"rs_vs_bench":11.63019627318236},"GOOG":{"current":315.69000244140625,"sma_20":297.8084991455078,"sma_50":307.74577270507814,"sma_200":268.6503593444824,"rsi":62.060783052701225,"avg_vol_20":19878496.85,"current_vol":"5393137","vol_ratio":0.27130507103709905,"high_52w":344.6571960449219,"low_52w":149.3437042236328,"off_high":-8.404639141711147,"off_low":111.38487496512093,"trend_signals":["Golden Cross","Above 20d","Above 50d"],"macd":0.8960778429720335,"macd_signal":-3.1040486381038868,"macd_histogram":4.00012648107592,"macd_crossover":null,"bb_upper":323.2592329828965,"bb_lower":272.35776530811916,"bb_width":17.092013095941606,"bb_pct_b":0.8512964186052155,"atr":8.13074845489691,"atr_pct":2.575548288516365,"rs_vs_bench":1.74084525619278},"NVDA":{"current":188.3350067138672,"sma_20":177.40574951171874,"sma_50":182.06628601074217,"sma_200":180.72345672607423,"rsi":61.085850774105985,"avg_vol_20":166253801.45,"current_vol":"92890229","vol_ratio":0.5587254438084911,"high_52w":207.01727294921875,"low_52w":96.88717651367188,"off_high":-9.024496347188533,"off_low":94.38589655597094,"trend_signals":["Golden Cross","Above 20d","Above 50d"],"macd":0.1052921834189533,"macd_signal":-1.6671090915950473,"macd_histogram":1.7724012750140006,"macd_crossover":null,"bb_upper":188.51086112912466,"bb_lower":166.3006378943128,"bb_width":12.519449508227313,"bb_pct_b":0.9920822761032926,"atr":5.3867464416835675,"atr_pct":2.8601939361531024,"rs_vs_bench":1.5059211857400001},"MSFT":{"current":371.8299865722656,"sma_20":377.1734985351562,"sma_50":393.641650390625,"sma_200":472.59469161987306,"rsi":39.072272947405914,"avg_vol_20":30947444.15,"current_vol":"13359883","vol_ratio":0.43169584328985694,"high_52w":539.8251953125,"low_52w":356.3916320800781,"off_high":-31.1202978666054,"off_low":4.331851003931157,"trend_signals":["Death Cross","Below 20d","Below 50d"],"macd":-8.238822066899331,"macd_signal":-9.763007715901185,"macd_histogram":1.5241856490018542,"macd_crossover":null,"bb_upper":401.93015237280775,"bb_lower":352.4168446975047,"bb_width":13.12746199497045,"bb_pct_b":0.3920792769909025,"atr":8.458962298762085,"atr_pct":2.274954308215288,"rs_vs_bench":-8.976233362876396},"AAPL":{"current":260.3299865722656,"sma_20":253.277498626709,"sma_50":260.8391033935547,"sma_200":250.30436164855956,"rsi":55.42443802634059,"avg_vol_20":39817335.85,"current_vol":"11167717","vol_ratio":0.2804737374210836,"high_52w":285.9224548339844,"low_52w":189.59365844726562,"off_high":-8.950842380175613,"off_low":37.30943782841497,"trend_signals":["Golden Cross","Above 20d","Below 50d"],"macd":-0.17344418858829158,"macd_signal":-1.6324349546424244,"macd_histogram":1.4589907660541328,"macd_crossover":null,"bb_upper":261.4452555127157,"bb_lower":245.1097417407023,"bb_width":6.449650624546532,"bb_pct_b":0.931727342279202,"atr":5.89512595475846,"atr_pct":2.2644821030334965,"rs_vs_bench":1.102517851645457}}