{"GOOG":{"current":331.6499938964844,"sma_20":307.7274963378906,"sma_50":307.2378662109375,"sma_200":274.0878289031982,"rsi":64.57844610846888,"avg_vol_20":18600705.0,"current_vol":"7749200","vol_ratio":0.41660786513199366,"high_52w":344.6571960449219,"low_52w":149.3437042236328,"off_high":-3.773953452212896,"off_low":122.07162707030446,"trend_signals":["Golden Cross","Above 20d","Above 50d"],"macd":9.041810773989596,"macd_signal":5.208353909506771,"macd_histogram":3.833456864482825,"macd_crossover":null,"bb_upper":351.65989936378116,"bb_lower":263.79509331200006,"bb_width":28.552796580551217,"bb_pct_b":0.7722648422452055,"atr":7.601517584507536,"atr_pct":2.292030069169893,"rs_vs_bench":3.967424313148314},"AMZN":{"current":251.47000122070312,"sma_20":225.63250045776368,"sma_50":215.57880004882813,"sma_200":225.86659996032714,"rsi":74.82406573674456,"avg_vol_20":45348772.6,"current_vol":"31763052","vol_ratio":0.7004170163582333,"high_52w":254.0,"low_52w":167.32000732421875,"off_high":-0.9960625115342028,"off_low":50.29284617076638,"trend_signals":["Death Cross","Above 20d","Above 50d"],"macd":10.610883198228919,"macd_signal":7.370055872084688,"macd_histogram":3.240827326144231,"macd_crossover":null,"bb_upper":264.41896713424467,"bb_lower":186.8460337812827,"bb_width":34.380212600393044,"bb_pct_b":0.8330736591508936,"atr":6.509245414528949,"atr_pct":2.588477903102286,"rs_vs_bench":10.631410341474943},"NVDA":{"current":200.6300048828125,"sma_20":184.15599975585937,"sma_50":184.2003726196289,"sma_200":182.1880912017822,"rsi":68.94545320797474,"avg_vol_20":152584062.05,"current_vol":"77564741","vol_ratio":0.5083410413768048,"high_52w":207.01727294921875,"low_52w":96.88717651367188,"off_high":-3.085379290052306,"off_low":107.07591252233605,"trend_signals":["Golden Cross","Above 20d","Above 50d"],"macd":5.65477569881665,"macd_signal":3.0801655236320684,"macd_histogram":2.5746101751845814,"macd_crossover":null,"bb_upper":208.11023850377586,"bb_lower":160.20176100794288,"bb_width":26.015159733783616,"bb_pct_b":0.8438640922869239,"atr":4.980943125048617,"atr_pct":2.482651150787727,"rs_vs_bench":3.8038529919949706},"AAPL":{"current":267.92999267578125,"sma_20":258.4609977722168,"sma_50":260.30339904785154,"sma_200":252.40924522399902,"rsi":58.94707260659806,"avg_vol_20":41187608.95,"current_vol":"32358679","vol_ratio":0.7856411145226239,"high_52w":285.9224548339844,"low_52w":192.32179260253906,"off_high":-6.292776888982056,"off_low":39.313381520677446,"trend_signals":["Golden Cross","Above 20d","Above 50d"],"macd":3.066840935713344,"macd_signal":1.2247675055063407,"macd_histogram":1.8420734302070034,"macd_crossover":null,"bb_upper":272.55858027907414,"bb_lower":244.36341526535944,"bb_width":10.908866427329691,"bb_pct_b":0.8358375416124911,"atr":6.084620574008064,"atr_pct":2.270974038121588,"rs_vs_bench":-4.237461005234234},"MSFT":{"current":426.57000732421875,"sma_20":383.9154998779297,"sma_50":393.1352667236328,"sma_200":469.74665496826174,"rsi":70.8026536596398,"avg_vol_20":33933206.2,"current_vol":"21245124","vol_ratio":0.6260865499942059,"high_52w":539.8251953125,"low_52w":356.3916015625,"off_high":-20.97997443833996,"off_low":19.691374727698694,"trend_signals":["Death Cross","Above 20d","Above 50d"],"macd":7.3917300063054086,"macd_signal":0.09622026534067785,"macd_histogram":7.2955097409647305,"macd_crossover":null,"bb_upper":429.2613995606147,"bb_lower":338.5696001952447,"bb_width":23.622854350555393,"bb_pct_b":0.970323753026962,"atr":9.726706222925195,"atr_pct":2.2802133426910896,"rs_vs_bench":3.7307149816059972}}