{"GOOG":{"current":339.3999938964844,"sma_20":304.2654968261719,"sma_50":306.97625244140625,"sma_200":272.55008041381836,"rsi":73.01236567135717,"avg_vol_20":20415590.0,"current_vol":"19635800","vol_ratio":0.9618041898372763,"high_52w":344.6571960449219,"low_52w":149.34371948242188,"off_high":-1.5253423427005097,"off_low":127.26097560228007,"trend_signals":["Golden Cross","Above 20d","Above 50d"],"macd":8.285540314929392,"macd_signal":3.0788861668459764,"macd_histogram":5.206654148083416,"macd_crossover":null,"bb_upper":344.647107331157,"bb_lower":263.8838863211868,"bb_width":26.543667242070008,"bb_pct_b":0.9350309043020356,"atr":7.8964934991765965,"atr_pct":2.3266039013498023,"rs_vs_bench":1.9761564137778418},"NVDA":{"current":201.67999267578125,"sma_20":181.4384994506836,"sma_50":183.2919857788086,"sma_200":181.75732810974122,"rsi":71.36924415893347,"avg_vol_20":163937385.0,"current_vol":"159843200","vol_ratio":0.9750259222446424,"high_52w":207.01727294921875,"low_52w":96.88717651367188,"off_high":-2.578181133101262,"off_low":108.15963467293518,"trend_signals":["Golden Cross","Above 20d","Above 50d"],"macd":4.723555157288473,"macd_signal":1.70969117115308,"macd_histogram":3.013863986135393,"macd_crossover":null,"bb_upper":202.9091477315956,"bb_lower":159.9678511697716,"bb_width":23.66713607742098,"bb_pct_b":0.9713759212173603,"atr":5.13298715210543,"atr_pct":2.5451147057294716,"rs_vs_bench":5.165218165308927},"MSFT":{"current":422.7900085449219,"sma_20":379.9269989013672,"sma_50":392.10246704101564,"sma_200":470.44451736450196,"rsi":71.69699828342368,"avg_vol_20":35484755.0,"current_vol":"47812100","vol_ratio":1.347398340498617,"high_52w":539.8252563476562,"low_52w":356.3916320800781,"off_high":-21.6802097394572,"off_low":18.63073385795001,"trend_signals":["Death Cross","Above 20d","Above 50d"],"macd":3.8610739400426155,"macd_signal":-3.5334832632211857,"macd_histogram":7.394557203263801,"macd_crossover":null,"bb_upper":416.8283253080534,"bb_lower":343.025672494681,"bb_width":19.425482533957094,"bb_pct_b":1.080778712005705,"atr":9.916485860116234,"atr_pct":2.345487277299884,"rs_vs_bench":-0.8996317153169056},"AMZN":{"current":250.55999755859375,"sma_20":221.42050018310547,"sma_50":214.24400024414064,"sma_200":225.5844999694824,"rsi":76.57275501836331,"avg_vol_20":47195985.0,"current_vol":"51897500","vol_ratio":1.0996168424072514,"high_52w":254.0,"low_52w":167.32000732421875,"off_high":-1.3543316698449803,"off_low":49.74897596859382,"trend_signals":["Death Cross","Above 20d","Above 50d"],"macd":9.93790595341926,"macd_signal":5.640316095135438,"macd_histogram":4.297589858283823,"macd_crossover":null,"bb_upper":257.72660999737246,"bb_lower":185.1143903688385,"bb_width":32.793810676286384,"bb_pct_b":0.9013029421846444,"atr":6.593266582364195,"atr_pct":2.6314122951020353,"rs_vs_bench":10.388865322093045},"AAPL":{"current":270.2300109863281,"sma_20":256.3859992980957,"sma_50":260.5540405273438,"sma_200":251.82783317565918,"rsi":64.17514969311141,"avg_vol_20":44183830.0,"current_vol":"61314800","vol_ratio":1.3877203492770998,"high_52w":285.9224548339844,"low_52w":192.32179260253906,"off_high":-5.488356574431267,"off_low":40.50930335533931,"trend_signals":["Golden Cross","Above 20d","Above 50d"],"macd":2.060515598287111,"macd_signal":0.23727975474090146,"macd_histogram":1.8232358435462097,"macd_crossover":null,"bb_upper":268.64330431273953,"bb_lower":244.12869428345195,"bb_width":9.56160246518955,"bb_pct_b":1.0647249404209553,"atr":6.11145489158726,"atr_pct":2.261575192659286,"rs_vs_bench":-2.647218384777771}}