{"AMZN":{"current":261.3500061035156,"sma_20":236.0520004272461,"sma_50":219.87599975585937,"sma_200":226.59955001831054,"rsi":76.24813145756157,"avg_vol_20":44626981.05,"current_vol":"19718921","vol_ratio":0.44186096697661337,"high_52w":263.989990234375,"low_52w":184.4199981689453,"off_high":-1.0000319059505058,"off_low":41.71456929746605,"trend_signals":["Death Cross","Above 20d","Above 50d"],"macd":12.291483335731982,"macd_signal":9.957172876664872,"macd_histogram":2.33431045906711,"macd_crossover":null,"bb_upper":276.68777971762347,"bb_lower":195.4162211368687,"bb_width":34.429514866917465,"bb_pct_b":0.8112774766234168,"atr":6.4382646831988195,"atr_pct":2.4634645237577493,"rs_vs_bench":11.394566427462017},"GOOG":{"current":348.7550048828125,"sma_20":319.3317474365234,"sma_50":309.28856018066404,"sma_200":277.3772716522217,"rsi":72.65008363323278,"avg_vol_20":16322255.45,"current_vol":"7630809","vol_ratio":0.4675094703287468,"high_52w":348.7550048828125,"low_52w":152.27359008789062,"off_high":0.0,"off_low":129.03183978358624,"trend_signals":["Golden Cross","Above 20d","Above 50d"],"macd":10.94721165650617,"macd_signal":8.153338934775865,"macd_histogram":2.7938727217303043,"macd_crossover":null,"bb_upper":361.74965978461876,"bb_lower":276.9138350884281,"bb_width":26.566674117816707,"bb_pct_b":0.8468258551344082,"atr":7.707804453856289,"atr_pct":2.210091424048879,"rs_vs_bench":9.02093366584791},"NVDA":{"current":210.41000366210938,"sma_20":190.5275001525879,"sma_50":185.49119079589843,"sma_200":183.06287734985352,"rsi":72.90106538622976,"avg_vol_20":144684754.45,"current_vol":"69091189","vol_ratio":0.47752915822154895,"high_52w":210.41000366210938,"low_52w":108.70439910888672,"off_high":0.0,"off_low":93.56162711625541,"trend_signals":["Golden Cross","Above 20d","Above 50d"],"macd":7.074439207040143,"macd_signal":5.077273173024483,"macd_histogram":1.9971660340156605,"macd_crossover":null,"bb_upper":216.41285939133738,"bb_lower":164.6421409138384,"bb_width":27.17230763854946,"bb_pct_b":0.8840492095577732,"atr":5.387010880513323,"atr_pct":2.560244658882355,"rs_vs_bench":8.72729873567284},"AAPL":{"current":267.510009765625,"sma_20":262.33399963378906,"sma_50":260.26099975585936,"sma_200":253.62154083251954,"rsi":55.12563867785474,"avg_vol_20":40360358.85,"current_vol":"14038777","vol_ratio":0.34783578243631,"high_52w":285.9224548339844,"low_52w":194.67758178710938,"off_high":-6.439663886857093,"off_low":37.411820770489065,"trend_signals":["Golden Cross","Above 20d","Above 50d"],"macd":3.7685779867280758,"macd_signal":2.7464981726663784,"macd_histogram":1.0220798140616973,"macd_crossover":null,"bb_upper":277.4811312697373,"bb_lower":247.1868679978408,"bb_width":11.547974457823408,"bb_pct_b":0.6708577655571389,"atr":5.8889516249418925,"atr_pct":2.2013948674673562,"rs_vs_bench":-10.196541596354479},"MSFT":{"current":422.6199035644531,"sma_20":395.2644958496094,"sma_50":394.41804443359376,"sma_200":468.27523971557616,"rsi":62.093466946203506,"avg_vol_20":32430203.7,"current_vol":"12590174","vol_ratio":0.3882237101088576,"high_52w":539.8252563476562,"low_52w":356.7699890136719,"off_high":-21.711720858744144,"off_low":18.457246006826487,"trend_signals":["Death Cross","Above 20d","Above 50d"],"macd":10.086277927384742,"macd_signal":5.7327334704858295,"macd_histogram":4.353544456898913,"macd_crossover":null,"bb_upper":445.96814233404433,"bb_lower":344.5608493651744,"bb_width":25.655553188732,"bb_pct_b":0.7697577946710532,"atr":10.2853399491263,"atr_pct":2.4337093124052775,"rs_vs_bench":-0.9281242883263587}}