{"GOOG":{"current":314.739990234375,"sma_20":296.78699951171876,"sma_50":308.5207214355469,"sma_200":267.15505935668943,"rsi":61.80773122472117,"avg_vol_20":20317570.9,"current_vol":"20653218","vol_ratio":1.0165200407889312,"high_52w":344.6571960449219,"low_52w":149.34368896484375,"off_high":-8.680278884021192,"off_low":110.74877178671163,"trend_signals":["Golden Cross","Above 20d","Above 50d"],"macd":-2.063536511657958,"macd_signal":-5.036085320860138,"macd_histogram":2.9725488092021806,"macd_crossover":null,"bb_upper":319.8813056350542,"bb_lower":273.6926933883833,"bb_width":15.562882579985496,"bb_pct_b":0.8886886799451356,"atr":8.471276932390188,"atr_pct":2.691515916386077,"rs_vs_bench":2.1866783165002235},"AMZN":{"current":221.25,"sma_20":209.70649948120118,"sma_50":213.71580017089843,"sma_200":224.60350006103516,"rsi":60.68937294979297,"avg_vol_20":42055776.55,"current_vol":"47177831","vol_ratio":1.121791936094924,"high_52w":254.0,"low_52w":167.32000732421875,"off_high":-12.893700787401574,"off_low":32.23164613618514,"trend_signals":["Death Cross","Above 20d","Above 50d"],"macd":0.10644349963803279,"macd_signal":-1.5016615810187648,"macd_histogram":1.6081050806567976,"macd_crossover":null,"bb_upper":219.19987466595072,"bb_lower":200.21312429645164,"bb_width":9.053963714272536,"bb_pct_b":1.1079766307636651,"atr":6.223107008938674,"atr_pct":2.812703732853638,"rs_vs_bench":4.181739251916971},"NVDA":{"current":182.0800018310547,"sma_20":177.2519989013672,"sma_50":182.22177459716798,"sma_200":180.32233879089355,"rsi":54.60384318971164,"avg_vol_20":170825333.7,"current_vol":"147041074","vol_ratio":0.860768545362426,"high_52w":207.01727294921875,"low_52w":96.88717651367188,"off_high":-12.045985710709834,"off_low":87.92992879234245,"trend_signals":["Golden Cross","Above 20d","Below 50d"],"macd":-1.4506146617731304,"macd_signal":-2.4424798362598583,"macd_histogram":0.991865174486728,"macd_crossover":null,"bb_upper":187.82325258603126,"bb_lower":166.68074521670312,"bb_width":11.927937343653316,"bb_pct_b":0.7283552676770769,"atr":5.476699861668595,"atr_pct":3.007853584464604,"rs_vs_bench":-1.9857796431424934},"MSFT":{"current":374.3299865722656,"sma_20":380.26549835205077,"sma_50":397.9440264892578,"sma_200":473.72255340576174,"rsi":40.94667300226153,"avg_vol_20":31395320.2,"current_vol":"32957404","vol_ratio":1.0497553071619892,"high_52w":539.8251953125,"low_52w":356.3916015625,"off_high":-30.65718498826841,"off_low":5.033335502609982,"trend_signals":["Death Cross","Below 20d","Below 50d"],"macd":-9.325830392116302,"macd_signal":-10.500924110165105,"macd_histogram":1.175093718048803,"macd_crossover":null,"bb_upper":409.4715131494307,"bb_lower":351.05948355467086,"bb_width":15.360854415638256,"bb_pct_b":0.3983854555138138,"atr":8.795599856493192,"atr_pct":2.3496914946714194,"rs_vs_bench":-7.407917821189935},"AAPL":{"current":258.8999938964844,"sma_20":253.06499938964845,"sma_50":260.7072802734375,"sma_200":249.70316696166992,"rsi":53.82856658681505,"avg_vol_20":41136495.2,"current_vol":"39655304","vol_ratio":0.9639932572573658,"high_52w":285.9224548339844,"low_52w":189.59368896484375,"off_high":-9.450975423805065,"off_low":36.55517507467881,"trend_signals":["Golden Cross","Above 20d","Below 50d"],"macd":-1.1441083744652474,"macd_signal":-2.347351116390885,"macd_histogram":1.2032427419256377,"macd_crossover":null,"bb_upper":260.7031830485459,"bb_lower":245.42681573075103,"bb_width":6.036538974033934,"bb_pct_b":0.881962176311311,"atr":6.190022704547119,"atr_pct":2.390893337379555,"rs_vs_bench":-0.5948031194946246}}