{"MSFT":{"current":428.9620056152344,"sma_20":398.87460174560545,"sma_50":395.03316467285157,"sma_200":467.9289849853516,"rsi":65.28870723011036,"avg_vol_20":31914084.8,"current_vol":"16203696","vol_ratio":0.5077286753339704,"high_52w":539.8251953125,"low_52w":356.7699890136719,"off_high":-20.536868352928195,"off_low":20.234890496575936,"trend_signals":["Death Cross","Above 20d","Above 50d"],"macd":10.796233353166201,"macd_signal":6.773514542458399,"macd_histogram":4.0227188107078025,"macd_crossover":null,"bb_upper":448.91383194106635,"bb_lower":348.83537155014454,"bb_width":25.0902062836154,"bb_pct_b":0.8006381568231857,"atr":10.2329634904572,"atr_pct":2.385517448283252,"rs_vs_bench":2.290480368948854},"AMZN":{"current":258.28509521484375,"sma_20":238.90725479125976,"sma_50":221.06130157470704,"sma_200":226.76472541809082,"rsi":71.6796362552389,"avg_vol_20":44824460.4,"current_vol":"25115908","vol_ratio":0.5603170183393886,"high_52w":263.989990234375,"low_52w":184.4199981689453,"off_high":-2.161027020178433,"off_low":40.052650352068305,"trend_signals":["Death Cross","Above 20d","Above 50d"],"macd":12.099091132912292,"macd_signal":10.382620775154386,"macd_histogram":1.7164703577579061,"macd_crossover":null,"bb_upper":277.1062950810933,"bb_lower":200.7082145014262,"bb_width":31.97813337498619,"bb_pct_b":0.7536430271095225,"atr":6.297674435877698,"atr_pct":2.4382647518391405,"rs_vs_bench":10.422594240773408},"GOOG":{"current":346.7650146484375,"sma_20":323.0012466430664,"sma_50":310.10306884765623,"sma_200":278.2054091644287,"rsi":70.50742772800533,"avg_vol_20":16165662.05,"current_vol":"9832241","vol_ratio":0.6082176510673746,"high_52w":348.5199890136719,"low_52w":152.27357482910156,"off_high":-0.5035505625376139,"off_low":127.7250107496432,"trend_signals":["Golden Cross","Above 20d","Above 50d"],"macd":11.249132840531502,"macd_signal":8.769498084116368,"macd_histogram":2.479634756415134,"macd_crossover":null,"bb_upper":361.0660265207378,"bb_lower":284.936466765395,"bb_width":23.569432176052885,"bb_pct_b":0.8121490270236765,"atr":7.648216436545286,"atr_pct":2.2055905623291654,"rs_vs_bench":7.291071072380694},"NVDA":{"current":210.75,"sma_20":193.11650009155272,"sma_50":186.17418853759764,"sma_200":183.3231645965576,"rsi":67.68513177945665,"avg_vol_20":146991375.9,"current_vol":"114888118","vol_ratio":0.7815976773913578,"high_52w":216.61000061035156,"low_52w":108.70438385009766,"off_high":-2.705323204764129,"off_low":93.87442579190028,"trend_signals":["Golden Cross","Above 20d","Above 50d"],"macd":7.84629493403861,"macd_signal":5.7102113894040105,"macd_histogram":2.1360835446346,"macd_crossover":null,"bb_upper":218.66157778297097,"bb_lower":167.57142240013448,"bb_width":26.455613766102665,"bb_pct_b":0.8451447696001954,"atr":5.926612729589827,"atr_pct":2.812153133850452,"rs_vs_bench":7.2509447970893195},"AAPL":{"current":269.9100036621094,"sma_20":263.5029983520508,"sma_50":260.54559936523435,"sma_200":253.91899368286133,"rsi":57.523617139596794,"avg_vol_20":40705748.0,"current_vol":"18952560","vol_ratio":0.4655991090005274,"high_52w":285.9224548339844,"low_52w":194.67758178710938,"off_high":-5.600277593158025,"off_low":38.64462522308849,"trend_signals":["Golden Cross","Above 20d","Above 50d"],"macd":3.7267068741800244,"macd_signal":2.943815954634787,"macd_histogram":0.7828909195452374,"macd_crossover":null,"bb_upper":277.0700889917786,"bb_lower":249.93590771232292,"bb_width":10.297484829073303,"bb_pct_b":0.7361230377313647,"atr":5.86902764238603,"atr_pct":2.1744387250400896,"rs_vs_bench":-7.240236978765746}}