{"AMZN":{"current":249.91000366210938,"sma_20":225.55450057983398,"sma_50":215.54760009765624,"sma_200":225.85879997253417,"rsi":74.01278276502005,"avg_vol_20":45918795.0,"current_vol":"42833300","vol_ratio":0.9328054013612509,"high_52w":254.0,"low_52w":173.17999267578125,"off_high":-1.6102347786970963,"off_low":44.30651012324394,"trend_signals":["Death Cross","Above 20d","Above 50d"],"macd":10.486438924633063,"macd_signal":7.345166986988957,"macd_histogram":3.141271937644106,"macd_crossover":null,"bb_upper":264.12787979252937,"bb_lower":186.98112136713863,"bb_width":34.2031563223386,"bb_pct_b":0.8157035185843846,"atr":6.515673749123832,"atr_pct":2.6072080563582976,"rs_vs_bench":10.255388438438338},"NVDA":{"current":199.8800048828125,"sma_20":184.11849975585938,"sma_50":184.1853726196289,"sma_200":182.18434127807618,"rsi":67.60890107964956,"avg_vol_20":154100615.0,"current_vol":"107561800","vol_ratio":0.6979972143524541,"high_52w":207.01727294921875,"low_52w":98.86670684814453,"off_high":-3.447667899749128,"off_low":102.17119721588432,"trend_signals":["Golden Cross","Above 20d","Above 50d"],"macd":5.594946630784335,"macd_signal":3.0681996996026406,"macd_histogram":2.5267469311816946,"macd_crossover":null,"bb_upper":207.96626142406805,"bb_lower":160.2707380876507,"bb_width":25.904796856188533,"bb_pct_b":0.830460890758664,"atr":4.980943109319477,"atr_pct":2.4919666738250035,"rs_vs_bench":3.752498125989966},"GOOG":{"current":330.4700012207031,"sma_20":307.6684967041016,"sma_50":307.2142663574219,"sma_200":274.08192932128907,"rsi":63.42032870408175,"avg_vol_20":18943570.0,"current_vol":"14581900","vol_ratio":0.7697545921914402,"high_52w":344.6571960449219,"low_52w":152.27357482910156,"off_high":-4.116320502523215,"off_low":117.0238674645903,"trend_signals":["Golden Cross","Above 20d","Above 50d"],"macd":8.947680287693686,"macd_signal":5.189527791367975,"macd_histogram":3.758152496325711,"macd_crossover":null,"bb_upper":351.4685980954938,"bb_lower":263.86839531270937,"bb_width":28.472269251223803,"bb_pct_b":0.7602905449105032,"atr":7.663660101241944,"atr_pct":2.319018389848886,"rs_vs_bench":3.936132066168385},"MSFT":{"current":424.1600036621094,"sma_20":383.79499969482424,"sma_50":393.0870666503906,"sma_200":469.73460510253904,"rsi":69.92258191282293,"avg_vol_20":34474610.0,"current_vol":"31992100","vol_ratio":0.9279901933625935,"high_52w":539.8252563476562,"low_52w":356.7699890136719,"off_high":-21.426424815339978,"off_low":18.888924720025997,"trend_signals":["Death Cross","Above 20d","Above 50d"],"macd":7.199478971865858,"macd_signal":0.05777002026467315,"macd_histogram":7.141708951601185,"macd_crossover":null,"bb_upper":428.6740491010214,"bb_lower":338.9159502886271,"bb_width":23.38699015978993,"bb_pct_b":0.9497087672462075,"atr":9.729570507638027,"atr_pct":2.2938444039124235,"rs_vs_bench":3.4608780273322814},"AAPL":{"current":266.1700134277344,"sma_20":258.3729988098145,"sma_50":260.2681994628906,"sma_200":252.4004451751709,"rsi":56.72387613489979,"avg_vol_20":42083255.0,"current_vol":"50154100","vol_ratio":1.1917828124274132,"high_52w":285.9224548339844,"low_52w":194.67758178710938,"off_high":-6.9083211452276085,"off_low":36.72350508175404,"trend_signals":["Golden Cross","Above 20d","Above 50d"],"macd":2.926443704210101,"macd_signal":1.1966880254958618,"macd_histogram":1.729755678714239,"macd_crossover":null,"bb_upper":272.2418270614536,"bb_lower":244.50417055817536,"bb_width":10.735508985478631,"bb_pct_b":0.7810985353790935,"atr":6.084620585922757,"atr_pct":2.285990261474267,"rs_vs_bench":-4.56013728522533}}