{"AMZN":{"current":262.79998779296875,"sma_20":236.12449951171874,"sma_50":219.90499938964842,"sma_200":226.60679992675782,"rsi":78.45665186793661,"avg_vol_20":44462520.3,"current_vol":"16429706","vol_ratio":0.3695180994946884,"high_52w":263.989990234375,"low_52w":184.4199981689453,"off_high":-0.4507755920403439,"off_low":42.5008081565104,"trend_signals":["Death Cross","Above 20d","Above 50d"],"macd":12.407151390731087,"macd_signal":9.980306487664693,"macd_histogram":2.426844903066394,"macd_crossover":null,"bb_upper":276.9550267074143,"bb_lower":195.2939723160232,"bb_width":34.5838972915804,"bb_pct_b":0.8266610807325335,"atr":6.4382646831988195,"atr_pct":2.4498725198841416,"rs_vs_bench":12.105372066803866},"NVDA":{"current":209.49000549316406,"sma_20":190.48150024414062,"sma_50":185.47279083251954,"sma_200":183.0582772064209,"rsi":72.31529298507493,"avg_vol_20":144157276.7,"current_vol":"58541634","vol_ratio":0.4060955876811455,"high_52w":209.49000549316406,"low_52w":108.70438385009766,"off_high":0.0,"off_low":92.7153239579085,"trend_signals":["Golden Cross","Above 20d","Above 50d"],"macd":7.001049039810425,"macd_signal":5.062595139697384,"macd_histogram":1.938453900113041,"macd_crossover":null,"bb_upper":216.22094980280497,"bb_lower":164.74205068547627,"bb_width":27.02566866144379,"bb_pct_b":0.8692484799587498,"atr":5.387010880425647,"atr_pct":2.5714882520261484,"rs_vs_bench":8.159540171126768},"MSFT":{"current":423.7449951171875,"sma_20":395.3207504272461,"sma_50":394.44054626464845,"sma_200":468.2808662414551,"rsi":62.866491067373396,"avg_vol_20":32321764.45,"current_vol":"10421389","vol_ratio":0.3224263643193526,"high_52w":539.8252563476562,"low_52w":356.7699890136719,"off_high":-21.503303127357047,"off_low":18.772600881782424,"trend_signals":["Death Cross","Above 20d","Above 50d"],"macd":10.176028820464524,"macd_signal":5.750683649081596,"macd_histogram":4.4253451713829275,"macd_crossover":null,"bb_upper":446.1545168845548,"bb_lower":344.48698396993734,"bb_width":25.717732450102726,"bb_pct_b":0.7795803524986948,"atr":10.285339949104891,"atr_pct":2.427247535103149,"rs_vs_bench":-0.6254511726154774},"GOOG":{"current":348.7799987792969,"sma_20":319.33299713134767,"sma_50":309.28906005859375,"sma_200":277.3773970031738,"rsi":72.66052758152526,"avg_vol_20":16271746.45,"current_vol":"6620629","vol_ratio":0.4068788203124933,"high_52w":348.7799987792969,"low_52w":152.27357482910156,"off_high":0.0,"off_low":129.04827654485476,"trend_signals":["Golden Cross","Above 20d","Above 50d"],"macd":10.949205471605069,"macd_signal":8.153737697788959,"macd_histogram":2.7954677738161102,"macd_crossover":null,"bb_upper":361.7545607021805,"bb_lower":276.9114335605148,"bb_width":26.56885693111387,"bb_pct_b":0.8470758638914907,"atr":7.707804453874138,"atr_pct":2.2099330468635987,"rs_vs_bench":9.019326456084098},"AAPL":{"current":267.30999755859375,"sma_20":262.3239990234375,"sma_50":260.25699951171873,"sma_200":253.6205403137207,"rsi":54.88838884171706,"avg_vol_20":40263287.45,"current_vol":"12097349","vol_ratio":0.3004560672057095,"high_52w":285.9224548339844,"low_52w":194.67758178710938,"off_high":-6.509617191905269,"off_low":37.30908053445615,"trend_signals":["Golden Cross","Above 20d","Above 50d"],"macd":3.75262259699673,"macd_signal":2.7433070947243503,"macd_histogram":1.0093155022723796,"macd_crossover":null,"bb_upper":277.45699927561134,"bb_lower":247.19099877126374,"bb_width":11.537640710350509,"bb_pct_b":0.6647392602944017,"atr":5.888951624942245,"atr_pct":2.203042040599847,"rs_vs_bench":-10.288397469852196}}