{"GOOG":{"current":315.7200012207031,"sma_20":297.8099990844727,"sma_50":307.7463726806641,"sma_200":268.6505093383789,"rsi":62.09065642735104,"avg_vol_20":20209170.0,"current_vol":"11977800","vol_ratio":0.5926913376452373,"high_52w":344.6571960449219,"low_52w":149.3437042236328,"off_high":-8.395935194820984,"off_low":111.40496203839452,"trend_signals":["Golden Cross","Above 20d","Above 50d"],"macd":0.8984708902913212,"macd_signal":-3.1035700511240103,"macd_histogram":4.0020409414153315,"macd_crossover":null,"bb_upper":323.2651733183448,"bb_lower":272.35482485060055,"bb_width":17.09490904410625,"bb_pct_b":0.8517949233362222,"atr":8.187175424847325,"atr_pct":2.5931760399063553,"rs_vs_bench":1.6782816196301065},"NVDA":{"current":188.6300048828125,"sma_20":177.420499420166,"sma_50":182.07218597412108,"sma_200":180.72493156433106,"rsi":61.351668953162545,"avg_vol_20":169634160.0,"current_vol":"160099500","vol_ratio":0.9437928068261723,"high_52w":207.01727294921875,"low_52w":96.88717651367188,"off_high":-8.881997045201459,"off_low":94.69037252437083,"trend_signals":["Golden Cross","Above 20d","Above 50d"],"macd":0.1288247860921672,"macd_signal":-1.6624025898555552,"macd_histogram":1.7912273759477224,"macd_crossover":null,"bb_upper":188.587344506499,"bb_lower":166.25365433383303,"bb_width":12.587998706832334,"bb_pct_b":1.0019101355836717,"atr":5.3867463729961615,"atr_pct":2.855720846926081,"rs_vs_bench":1.5970669500905421},"MSFT":{"current":370.8699951171875,"sma_20":377.12549896240233,"sma_50":393.62245056152346,"sma_200":472.5898913574219,"rsi":38.37256845629989,"avg_vol_20":31685555.0,"current_vol":"28038000","vol_ratio":0.8848827170614496,"high_52w":539.8252563476562,"low_52w":356.3916015625,"off_high":-31.298139396734488,"off_low":4.062495718532929,"trend_signals":["Death Cross","Below 20d","Below 50d"],"macd":-8.315402610922888,"macd_signal":-9.77832386166792,"macd_histogram":1.4629212507450315,"macd_crossover":null,"bb_upper":401.92945248827874,"bb_lower":352.3215454365259,"bb_width":13.154217147406014,"bb_pct_b":0.37390107309528586,"atr":8.46753333444837,"atr_pct":2.283154055580258,"rs_vs_bench":-9.29144604896981},"AAPL":{"current":260.4800109863281,"sma_20":253.2849998474121,"sma_50":260.84210388183595,"sma_200":250.30511192321777,"rsi":55.648148117818785,"avg_vol_20":40823780.0,"current_vol":"31259500","vol_ratio":0.7657179222502178,"high_52w":285.9224548339844,"low_52w":192.32177734375,"off_high":-8.898372064701578,"off_low":35.43968581402729,"trend_signals":["Golden Cross","Above 20d","Below 50d"],"macd":-0.16147646331086207,"macd_signal":-1.630041453103204,"macd_histogram":1.4685649897923418,"macd_crossover":null,"bb_upper":261.4802574273811,"bb_lower":245.0897422674431,"bb_width":6.471174830650145,"bb_pct_b":0.9389740693753299,"atr":5.898698706170528,"atr_pct":2.264549469202892,"rs_vs_bench":1.0899840266284544},"AMZN":{"current":238.3800048828125,"sma_20":212.19899978637696,"sma_50":213.40260040283204,"sma_200":224.85745002746583,"rsi":71.45660675668297,"avg_vol_20":44464400.0,"current_vol":"56842200","vol_ratio":1.278375509396281,"high_52w":254.0,"low_52w":167.32000732421875,"off_high":-6.149604376845472,"off_low":42.46951616545152,"trend_signals":["Death Cross","Above 20d","Above 50d"],"macd":3.6214857202076587,"macd_signal":0.06367701289282357,"macd_histogram":3.5578087073148352,"macd_crossover":null,"bb_upper":231.0647537137384,"bb_lower":193.3332458590155,"bb_width":17.781190247224362,"bb_pct_b":1.1938764598870497,"atr":6.688685195822246,"atr_pct":2.805891878016531,"rs_vs_bench":11.735853754819757}}