{"MSFT":{"current":391.4599914550781,"sma_20":376.1419982910156,"sma_50":391.90259155273435,"sma_200":471.54902221679686,"rsi":56.740338775933466,"avg_vol_20":31855659.8,"current_vol":"22347396","vol_ratio":0.7015204249512986,"high_52w":539.8252563476562,"low_52w":356.3916320800781,"off_high":-27.483942840389908,"off_low":9.839838037252356,"trend_signals":["Death Cross","Above 20d","Below 50d"],"macd":-5.02175661437019,"macd_signal":-8.355183977041523,"macd_histogram":3.3334273626713333,"macd_crossover":null,"bb_upper":398.1494910799671,"bb_lower":354.13450550206414,"bb_width":11.701693982028884,"bb_pct_b":0.8480176799547257,"atr":8.944915354320035,"atr_pct":2.2850139349033594,"rs_vs_bench":-6.097939774489736},"AMZN":{"current":251.8800048828125,"sma_20":215.81699981689454,"sma_50":213.61740051269533,"sma_200":225.17075004577637,"rsi":77.38037721582353,"avg_vol_20":44982810.25,"current_vol":"46094005","vol_ratio":1.0247026529428538,"high_52w":254.0,"low_52w":167.32000732421875,"off_high":-0.8346437469242126,"off_low":50.5378877941001,"trend_signals":["Death Cross","Above 20d","Above 50d"],"macd":7.097947221114424,"macd_signal":2.2710354515325406,"macd_histogram":4.8269117695818835,"macd_crossover":null,"bb_upper":243.91253906609208,"bb_lower":187.721460567697,"bb_width":26.03644687215059,"bb_pct_b":1.1417923633010174,"atr":6.927029105472365,"atr_pct":2.7501306063159614,"rs_vs_bench":12.937112750673908},"NVDA":{"current":194.76499938964844,"sma_20":178.45074920654298,"sma_50":182.08130126953125,"sma_200":181.09891372680664,"rsi":66.78131849533256,"avg_vol_20":162415229.3,"current_vol":"100315086","vol_ratio":0.6176458108784013,"high_52w":207.01727294921875,"low_52w":96.88717651367188,"off_high":-5.918478871362483,"off_low":101.02247417868028,"trend_signals":["Golden Cross","Above 20d","Above 50d"],"macd":1.9193989998783252,"macd_signal":-0.5369335313721146,"macd_histogram":2.45633253125044,"macd_crossover":null,"bb_upper":192.75305521625415,"bb_lower":164.1484431968318,"bb_width":16.029415481083085,"bb_pct_b":1.0703363559704353,"atr":5.310409317344973,"atr_pct":2.726572707615153,"rs_vs_bench":2.9474143604393266},"GOOG":{"current":330.0851135253906,"sma_20":299.98075408935546,"sma_50":307.1980090332031,"sma_200":270.1712718963623,"rsi":69.97725728118427,"avg_vol_20":19775639.05,"current_vol":"10807981","vol_ratio":0.5465300500617702,"high_52w":344.6571960449219,"low_52w":149.34371948242188,"off_high":-4.227993115116028,"off_low":121.02376629520231,"trend_signals":["Golden Cross","Above 20d","Above 50d"],"macd":4.000507875014307,"macd_signal":-0.8397512809735752,"macd_histogram":4.840259155987882,"macd_crossover":null,"bb_upper":330.5067478736118,"bb_lower":269.4547603050991,"bb_width":20.35196816337327,"bb_pct_b":0.9930938473092622,"atr":8.248993318184667,"atr_pct":2.499050390392762,"rs_vs_bench":2.574606915937916},"AAPL":{"current":258.7900085449219,"sma_20":254.03750076293946,"sma_50":260.8563848876953,"sma_200":250.88836860656738,"rsi":53.00430451887442,"avg_vol_20":40288543.65,"current_vol":"23070873","vol_ratio":0.572641026700403,"high_52w":285.9224548339844,"low_52w":192.32179260253906,"off_high":-9.489442270218495,"off_low":34.56093822905917,"trend_signals":["Golden Cross","Above 20d","Below 50d"],"macd":0.2339652265153518,"macd_signal":-0.983778619554979,"macd_histogram":1.2177438460703307,"macd_crossover":null,"bb_upper":262.77645817079417,"bb_lower":245.29854335508475,"bb_width":6.8800530485533775,"bb_pct_b":0.771915032891154,"atr":5.678054872211722,"atr_pct":2.1940780883069144,"rs_vs_bench":-2.3138443537327413}}