{"GOOG":{"current":316.3699951171875,"sma_20":297.1844985961914,"sma_50":308.1528381347656,"sma_200":267.9087245178223,"rsi":62.74507059702951,"avg_vol_20":20383876.65,"current_vol":"14468533","vol_ratio":0.7098028136860807,"high_52w":344.6571960449219,"low_52w":149.3437042236328,"off_high":-8.207343775885498,"off_low":111.84019558229473,"trend_signals":["Golden Cross","Above 20d","Above 50d"],"macd":-0.3760601524782601,"macd_signal":-4.104080255461769,"macd_histogram":3.7280201029835087,"macd_crossover":null,"bb_upper":321.3697691307067,"bb_lower":272.99922806167615,"bb_width":16.276266527197134,"bb_pct_b":0.8966359709232131,"atr":8.434705396511198,"atr_pct":2.6660889233148914,"rs_vs_bench":2.0465229136324536},"AMZN":{"current":233.64999389648438,"sma_20":210.75649948120116,"sma_50":213.4952001953125,"sma_200":224.72940002441408,"rsi":68.98284720837088,"avg_vol_20":43788899.65,"current_vol":"64946893","vol_ratio":1.4831816629126007,"high_52w":254.0,"low_52w":167.32000732421875,"off_high":-8.011813426580956,"off_low":39.64259124357849,"trend_signals":["Death Cross","Above 20d","Above 50d"],"macd":1.8777703555472556,"macd_signal":-0.8257751383931193,"macd_histogram":2.703545493940375,"macd_crossover":null,"bb_upper":225.05163361348087,"bb_lower":196.46136534892145,"bb_width":13.565545231078197,"bb_pct_b":1.3007443023422782,"atr":6.681661104614949,"atr_pct":2.859688114340449,"rs_vs_bench":9.217771144368658},"AAPL":{"current":260.489990234375,"sma_20":253.0489990234375,"sma_50":260.7565093994141,"sma_200":250.00117294311522,"rsi":55.66309292186665,"avg_vol_20":41205898.7,"current_vol":"26229474","vol_ratio":0.6365465825891573,"high_52w":285.9224548339844,"low_52w":189.5936737060547,"off_high":-8.894881870812235,"off_low":37.393819710586804,"trend_signals":["Golden Cross","Above 20d","Below 50d"],"macd":-0.5965090024679682,"macd_signal":-1.9971826461410596,"macd_histogram":1.4006736436730913,"macd_crossover":null,"bb_upper":260.61991508851577,"bb_lower":245.4780829583592,"bb_width":5.983754999463213,"bb_pct_b":0.9914194759904907,"atr":6.108597557645813,"atr_pct":2.3450411864769247,"rs_vs_bench":-0.4443162398983791},"NVDA":{"current":183.91000366210938,"sma_20":177.1459991455078,"sma_50":182.1297787475586,"sma_200":180.52115859985352,"rsi":56.60928416351129,"avg_vol_20":169090598.0,"current_vol":"109894060","vol_ratio":0.6499123032257536,"high_52w":207.01727294921875,"low_52w":96.88717651367188,"off_high":-11.16200061855591,"off_low":89.81872553191556,"trend_signals":["Golden Cross","Above 20d","Above 50d"],"macd":-0.7811278973289859,"macd_signal":-2.110209410334602,"macd_histogram":1.3290815130056162,"macd_crossover":null,"bb_upper":187.3839080374991,"bb_lower":166.9080902535165,"bb_width":11.55872437579794,"bb_pct_b":0.8303411169195289,"atr":5.3326426664173185,"atr_pct":2.899593583943793,"rs_vs_bench":-1.873258951351553},"MSFT":{"current":373.07000732421875,"sma_20":378.6749984741211,"sma_50":395.8157147216797,"sma_200":473.1719381713867,"rsi":40.01476033083448,"avg_vol_20":31546203.75,"current_vol":"28422375","vol_ratio":0.9009760802042623,"high_52w":539.8252563476562,"low_52w":356.3916015625,"off_high":-30.890597848583134,"off_low":4.679797640740386,"trend_signals":["Death Cross","Below 20d","Below 50d"],"macd":-8.716574451894871,"macd_signal":-10.144054125056531,"macd_histogram":1.4274796731616597,"macd_crossover":null,"bb_upper":405.61358765603916,"bb_lower":351.736409292203,"bb_width":14.227815034247145,"bb_pct_b":0.3959672477268305,"atr":8.687342417677895,"atr_pct":2.3286091744513002,"rs_vs_bench":-9.457885988327952}}