{"AMZN":{"current":255.36000061035156,"sma_20":227.96050033569335,"sma_50":216.48040008544922,"sma_200":226.0182499694824,"rsi":76.82277549304688,"avg_vol_20":45951580.0,"current_vol":"35918000","vol_ratio":0.7816488573407051,"high_52w":255.36000061035156,"low_52w":180.60000610351562,"off_high":0.0,"off_low":41.39534439660279,"trend_signals":["Death Cross","Above 20d","Above 50d"],"macd":10.996353834877993,"macd_signal":8.075404318103416,"macd_histogram":2.920949516774577,"macd_crossover":null,"bb_upper":267.7089777742491,"bb_lower":188.21202289713762,"bb_width":34.873127037379156,"bb_pct_b":0.8446610038964775,"atr":6.480982673344607,"atr_pct":2.53797879771852,"rs_vs_bench":9.170444764019692},"GOOG":{"current":337.7300109863281,"sma_20":310.0949966430664,"sma_50":307.4854339599609,"sma_200":274.8847745513916,"rsi":67.30527687040379,"avg_vol_20":18220691.15,"current_vol":"12911723","vol_ratio":0.7086297053007236,"high_52w":344.6571960449219,"low_52w":152.27357482910156,"off_high":-2.0098768103744673,"off_low":121.79160853442006,"trend_signals":["Golden Cross","Above 20d","Above 50d"],"macd":9.435260298855383,"macd_signal":6.038674273131917,"macd_histogram":3.3965860257234652,"macd_crossover":null,"bb_upper":354.951455126012,"bb_lower":265.2385381601208,"bb_width":28.930785061699936,"bb_pct_b":0.808038299030769,"atr":7.656255631759424,"atr_pct":2.2669752117674147,"rs_vs_bench":5.176129490347648},"MSFT":{"current":432.9200134277344,"sma_20":386.8040008544922,"sma_50":393.49230407714845,"sma_200":469.4249769592285,"rsi":73.09688781893323,"avg_vol_20":33701957.3,"current_vol":"27224146","vol_ratio":0.8077912436260787,"high_52w":539.8251953125,"low_52w":356.7699890136719,"off_high":-19.803666596717324,"off_low":21.344290932257852,"trend_signals":["Death Cross","Above 20d","Above 50d"],"macd":9.15114874263935,"macd_signal":1.8764457244837471,"macd_histogram":7.274703018155603,"macd_crossover":null,"bb_upper":436.38558718531084,"bb_lower":337.22241452367354,"bb_width":25.63654265275826,"bb_pct_b":0.9650518063858079,"atr":9.746744121600535,"atr_pct":2.2513960591538975,"rs_vs_bench":5.230070136448273},"NVDA":{"current":202.5,"sma_20":185.48349990844727,"sma_50":184.43477844238282,"sma_200":182.40577278137206,"rsi":69.81060337705118,"avg_vol_20":152057474.25,"current_vol":"106421485","vol_ratio":0.6998767112561058,"high_52w":207.01727294921875,"low_52w":102.68579864501953,"off_high":-2.1820753818580325,"off_low":97.20351077955185,"trend_signals":["Golden Cross","Above 20d","Above 50d"],"macd":5.936956141398099,"macd_signal":3.641950968310123,"macd_histogram":2.2950051730879757,"macd_crossover":null,"bb_upper":210.28789298003562,"bb_lower":160.67910683685892,"bb_width":26.745659946929557,"bb_pct_b":0.8430138371545948,"atr":4.852303792606032,"atr_pct":2.396199403756065,"rs_vs_bench":1.8837213689845136},"AAPL":{"current":273.1700134277344,"sma_20":259.4494995117187,"sma_50":260.23919982910155,"sma_200":252.71972969055176,"rsi":62.742586773031,"avg_vol_20":41964904.2,"current_vol":"42729584","vol_ratio":1.0182218883750007,"high_52w":285.9224548339844,"low_52w":194.67758178710938,"off_high":-4.46010489580277,"off_low":40.31919387947852,"trend_signals":["Golden Cross","Above 20d","Above 50d"],"macd":3.494054519592453,"macd_signal":1.656161299237013,"macd_histogram":1.83789322035544,"macd_crossover":null,"bb_upper":274.4166718093355,"bb_lower":244.48232721410193,"bb_width":11.537638211509263,"bb_pct_b":0.9583535768543383,"atr":6.190717453383434,"atr_pct":2.266250740958855,"rs_vs_bench":-3.3126227228620806}}