{"GOOG":{"current":381.0199890136719,"sma_20":334.74049682617186,"sma_50":314.12958557128906,"sma_200":281.0182108306885,"rsi":81.5761446418174,"avg_vol_20":16906651.6,"current_vol":"8828632","vol_ratio":0.5221987303506035,"high_52w":381.94000244140625,"low_52w":152.27359008789062,"off_high":-0.24087904431416948,"off_low":150.22066452478816,"trend_signals":["Golden Cross","Above 20d","Above 50d"],"macd":16.13348456162072,"macd_signal":11.463730062860149,"macd_histogram":4.66975449876057,"macd_crossover":null,"bb_upper":377.49332417229755,"bb_lower":291.9876694800462,"bb_width":25.543863232255937,"bb_pct_b":1.041244814206351,"atr":9.621161561775631,"atr_pct":2.525106776335139,"rs_vs_bench":13.342403181075824},"NVDA":{"current":199.7899932861328,"sma_20":197.29100036621094,"sma_50":187.17839569091797,"sma_200":183.84803489685058,"rsi":54.3161805685733,"avg_vol_20":142452826.35,"current_vol":"31331927","vol_ratio":0.21994598354278283,"high_52w":216.61000061035156,"low_52w":111.58370208740234,"off_high":-7.765111156836838,"off_low":79.04943961228264,"trend_signals":["Golden Cross","Above 20d","Above 50d"],"macd":6.350067215089467,"macd_signal":6.375781541051284,"macd_histogram":-0.025714325961816442,"macd_crossover":"bearish","bb_upper":219.2456808186598,"bb_lower":175.33631991376208,"bb_width":22.25613982563487,"bb_pct_b":0.5569125322806312,"atr":6.134562230623862,"atr_pct":3.070505248898096,"rs_vs_bench":-2.1936629387325546},"MSFT":{"current":411.4200134277344,"sma_20":405.42200164794923,"sma_50":396.05,"sma_200":466.620158996582,"rsi":53.02551307435556,"avg_vol_20":33508637.85,"current_vol":"7295557","vol_ratio":0.2177216821721686,"high_52w":539.8252563476562,"low_52w":356.7699890136719,"off_high":-23.786445967475593,"off_low":15.31799929841303,"trend_signals":["Death Cross","Above 20d","Above 50d"],"macd":8.248008515247705,"macd_signal":7.975039108928125,"macd_histogram":0.27296940631957956,"macd_crossover":null,"bb_upper":450.38892209581144,"bb_lower":360.455081200087,"bb_width":22.182772649279908,"bb_pct_b":0.5666936018749568,"atr":11.147432124672942,"atr_pct":2.709501667602026,"rs_vs_bench":-4.326931036943371},"AAPL":{"current":286.1401062011719,"sma_20":266.6590042114258,"sma_50":261.33860168457034,"sma_200":254.93136901855468,"rsi":70.22438829342215,"avg_vol_20":43104957.55,"current_vol":"27623351","vol_ratio":0.6408393041092324,"high_52w":286.1401062011719,"low_52w":194.67759704589844,"off_high":0.0,"off_low":46.98152768636735,"trend_signals":["Golden Cross","Above 20d","Above 50d"],"macd":4.839893102971473,"macd_signal":3.550568000002253,"macd_histogram":1.28932510296922,"macd_crossover":null,"bb_upper":281.81178207016234,"bb_lower":251.50622635268925,"bb_width":11.364909955729354,"bb_pct_b":1.1428227936607012,"atr":6.600181866397718,"atr_pct":2.3066259232312705,"rs_vs_bench":-4.124135741422673},"AMZN":{"current":271.3500061035156,"sma_20":247.52000045776367,"sma_50":224.86260040283204,"sma_200":227.39290000915528,"rsi":79.45897023521294,"avg_vol_20":48247472.55,"current_vol":"13950051","vol_ratio":0.28913537357927366,"high_52w":271.3500061035156,"low_52w":185.00999450683594,"off_high":0.0,"off_low":46.667755343071214,"trend_signals":["Death Cross","Above 20d","Above 50d"],"macd":12.800491518862884,"macd_signal":11.440770911658138,"macd_histogram":1.3597206072047463,"macd_crossover":null,"bb_upper":280.71023306743746,"bb_lower":214.32976784808986,"bb_width":26.818222808897673,"bb_pct_b":0.8589912418812989,"atr":7.47663593179828,"atr_pct":2.755347618804204,"rs_vs_bench":12.857399071070997}}