{"AMZN":{"current":249.14010620117188,"sma_20":219.30250549316406,"sma_50":213.88140258789062,"sma_200":225.43120056152344,"rsi":75.9315795276085,"avg_vol_20":45547685.3,"current_vol":"24470606","vol_ratio":0.5372524605547848,"high_52w":254.0,"low_52w":167.32000732421875,"off_high":-1.9133440152866634,"off_low":48.90036773570597,"trend_signals":["Death Cross","Above 20d","Above 50d"],"macd":9.133540931050106,"macd_signal":4.556985852532115,"macd_histogram":4.576555078517991,"macd_crossover":null,"bb_upper":253.17919001938887,"bb_lower":185.42582096693926,"bb_width":30.894936152273722,"bb_pct_b":0.9403854911614766,"atr":6.601979757606851,"atr_pct":2.6499064555571734,"rs_vs_bench":11.299808614977259},"NVDA":{"current":198.1750030517578,"sma_20":180.27374954223632,"sma_50":182.73849731445313,"sma_200":181.5144261932373,"rsi":68.61058673716535,"avg_vol_20":161871750.4,"current_vol":"81978908","vol_ratio":0.5064435752218813,"high_52w":207.01727294921875,"low_52w":96.88717651367188,"off_high":-4.27127155695358,"off_low":104.54203557453559,"trend_signals":["Golden Cross","Above 20d","Above 50d"],"macd":3.887921677381115,"macd_signal":0.9534330514119347,"macd_histogram":2.9344886259691805,"macd_crossover":null,"bb_upper":199.49677782280583,"bb_lower":161.0507212616668,"bb_width":21.326486334679302,"bb_pct_b":0.965620016998465,"atr":5.270140733353083,"atr_pct":2.659336774162515,"rs_vs_bench":2.9420749011334735},"MSFT":{"current":418.98748779296875,"sma_20":378.17487182617185,"sma_50":391.88615234375,"sma_200":470.77024490356445,"rsi":70.3304147756653,"avg_vol_20":33479328.4,"current_vol":"24477268","vol_ratio":0.7311158607351276,"high_52w":539.8251953125,"low_52w":356.3916015625,"off_high":-22.38459941640541,"off_low":17.56379385934867,"trend_signals":["Death Cross","Above 20d","Above 50d"],"macd":1.1365092528587297,"macd_signal":-5.402424995771158,"macd_histogram":6.538934248629888,"macd_crossover":null,"bb_upper":409.1285839410135,"bb_lower":347.2211597113302,"bb_width":16.370052280506645,"bb_pct_b":1.1592523671373827,"atr":9.789952936306323,"atr_pct":2.3365740556777106,"rs_vs_bench":-0.3397000200115361},"GOOG":{"current":333.1099853515625,"sma_20":302.59899749755857,"sma_50":306.8571588134766,"sma_200":271.7373426055908,"rsi":70.38548610163386,"avg_vol_20":19852422.8,"current_vol":"6955856","vol_ratio":0.35037819162303957,"high_52w":344.6571960449219,"low_52w":149.3437042236328,"off_high":-3.3503466127700805,"off_low":123.04923202705031,"trend_signals":["Golden Cross","Above 20d","Above 50d"],"macd":6.956687058920295,"macd_signal":1.7826470345772116,"macd_histogram":5.174040024343084,"macd_crossover":null,"bb_upper":339.52672115410235,"bb_lower":265.6712738410148,"bb_width":24.407036349710125,"bb_pct_b":0.9131176367352016,"atr":7.853830142364401,"atr_pct":2.357728824632954,"rs_vs_bench":0.9125743524169394},"AAPL":{"current":263.3699951171875,"sma_20":255.3209991455078,"sma_50":260.67347045898435,"sma_200":251.51248069763184,"rsi":57.38570616233393,"avg_vol_20":41860944.95,"current_vol":"23494599","vol_ratio":0.5612534315234086,"high_52w":285.9224548339844,"low_52w":192.32177734375,"off_high":-7.887614049023028,"off_low":36.94236750238019,"trend_signals":["Golden Cross","Above 20d","Above 50d"],"macd":1.2793653766607918,"macd_signal":-0.21900782827958143,"macd_histogram":1.498373204940373,"macd_crossover":null,"bb_upper":266.1209165590933,"bb_lower":244.52108173192235,"bb_width":8.459874001535288,"bb_pct_b":0.8726415519416217,"atr":5.896951932812482,"atr_pct":2.2390371121010237,"rs_vs_bench":-2.2549577799973584}}