{"GOOG":{"current":329.04998779296875,"sma_20":299.9289978027344,"sma_50":307.1773065185547,"sma_200":270.1660963439941,"rsi":69.5121456197488,"avg_vol_20":19569058.0,"current_vol":"6676360","vol_ratio":0.34116920702059345,"high_52w":344.6571960449219,"low_52w":149.3437042236328,"off_high":-4.528327982427767,"off_low":120.33067246024451,"trend_signals":["Golden Cross","Above 20d","Above 50d"],"macd":3.9179337425183576,"macd_signal":-0.8562661074665558,"macd_histogram":4.774199849984914,"macd_crossover":null,"bb_upper":330.2428533294526,"bb_lower":269.6151422760162,"bb_width":20.21402115086976,"bb_pct_b":0.9803247472854043,"atr":8.155064572351828,"atr_pct":2.4783664716264386,"rs_vs_bench":2.645004569423137},"AMZN":{"current":247.9199981689453,"sma_20":215.61899948120117,"sma_50":213.53820037841797,"sma_200":225.15095001220703,"rsi":75.90151324970459,"avg_vol_20":43936228.75,"current_vol":"25162375","vol_ratio":0.5727022030765442,"high_52w":254.0,"low_52w":167.32000732421875,"off_high":-2.3937015082892468,"off_low":48.171161437105745,"trend_signals":["Death Cross","Above 20d","Above 50d"],"macd":6.782049249637822,"macd_signal":2.20785585723722,"macd_histogram":4.574193392400602,"macd_crossover":null,"bb_upper":242.68124695949834,"bb_lower":188.556752002904,"bb_width":25.101913600760028,"bb_pct_b":1.0967907638426602,"atr":6.626315430109642,"atr_pct":2.672763584644,"rs_vs_bench":11.50190680283847},"NVDA":{"current":193.57000732421875,"sma_20":178.3909996032715,"sma_50":182.05740142822265,"sma_200":181.0929387664795,"rsi":65.83905185245268,"avg_vol_20":160689774.2,"current_vol":"65805984","vol_ratio":0.40952191468074145,"high_52w":207.01727294921875,"low_52w":96.88717651367188,"off_high":-6.495721556673489,"off_low":99.78908901004442,"trend_signals":["Golden Cross","Above 20d","Above 50d"],"macd":1.8240719975079003,"macd_signal":-0.5559989318461713,"macd_histogram":2.380070929354072,"macd_crossover":null,"bb_upper":192.41358742186551,"bb_lower":164.36841178467748,"bb_width":15.721183075131847,"bb_pct_b":1.041234182923776,"atr":5.220408619800391,"atr_pct":2.6969098632395583,"rs_vs_bench":2.6955185526130743},"MSFT":{"current":392.42010498046875,"sma_20":376.1900039672852,"sma_50":391.9217938232422,"sma_200":471.55382385253904,"rsi":57.36203190729346,"avg_vol_20":31496217.1,"current_vol":"15158542","vol_ratio":0.48128135362643276,"high_52w":539.8252563476562,"low_52w":356.3916015625,"off_high":-27.306086485189606,"off_low":10.109245913767829,"trend_signals":["Death Cross","Above 20d","Above 50d"],"macd":-4.945166361658721,"macd_signal":-8.339865926532456,"macd_histogram":3.3946995648737346,"macd_crossover":null,"bb_upper":398.3419006972179,"bb_lower":354.03810723735245,"bb_width":11.776972538514945,"bb_pct_b":0.8663365988712981,"atr":8.92919444191739,"atr_pct":2.2754171686391573,"rs_vs_bench":-5.452610933529134},"AAPL":{"current":257.7921142578125,"sma_20":253.98760604858398,"sma_50":260.8364270019531,"sma_200":250.88337890625,"rsi":51.47759952873463,"avg_vol_20":39820173.35,"current_vol":"13703467","vol_ratio":0.3441337856456117,"high_52w":285.9224548339844,"low_52w":192.32179260253906,"off_high":-9.83845098577698,"off_low":34.042071243885175,"trend_signals":["Golden Cross","Above 20d","Below 50d"],"macd":0.1543611241288545,"macd_signal":-0.9996994396651553,"macd_histogram":1.1540605637940098,"macd_crossover":null,"bb_upper":262.62309636001913,"bb_lower":245.35211573714884,"bb_width":6.799930473602172,"bb_pct_b":0.7202832770358489,"atr":5.648062632632678,"atr_pct":2.190936929507537,"rs_vs_bench":-2.3014148017558966}}