{"AMZN":{"current":247.27999877929688,"sma_20":223.51600036621093,"sma_50":214.73580017089844,"sma_200":225.72129997253418,"rsi":71.68437695607386,"avg_vol_20":45066641.5,"current_vol":"21107730","vol_ratio":0.4683670514919555,"high_52w":254.0,"low_52w":167.32000732421875,"off_high":-2.6456697719303643,"off_low":47.78866122097301,"trend_signals":["Death Cross","Above 20d","Above 50d"],"macd":10.158208742429338,"macd_signal":6.543894624594218,"macd_histogram":3.6143141178351197,"macd_crossover":null,"bb_upper":260.7475862243846,"bb_lower":186.2844145080373,"bb_width":33.314470370956016,"bb_pct_b":0.8191376067569374,"atr":6.4933898311545875,"atr_pct":2.625926020385534,"rs_vs_bench":7.840596846539746},"GOOG":{"current":336.5050048828125,"sma_20":306.15124664306643,"sma_50":307.08441772460935,"sma_200":273.33582527160644,"rsi":69.7325359006342,"avg_vol_20":19042997.85,"current_vol":"7311657","vol_ratio":0.38395514496159017,"high_52w":344.6571960449219,"low_52w":149.34371948242188,"off_high":-2.3653042082564952,"off_low":125.32250170883145,"trend_signals":["Golden Cross","Above 20d","Above 50d"],"macd":9.022552831510097,"macd_signal":4.267619498295851,"macd_histogram":4.754933333214247,"macd_crossover":null,"bb_upper":348.9087946465007,"bb_lower":263.39369863963213,"bb_width":27.932303704308726,"bb_pct_b":0.854952045394512,"atr":7.673171750413332,"atr_pct":2.2802548666655063,"rs_vs_bench":2.702621961209715},"NVDA":{"current":199.77499389648438,"sma_20":182.7922492980957,"sma_50":183.8500717163086,"sma_200":181.9700841522217,"rsi":68.0403397257356,"avg_vol_20":155540994.9,"current_vol":"73395698","vol_ratio":0.47187365650571644,"high_52w":207.01727294921875,"low_52w":96.88717651367188,"off_high":-3.498393612068739,"off_low":106.1934314581805,"trend_signals":["Golden Cross","Above 20d","Above 50d"],"macd":5.161520720009094,"macd_signal":2.400057080740228,"macd_histogram":2.7614636392688654,"macd_crossover":null,"bb_upper":205.33068119236916,"bb_lower":160.25381740382224,"bb_width":24.660161446471417,"bb_pct_b":0.8767508023196511,"atr":5.040651373860035,"atr_pct":2.5231643237951515,"rs_vs_bench":3.907837472238551},"MSFT":{"current":418.55999755859375,"sma_20":381.7614990234375,"sma_50":392.6181964111328,"sma_200":470.09604888916016,"rsi":67.86076215304087,"avg_vol_20":33724361.95,"current_vol":"15645339","vol_ratio":0.46391801342886485,"high_52w":539.8252563476562,"low_52w":356.3916320800781,"off_high":-22.463798676171184,"off_low":17.443834221266712,"trend_signals":["Death Cross","Above 20d","Above 50d"],"macd":5.534734752483075,"macd_signal":-1.7198396600803803,"macd_histogram":7.254574412563455,"macd_crossover":null,"bb_upper":422.5163192542478,"bb_lower":341.00667879262727,"bb_width":21.350932629436365,"bb_pct_b":0.9514619169800302,"atr":9.710308211486295,"atr_pct":2.3199322123770223,"rs_vs_bench":-0.5487399161305593},"AAPL":{"current":272.5799865722656,"sma_20":257.6154983520508,"sma_50":260.49259887695314,"sma_200":252.13175567626953,"rsi":66.16185292716834,"avg_vol_20":40735492.8,"current_vol":"19364356","vol_ratio":0.4753681536411903,"high_52w":285.9224548339844,"low_52w":192.32176208496094,"off_high":-4.666463943682146,"off_low":41.73122355849124,"trend_signals":["Golden Cross","Above 20d","Above 50d"],"macd":2.8346337472913206,"macd_signal":0.7567505529860519,"macd_histogram":2.0778831943052687,"macd_crossover":null,"bb_upper":271.1892067073478,"bb_lower":244.04178999675375,"bb_width":10.537959433440253,"bb_pct_b":1.051230652247478,"atr":5.963849749881899,"atr_pct":2.187926496320661,"rs_vs_bench":-1.4473229608151783}}