{"AMZN":{"current":250.25,"sma_20":221.40500030517578,"sma_50":214.23780029296876,"sma_200":225.58294998168947,"rsi":76.43170649291147,"avg_vol_20":46657137.65,"current_vol":"41120553","vol_ratio":0.8813346697019251,"high_52w":254.0,"low_52w":167.32000732421875,"off_high":-1.4763779527559056,"off_low":49.56370370883766,"trend_signals":["Death Cross","Above 20d","Above 50d"],"macd":9.91317678013732,"macd_signal":5.635370230863395,"macd_histogram":4.277806549273925,"macd_crossover":null,"bb_upper":257.65895716867897,"bb_lower":185.15104344167256,"bb_width":32.74899556336325,"bb_pct_b":0.8978186409200267,"atr":6.593266583546854,"atr_pct":2.6346719614572844,"rs_vs_bench":10.289523406179011},"GOOG":{"current":339.4100036621094,"sma_20":304.2659973144531,"sma_50":306.97645263671876,"sma_200":272.5501306915283,"rsi":73.01644045920045,"avg_vol_20":20158677.85,"current_vol":"14497557","vol_ratio":0.7191720165318282,"high_52w":344.6571960449219,"low_52w":149.3437042236328,"off_high":-1.5224380755794786,"off_low":127.26770132463317,"trend_signals":["Golden Cross","Above 20d","Above 50d"],"macd":8.286338798112865,"macd_signal":3.07904584234367,"macd_histogram":5.207292955769195,"macd_crossover":null,"bb_upper":344.64944152376995,"bb_lower":263.88255310513625,"bb_width":26.54482891006801,"bb_pct_b":0.9351288880351148,"atr":7.896493532458093,"atr_pct":2.326535295736079,"rs_vs_bench":2.031110484326625},"NVDA":{"current":201.56500244140625,"sma_20":181.43274993896483,"sma_50":183.28968597412108,"sma_200":181.75675323486328,"rsi":71.29051379209757,"avg_vol_20":162709961.0,"current_vol":"135294720","vol_ratio":0.831508527004072,"high_52w":207.01727294921875,"low_52w":96.88717651367188,"off_high":-2.6337273359551694,"off_low":108.04094999399962,"trend_signals":["Golden Cross","Above 20d","Above 50d"],"macd":4.71438212681511,"macd_signal":1.7078565392353195,"macd_histogram":3.0065255875797905,"macd_crossover":null,"bb_upper":202.8806251478155,"bb_lower":159.98487473011417,"bb_width":23.642782481184753,"bb_pct_b":0.9693297659185759,"atr":5.131558277235017,"atr_pct":2.5458577704860894,"rs_vs_bench":5.150238327344578},"AAPL":{"current":270.18499755859375,"sma_20":256.383748626709,"sma_50":260.5531402587891,"sma_200":251.82760780334473,"rsi":64.1376990514953,"avg_vol_20":43346773.65,"current_vol":"44573673","vol_ratio":1.0283042830339924,"high_52w":285.9224548339844,"low_52w":192.32179260253906,"off_high":-5.504099803748639,"off_low":40.485898089027444,"trend_signals":["Golden Cross","Above 20d","Above 50d"],"macd":2.0569247667870627,"macd_signal":0.23656156715596988,"macd_histogram":1.820363199631093,"macd_crossover":null,"bb_upper":268.63036226488936,"bb_lower":244.13713498852863,"bb_width":9.553346266117089,"bb_pct_b":1.0634720478507471,"atr":6.111454897535363,"atr_pct":2.2619519783699316,"rs_vs_bench":-2.613765721952177},"MSFT":{"current":423.18499755859375,"sma_20":379.9467483520508,"sma_50":392.11036682128906,"sma_200":470.44649322509764,"rsi":71.8350539151152,"avg_vol_20":35075180.65,"current_vol":"39620613","vol_ratio":1.1295911315570089,"high_52w":539.8252563476562,"low_52w":356.3916015625,"off_high":-21.607039948116892,"off_low":18.74157407280549,"trend_signals":["Death Cross","Above 20d","Above 50d"],"macd":3.8925829972621955,"macd_signal":-3.527181499917487,"macd_histogram":7.419764497179683,"macd_crossover":null,"bb_upper":416.94496034733754,"bb_lower":342.94853635676407,"bb_width":19.47547236856727,"bb_pct_b":1.084328902327106,"atr":9.91648585005607,"atr_pct":2.3432980628485165,"rs_vs_bench":-0.7445922780535241}}