{"AMZN":{"current":269.739990234375,"sma_20":247.43949966430665,"sma_50":224.8304000854492,"sma_200":227.38484992980958,"rsi":78.78458632251092,"avg_vol_20":48656898.05,"current_vol":"22138561","vol_ratio":0.45499326687965885,"high_52w":269.739990234375,"low_52w":185.00999450683594,"off_high":0.0,"off_low":45.797523508606105,"trend_signals":["Death Cross","Above 20d","Above 50d"],"macd":12.672057204515454,"macd_signal":11.415084048788652,"macd_histogram":1.2569731557268025,"macd_crossover":null,"bb_upper":280.39333974815537,"bb_lower":214.48565958045793,"bb_width":26.63587675254448,"bb_pct_b":0.8383595130844588,"atr":7.47663593179828,"atr_pct":2.771793654067344,"rs_vs_bench":12.10757029468872},"GOOG":{"current":382.4700012207031,"sma_20":334.81299743652346,"sma_50":314.15858581542966,"sma_200":281.02546089172364,"rsi":82.60878035159243,"avg_vol_20":17155767.6,"current_vol":"13810952","vol_ratio":0.8050325885738857,"high_52w":382.4700012207031,"low_52w":152.27357482910156,"off_high":0.0,"off_low":151.17293112081578,"trend_signals":["Golden Cross","Above 20d","Above 50d"],"macd":16.249155051070375,"macd_signal":11.486864160749992,"macd_histogram":4.762290890320383,"macd_crossover":null,"bb_upper":377.899884524095,"bb_lower":291.7261103489519,"bb_width":25.73788199231441,"bb_pct_b":1.053033730277609,"atr":9.712590046011071,"atr_pct":2.5394383912495275,"rs_vs_bench":13.836333454289008},"AAPL":{"current":283.67999267578125,"sma_20":266.53599853515624,"sma_50":261.2893994140625,"sma_200":254.91906845092774,"rsi":68.77963571743277,"avg_vol_20":43715059.0,"current_vol":"39825380","vol_ratio":0.9110219890129853,"high_52w":285.9224548339844,"low_52w":194.67759704589844,"off_high":-0.784290327776169,"off_low":45.71784169336086,"trend_signals":["Golden Cross","Above 20d","Above 50d"],"macd":4.643644730575659,"macd_signal":3.5113183255230895,"macd_histogram":1.1323264050525692,"macd_crossover":null,"bb_upper":281.0493667510857,"bb_lower":252.02263031922678,"bb_width":10.890362499394348,"bb_pct_b":1.0906276849576604,"atr":6.6001818663977065,"atr_pct":2.326629313594588,"rs_vs_bench":-5.067707080037785},"NVDA":{"current":198.83999633789062,"sma_20":197.24350051879884,"sma_50":187.15939575195313,"sma_200":183.84328491210937,"rsi":53.3746712367479,"avg_vol_20":143858280.85,"current_vol":"59441017","vol_ratio":0.41319148712738146,"high_52w":216.61000061035156,"low_52w":111.58370208740234,"off_high":-8.20368598974637,"off_low":78.19806353273827,"trend_signals":["Golden Cross","Above 20d","Above 50d"],"macd":6.274283982751058,"macd_signal":6.360624894583602,"macd_histogram":-0.08634091183254444,"macd_crossover":"bearish","bb_upper":219.17951881411824,"bb_lower":175.30748222347944,"bb_width":22.242576548907607,"bb_pct_b":0.5363898269412102,"atr":6.278848250085358,"atr_pct":3.157739069465508,"rs_vs_bench":-2.7216574767528137},"MSFT":{"current":414.7724914550781,"sma_20":405.5896255493164,"sma_50":396.1170495605469,"sma_200":466.6369218444824,"rsi":54.65161156766007,"avg_vol_20":33825045.0,"current_vol":"13623700","vol_ratio":0.40276960459328287,"high_52w":539.8252563476562,"low_52w":356.7699890136719,"off_high":-23.1654157381703,"off_low":16.257674195567922,"trend_signals":["Death Cross","Above 20d","Above 50d"],"macd":8.51544265987718,"macd_signal":8.028525937851516,"macd_histogram":0.48691672202566494,"macd_crossover":null,"bb_upper":450.67552542956713,"bb_lower":360.50372566906566,"bb_width":22.232274713234084,"bb_pct_b":0.6018374472967342,"atr":11.14743212466237,"atr_pct":2.6876016019181184,"rs_vs_bench":-3.421060918853435}}