{"AMZN":{"current":248.27999877929688,"sma_20":223.56600036621094,"sma_50":214.75580017089842,"sma_200":225.72629997253418,"rsi":73.10728718081502,"avg_vol_20":45839144.5,"current_vol":"36557790","vol_ratio":0.7975233918250808,"high_52w":254.0,"low_52w":167.32000732421875,"off_high":-2.2519689845287894,"off_low":48.386318378650685,"trend_signals":["Death Cross","Above 20d","Above 50d"],"macd":10.237980822201393,"macd_signal":6.559849040548629,"macd_histogram":3.6781317816527643,"macd_crossover":null,"bb_upper":260.93439449257426,"bb_lower":186.19760623984766,"bb_width":33.42940703430058,"bb_pct_b":0.830680498732621,"atr":6.4933898311545875,"atr_pct":2.615349550137039,"rs_vs_bench":8.151509071361328},"GOOG":{"current":335.3999938964844,"sma_20":306.09599609375,"sma_50":307.0623175048828,"sma_200":273.33030044555665,"rsi":68.557025351567,"avg_vol_20":19318922.9,"current_vol":"12830158","vol_ratio":0.6641238782520325,"high_52w":344.6571960449219,"low_52w":149.3437042236328,"off_high":-2.6859158185778704,"off_low":124.58261340179695,"trend_signals":["Golden Cross","Above 20d","Above 50d"],"macd":8.934403808121033,"macd_signal":4.249989695092238,"macd_histogram":4.684414113028795,"macd_crossover":null,"bb_upper":348.69094292196627,"bb_lower":263.5010492655337,"bb_width":27.831103556918436,"bb_pct_b":0.8439844392917808,"atr":7.6731717502253245,"atr_pct":2.2877674090219338,"rs_vs_bench":2.168116770624696},"MSFT":{"current":418.07000732421875,"sma_20":381.73699951171875,"sma_50":392.6083966064453,"sma_200":470.0935984802246,"rsi":67.44275320101735,"avg_vol_20":34304104.5,"current_vol":"27240190","vol_ratio":0.7940796122516476,"high_52w":539.8251953125,"low_52w":356.3916320800781,"off_high":-22.554558224685724,"off_low":17.30634776247553,"trend_signals":["Death Cross","Above 20d","Above 50d"],"macd":5.495647211193614,"macd_signal":-1.727657169894128,"macd_histogram":7.2233043810877415,"macd_crossover":null,"bb_upper":422.3991616549748,"bb_lower":341.0748373684627,"bb_width":21.303757401177876,"bb_pct_b":0.9467667961739945,"atr":9.710308211506502,"atr_pct":2.3226512405555155,"rs_vs_bench":-0.8416357071064482},"AAPL":{"current":273.04998779296875,"sma_20":257.6389984130859,"sma_50":260.5019989013672,"sma_200":252.13410530090331,"rsi":66.53304648476345,"avg_vol_20":41500637.05,"current_vol":"34667241","vol_ratio":0.835342381810498,"high_52w":285.9224548339844,"low_52w":192.32177734375,"off_high":-4.502083282857161,"off_low":41.97559504919074,"trend_signals":["Golden Cross","Above 20d","Above 50d"],"macd":2.872126722165092,"macd_signal":0.7642491479645485,"macd_histogram":2.1078775742005433,"macd_crossover":null,"bb_upper":271.3229722472449,"bb_lower":243.95502457892695,"bb_width":10.622595118320357,"bb_pct_b":1.063103582579673,"atr":5.963849749882083,"atr_pct":2.1841604162253168,"rs_vs_bench":-1.4253973249463527},"NVDA":{"current":202.05999755859375,"sma_20":182.90649948120117,"sma_50":183.8957717895508,"sma_200":181.98150917053223,"rsi":71.64596646908451,"avg_vol_20":157796878.85,"current_vol":"118513377","vol_ratio":0.7510501973404526,"high_52w":207.01727294921875,"low_52w":96.88717651367188,"off_high":-2.3946192122050696,"off_low":108.55184847922656,"trend_signals":["Golden Cross","Above 20d","Above 50d"],"macd":5.343800214422373,"macd_signal":2.4365129796228837,"macd_histogram":2.9072872347994894,"macd_crossover":null,"bb_upper":205.82732788567506,"bb_lower":159.98567107672727,"bb_width":25.062891115938346,"bb_pct_b":0.9178186263471618,"atr":5.075651766228896,"atr_pct":2.511952799938567,"rs_vs_bench":5.043835059771107}}