{"AMZN":{"current":252.2698974609375,"sma_20":225.6724952697754,"sma_50":215.5947979736328,"sma_200":225.87059944152833,"rsi":75.22071897744027,"avg_vol_20":45172917.15,"current_vol":"28245943","vol_ratio":0.62528490037974,"high_52w":254.0,"low_52w":167.32000732421875,"off_high":-0.6811427319143701,"off_low":50.770909884141915,"trend_signals":["Death Cross","Above 20d","Above 50d"],"macd":10.674692584914283,"macd_signal":7.38281774942176,"macd_histogram":3.2918748354925222,"macd_crossover":null,"bb_upper":264.5726237194279,"bb_lower":186.7723668201229,"bb_width":34.47485118037993,"bb_pct_b":0.8418677939018439,"atr":6.509245414528949,"atr_pct":2.5802703691735025,"rs_vs_bench":11.155242516087014},"GOOG":{"current":331.1499938964844,"sma_20":307.70249633789064,"sma_50":307.2278662109375,"sma_200":274.08532913208006,"rsi":64.08259092931176,"avg_vol_20":18555854.0,"current_vol":"6852180","vol_ratio":0.36927322234805254,"high_52w":344.6571960449219,"low_52w":149.34368896484375,"off_high":-3.9190251366975666,"off_low":121.7368515481352,"trend_signals":["Golden Cross","Above 20d","Above 50d"],"macd":9.00192473517535,"macd_signal":5.200376703104497,"macd_histogram":3.801548032070854,"macd_crossover":null,"bb_upper":351.57811280482997,"bb_lower":263.8268798709513,"bb_width":28.518206377343887,"bb_pct_b":0.7672041950255176,"atr":7.58008988484784,"atr_pct":2.2890200889501853,"rs_vs_bench":3.9323899759406977},"NVDA":{"current":199.60009765625,"sma_20":184.10450439453126,"sma_50":184.17977447509764,"sma_200":182.18294166564942,"rsi":67.12327029848849,"avg_vol_20":152075691.3,"current_vol":"67397326","vol_ratio":0.4431827692109264,"high_52w":207.01727294921875,"low_52w":96.88717651367188,"off_high":-3.58287749968969,"off_low":106.01291609327079,"trend_signals":["Golden Cross","Above 20d","Above 50d"],"macd":5.572617857381488,"macd_signal":3.063733955345036,"macd_histogram":2.5088839020364517,"macd_crossover":null,"bb_upper":207.91361658670223,"bb_lower":160.2953922023603,"bb_width":25.864779648355206,"bb_pct_b":0.8254130842143302,"atr":4.980943125048617,"atr_pct":2.4954612665705027,"rs_vs_bench":3.353862779803162},"AAPL":{"current":266.3500061035156,"sma_20":258.3819984436035,"sma_50":260.27179931640626,"sma_200":252.4013452911377,"rsi":56.94351401878414,"avg_vol_20":40965136.75,"current_vol":"27909235","vol_ratio":0.6812923674665873,"high_52w":285.9224548339844,"low_52w":192.32177734375,"off_high":-6.845369574709735,"off_low":38.49185972707077,"trend_signals":["Golden Cross","Above 20d","Above 50d"],"macd":2.9408021208318473,"macd_signal":1.1995597425301003,"macd_histogram":1.741242378301747,"macd_crossover":null,"bb_upper":272.27234704021345,"bb_lower":244.49164984699354,"bb_width":10.751792834083037,"bb_pct_b":0.7868181314706812,"atr":6.084620574008053,"atr_pct":2.284445441928503,"rs_vs_bench":-4.727480382100825},"MSFT":{"current":426.2200012207031,"sma_20":383.8979995727539,"sma_50":393.1282666015625,"sma_200":469.7449041748047,"rsi":70.67805073006713,"avg_vol_20":33802523.95,"current_vol":"18631479","vol_ratio":0.551186030592251,"high_52w":539.8252563476562,"low_52w":356.3916015625,"off_high":-21.044820298994956,"off_low":19.593166436038306,"trend_signals":["Death Cross","Above 20d","Above 50d"],"macd":7.363809292637825,"macd_signal":0.09063612405827337,"macd_histogram":7.273173168579552,"macd_crossover":null,"bb_upper":429.17480469254593,"bb_lower":338.6211944529619,"bb_width":23.587934904678473,"bb_pct_b":0.9673695674415953,"atr":9.726706222905909,"atr_pct":2.282085823060489,"rs_vs_bench":3.7746704975154515}}