{"NVDA":{"current":209.25,"sma_20":194.9800003051758,"sma_50":186.708388671875,"sma_200":183.5613005065918,"rsi":65.41837481271303,"avg_vol_20":144736696.25,"current_vol":"114136225","vol_ratio":0.7885783492173637,"high_52w":216.61000061035156,"low_52w":108.89433288574219,"off_high":-3.397812007577196,"off_low":92.15876019880336,"trend_signals":["Golden Cross","Above 20d","Above 50d"],"macd":8.003502631150354,"macd_signal":6.199757362904436,"macd_histogram":1.803745268245918,"macd_crossover":null,"bb_upper":220.24220108057565,"bb_lower":169.71779952977593,"bb_width":25.912607175977392,"bb_pct_b":0.7824377777236302,"atr":5.902868432722891,"atr_pct":2.8209646034517997,"rs_vs_bench":5.838731405638153},"AMZN":{"current":263.0400085449219,"sma_20":241.71650085449218,"sma_50":222.32740020751953,"sma_200":226.95855003356934,"rsi":75.51081779669968,"avg_vol_20":45595098.3,"current_vol":"56731766","vol_ratio":1.2442514242808422,"high_52w":263.989990234375,"low_52w":184.4199981689453,"off_high":-0.3598551932252107,"off_low":42.630957139449464,"trend_signals":["Death Cross","Above 20d","Above 50d"],"macd":12.291305345855108,"macd_signal":10.782417045565577,"macd_histogram":1.5088883002895308,"macd_crossover":null,"bb_upper":278.6340225895632,"bb_lower":204.79897911942118,"bb_width":30.546132849485947,"bb_pct_b":0.7887992840290351,"atr":6.43559431695625,"atr_pct":2.4466218475875623,"rs_vs_bench":11.695644187547316},"MSFT":{"current":424.4599914550781,"sma_20":401.60350036621094,"sma_50":395.60899963378904,"sma_200":467.5521513366699,"rsi":61.77025655023973,"avg_vol_20":31926939.6,"current_vol":"31217392","vol_ratio":0.9777758968166181,"high_52w":539.8251953125,"low_52w":356.7699890136719,"off_high":-21.370844647337734,"off_low":18.973009088724748,"trend_signals":["Death Cross","Above 20d","Above 50d"],"macd":10.750529513610331,"macd_signal":7.572593342456882,"macd_histogram":3.1779361711534495,"macd_crossover":null,"bb_upper":451.0057709790376,"bb_lower":352.20122975338427,"bb_width":24.602509972038654,"bb_pct_b":0.7313303700957097,"atr":10.1904560640719,"atr_pct":2.400804850685294,"rs_vs_bench":1.6921484739367276},"GOOG":{"current":347.30999755859375,"sma_20":326.0604965209961,"sma_50":311.01183227539065,"sma_200":279.03363830566406,"rsi":71.11291062691126,"avg_vol_20":16073296.0,"current_vol":"21066220","vol_ratio":1.3106347322913732,"high_52w":348.5199890136719,"low_52w":152.27359008789062,"off_high":-0.34717993033985173,"off_low":128.08288512678413,"trend_signals":["Golden Cross","Above 20d","Above 50d"],"macd":11.460916377493561,"macd_signal":9.317162760173243,"macd_histogram":2.1437536173203178,"macd_crossover":null,"bb_upper":361.64707625681956,"bb_lower":290.4739167851726,"bb_width":21.828206799367333,"bb_pct_b":0.7985605977779133,"atr":7.884773972240028,"atr_pct":2.270241003042191,"rs_vs_bench":4.549692730148315},"AAPL":{"current":270.1700134277344,"sma_20":264.3619987487793,"sma_50":260.68739929199216,"sma_200":254.23390800476074,"rsi":57.53499575918354,"avg_vol_20":40487972.45,"current_vol":"24117049","vol_ratio":0.5956595882834829,"high_52w":285.9224548339844,"low_52w":194.6775665283203,"off_high":-5.509340431270558,"off_low":38.778195272146036,"trend_signals":["Golden Cross","Above 20d","Above 50d"],"macd":3.7151969399404265,"macd_signal":3.1083028101780505,"macd_histogram":0.606894129762376,"macd_crossover":null,"bb_upper":277.5053643078947,"bb_lower":251.2186331896639,"bb_width":9.943460574002854,"bb_pct_b":0.7209485330386709,"atr":5.736189604811442,"atr_pct":2.123177747239432,"rs_vs_bench":-7.534523484931288}}