{"GOOG":{"current":330.5799865722656,"sma_20":300.00549774169923,"sma_50":307.2079064941406,"sma_200":270.17374633789063,"rsi":70.19464023570328,"avg_vol_20":20162415.0,"current_vol":"18511800","vol_ratio":0.9181340628094402,"high_52w":344.6571960449219,"low_52w":149.3437042236328,"off_high":-4.084408982083594,"off_low":121.35515406611508,"trend_signals":["Golden Cross","Above 20d","Above 50d"],"macd":4.039984939442718,"macd_signal":-0.8318558525154256,"macd_histogram":4.871840791958143,"macd_crossover":null,"bb_upper":330.63486354428335,"bb_lower":269.3761319391151,"bb_width":20.41920300337669,"bb_pct_b":0.9991041771421024,"atr":8.256494105547736,"atr_pct":2.497578329274584,"rs_vs_bench":2.518800162998591},"AMZN":{"current":249.02000427246094,"sma_20":215.67399978637695,"sma_50":213.5602005004883,"sma_200":225.1564500427246,"rsi":76.33136168089538,"avg_vol_20":46307660.0,"current_vol":"72499800","vol_ratio":1.5656113912903395,"high_52w":254.0,"low_52w":167.32000732421875,"off_high":-1.9606282391886072,"off_low":48.828587958360984,"trend_signals":["Death Cross","Above 20d","Above 50d"],"macd":6.8697990354248475,"macd_signal":2.2254058285586313,"macd_histogram":4.644393206866216,"macd_crossover":null,"bb_upper":243.01568566751163,"bb_lower":188.33231390524227,"bb_width":25.354642570005065,"bb_pct_b":1.1098015431647577,"atr":6.927029071394877,"atr_pct":2.7817159073757733,"rs_vs_bench":11.392368544306784},"NVDA":{"current":196.50999450683594,"sma_20":178.53799896240236,"sma_50":182.116201171875,"sma_200":181.10763854980468,"rsi":68.0675106825748,"avg_vol_20":165454330.0,"current_vol":"160691000","vol_ratio":0.9712106053676565,"high_52w":207.01727294921875,"low_52w":96.88717651367188,"off_high":-5.07555639811768,"off_low":102.82353308036194,"trend_signals":["Golden Cross","Above 20d","Above 50d"],"macd":2.0586008830123603,"macd_signal":-0.5090931630754598,"macd_histogram":2.56769404608782,"macd_crossover":null,"bb_upper":193.27406376638618,"bb_lower":163.80193415841853,"bb_width":16.50748287717399,"bb_pct_b":1.1097962985197698,"atr":5.418979942293351,"atr_pct":2.7576103474497033,"rs_vs_bench":3.6908242103134805},"AAPL":{"current":258.8299865722656,"sma_20":254.03949966430665,"sma_50":260.8571844482422,"sma_200":250.88856796264648,"rsi":53.0673568516559,"avg_vol_20":41597635.0,"current_vol":"48214600","vol_ratio":1.159070701976206,"high_52w":285.9224548339844,"low_52w":192.32179260253906,"off_high":-9.475460147909507,"off_low":34.58172527913953,"trend_signals":["Golden Cross","Above 20d","Below 50d"],"macd":0.2371543588658369,"macd_signal":-0.983140790589296,"macd_histogram":1.2202951494551328,"macd_crossover":null,"bb_upper":262.78305125920235,"bb_lower":245.29594806941097,"bb_width":6.8836158207283615,"bb_pct_b":0.7739439949525518,"atr":5.6780613396813235,"atr_pct":2.193741696963695,"rs_vs_bench":-2.513866833297951},"MSFT":{"current":393.1099853515625,"sma_20":376.22449798583983,"sma_50":391.9355914306641,"sma_200":471.5572724914551,"rsi":57.797823669360824,"avg_vol_20":32614165.0,"current_vol":"37335000","vol_ratio":1.144747995234586,"high_52w":539.8251953125,"low_52w":356.3916015625,"off_high":-27.178281272330274,"off_low":10.30281960295387,"trend_signals":["Death Cross","Above 20d","Above 50d"],"macd":-4.8901331622138855,"macd_signal":-8.32885927717745,"macd_histogram":3.438726114963565,"macd_crossover":null,"bb_upper":398.4846904751262,"bb_lower":353.9643054965535,"bb_width":11.833462524880108,"bb_pct_b":0.8792754122375519,"atr":8.944915330193963,"atr_pct":2.2754230784024547,"rs_vs_bench":-5.900579591511423}}