{"AMZN":{"current":221.86000061035156,"sma_20":209.73699951171875,"sma_50":213.72800018310548,"sma_200":224.60655006408692,"rsi":61.1637202581646,"avg_vol_20":41027924.25,"current_vol":"27746685","vol_ratio":0.6762878090280183,"high_52w":254.0,"low_52w":167.32000732421875,"off_high":-12.653543066790723,"off_low":32.59621736714951,"trend_signals":["Death Cross","Above 20d","Above 50d"],"macd":0.15510460705004903,"macd_signal":-1.4919292451045554,"macd_histogram":1.6470338521546044,"macd_crossover":null,"bb_upper":219.38912116911953,"bb_lower":200.08487785431797,"bb_width":9.204023782042793,"bb_pct_b":1.127996700048713,"atr":6.2231069604746905,"atr_pct":2.804970225977874,"rs_vs_bench":4.472719033297956},"MSFT":{"current":376.6099853515625,"sma_20":380.37949829101564,"sma_50":397.98962646484375,"sma_200":473.7339535522461,"rsi":43.17057129141715,"avg_vol_20":30565857.75,"current_vol":"17050555","vol_ratio":0.5578300841238457,"high_52w":539.8252563476562,"low_52w":351.86627197265625,"off_high":-30.234834157329693,"off_low":7.032135600887914,"trend_signals":["Death Cross","Below 20d","Below 50d"],"macd":-9.143949988228144,"macd_signal":-10.464547826877167,"macd_histogram":1.3205978386490234,"macd_crossover":null,"bb_upper":409.5056530487878,"bb_lower":351.2533435332435,"bb_width":15.314261093792553,"bb_pct_b":0.4352898971594034,"atr":8.732742215504864,"atr_pct":2.318776069453633,"rs_vs_bench":-6.840665163814452},"GOOG":{"current":315.7300109863281,"sma_20":296.8365005493164,"sma_50":308.54052185058595,"sma_200":267.16000930786134,"rsi":62.34209865945818,"avg_vol_20":19876703.75,"current_vol":"12267875","vol_ratio":0.6171986640390512,"high_52w":344.6571960449219,"low_52w":146.07501220703125,"off_high":-8.393030927699954,"off_low":116.14238206521308,"trend_signals":["Golden Cross","Above 20d","Above 50d"],"macd":-1.9845604358367837,"macd_signal":-5.0202900276504865,"macd_histogram":3.035729591813703,"macd_crossover":null,"bb_upper":320.0964816940132,"bb_lower":273.57651940461955,"bb_width":15.671914405170956,"bb_pct_b":0.9061376988974768,"atr":8.471276871554686,"atr_pct":2.6830762286710566,"rs_vs_bench":2.5117990370433496},"NVDA":{"current":181.5050048828125,"sma_20":177.22324905395507,"sma_50":182.21027465820313,"sma_200":180.31946388244629,"rsi":53.98332070316612,"avg_vol_20":167916192.05,"current_vol":"94489341","vol_ratio":0.5627172689329695,"high_52w":207.01727294921875,"low_52w":96.27731323242188,"off_high":-12.32373883732127,"off_low":88.52313051636942,"trend_signals":["Golden Cross","Above 20d","Below 50d"],"macd":-1.4964832847827267,"macd_signal":-2.4516534599589437,"macd_histogram":0.9551701751762169,"macd_crossover":null,"bb_upper":187.7422152601719,"bb_lower":166.70428284773826,"bb_width":11.870864869444246,"bb_pct_b":0.7035255054972449,"atr":5.476699806969011,"atr_pct":3.017382253731794,"rs_vs_bench":-2.290744787014287},"AAPL":{"current":257.56500244140625,"sma_20":252.99824981689454,"sma_50":260.68058044433593,"sma_200":249.6964916229248,"rsi":52.28945355481645,"avg_vol_20":40175958.15,"current_vol":"21215263","vol_ratio":0.5280586693363031,"high_52w":285.9224548339844,"low_52w":171.67178344726562,"off_high":-9.917882248543004,"off_low":50.033393531165494,"trend_signals":["Golden Cross","Above 20d","Below 50d"],"macd":-1.2506033029700347,"macd_signal":-2.3686499542656136,"macd_histogram":1.118046651295579,"macd_crossover":null,"bb_upper":260.4426053910667,"bb_lower":245.55389424272238,"bb_width":5.884906776675298,"bb_pct_b":0.8067258528297492,"atr":6.190022636912818,"atr_pct":2.403285608774039,"rs_vs_bench":-1.1025435748322931}}