{"GOOG":{"current":347.8599853515625,"sma_20":326.0879959106445,"sma_50":311.02283203125,"sma_200":279.0363888549805,"rsi":71.52860986178837,"avg_vol_20":15422601.15,"current_vol":"8094223","vol_ratio":0.5248286538227697,"high_52w":348.5199890136719,"low_52w":152.27357482910156,"off_high":-0.18937325918585524,"off_low":128.44409198508006,"trend_signals":["Golden Cross","Above 20d","Above 50d"],"macd":11.504790042137131,"macd_signal":9.325937486176663,"macd_histogram":2.178852555960468,"macd_crossover":null,"bb_upper":361.7444957735408,"bb_lower":290.4314960477482,"bb_width":21.869250208564544,"bb_pct_b":0.8053018317085808,"atr":7.88477396507242,"atr_pct":2.2666516118845124,"rs_vs_bench":5.052811519913657},"MSFT":{"current":424.6300048828125,"sma_20":401.6120010375977,"sma_50":395.6123999023437,"sma_200":467.55300216674806,"rsi":61.8922629775541,"avg_vol_20":30943890.1,"current_vol":"11621302","vol_ratio":0.37556047292192263,"high_52w":539.8252563476562,"low_52w":356.7699890136719,"off_high":-21.339359377927313,"off_low":19.02066260022228,"trend_signals":["Death Cross","Above 20d","Above 50d"],"macd":10.764091843975791,"macd_signal":7.5753058157034925,"macd_histogram":3.1887860282722986,"macd_crossover":null,"bb_upper":451.0308870571575,"bb_lower":352.1931150180379,"bb_width":24.610263583698718,"bb_pct_b":0.7328867129471958,"atr":10.084028128013946,"atr_pct":2.3747799288928935,"rs_vs_bench":2.054795447176504},"AAPL":{"current":268.92999267578125,"sma_20":264.2999977111816,"sma_50":260.6625988769531,"sma_200":254.22770797729493,"rsi":55.930713485183915,"avg_vol_20":39771052.05,"current_vol":"9818941","vol_ratio":0.24688662969376995,"high_52w":285.9224548339844,"low_52w":194.67758178710938,"off_high":-5.943031710492793,"off_low":38.14122314806178,"trend_signals":["Golden Cross","Above 20d","Above 50d"],"macd":3.616277910960207,"macd_signal":3.088519011196891,"macd_histogram":0.5277588997633158,"macd_crossover":null,"bb_upper":277.3392899746737,"bb_lower":251.26070544768956,"bb_width":9.867039255702895,"bb_pct_b":0.6775401176321073,"atr":5.712616930368369,"atr_pct":2.124202240713043,"rs_vs_bench":-7.702988654503407},"AMZN":{"current":262.864990234375,"sma_20":241.70774993896484,"sma_50":222.3238998413086,"sma_200":226.9576749420166,"rsi":75.42351831901235,"avg_vol_20":44146919.8,"current_vol":"27841896","vol_ratio":0.6306645203364789,"high_52w":263.989990234375,"low_52w":184.4199981689453,"off_high":-0.4261525215411406,"off_low":42.53605511565347,"trend_signals":["Death Cross","Above 20d","Above 50d"],"macd":12.277343759107652,"macd_signal":10.779624712820407,"macd_histogram":1.4977190462872443,"macd_crossover":null,"bb_upper":278.6040663826627,"bb_lower":204.81143349526695,"bb_width":30.529692534074567,"bb_pct_b":0.7867120939795597,"atr":6.435594302929728,"atr_pct":2.4482508291391865,"rs_vs_bench":11.929146765250387},"NVDA":{"current":210.85000610351562,"sma_20":195.06000061035155,"sma_50":186.7403887939453,"sma_200":183.56930076599122,"rsi":67.58315065389053,"avg_vol_20":141577886.95,"current_vol":"51406639","vol_ratio":0.36309793928592043,"high_52w":216.61000061035156,"low_52w":108.89433288574219,"off_high":-2.6591544668324394,"off_low":93.62808009921952,"trend_signals":["Golden Cross","Above 20d","Above 50d"],"macd":8.131138445184433,"macd_signal":6.2252845250869715,"macd_histogram":1.9058539200974618,"macd_crossover":null,"bb_upper":220.52182108874538,"bb_lower":169.59818013195772,"bb_width":26.10665477158069,"bb_pct_b":0.8100722021538683,"atr":5.747568820077561,"atr_pct":2.7259040330574256,"rs_vs_bench":7.06573797241483}}