{"AMZN":{"current":261.1199951171875,"sma_20":236.04049987792968,"sma_50":219.8713995361328,"sma_200":226.5983999633789,"rsi":75.90916873097174,"avg_vol_20":45887355.0,"current_vol":"44844200","vol_ratio":0.9772670488416689,"high_52w":263.989990234375,"low_52w":184.4199981689453,"off_high":-1.0871605831113018,"off_low":41.58984801527765,"trend_signals":["Death Cross","Above 20d","Above 50d"],"macd":12.273134880982155,"macd_signal":9.953503185714908,"macd_histogram":2.3196316952672476,"macd_crossover":null,"bb_upper":276.64625206150953,"bb_lower":195.43474769434982,"bb_width":34.40575003406573,"bb_pct_b":0.8088170257981265,"atr":6.4382646831988195,"atr_pct":2.4656344989242984,"rs_vs_bench":10.964848899005862},"NVDA":{"current":216.61000061035156,"sma_20":190.8375,"sma_50":185.6151907348633,"sma_200":183.09387733459474,"rsi":76.28291845319069,"avg_vol_20":150528320.0,"current_vol":"185608200","vol_ratio":1.2330450509246367,"high_52w":216.61000061035156,"low_52w":108.70439147949219,"off_high":0.0,"off_low":99.26517932002452,"trend_signals":["Golden Cross","Above 20d","Above 50d"],"macd":7.569025858181959,"macd_signal":5.176190503252846,"macd_histogram":2.3928353549291135,"macd_crossover":null,"bb_upper":217.8494156750891,"bb_lower":163.82558432491092,"bb_width":28.308813178844915,"bb_pct_b":0.9770579939674449,"atr":5.735582657856991,"atr_pct":2.6478845121165167,"rs_vs_bench":12.165749503076292},"MSFT":{"current":424.82000732421875,"sma_20":395.37450103759767,"sma_50":394.46204650878906,"sma_200":468.2862403869629,"rsi":63.562549312760716,"avg_vol_20":33343750.0,"current_vol":"30817600","vol_ratio":0.9242391752577319,"high_52w":539.8252563476562,"low_52w":356.7699890136719,"off_high":-21.304162350894572,"off_low":19.07391888501561,"trend_signals":["Death Cross","Above 20d","Above 50d"],"macd":10.261784780012533,"macd_signal":5.767834841007524,"macd_histogram":4.4939499390050095,"macd_crossover":null,"bb_upper":446.33692640506627,"bb_lower":344.41207567012907,"bb_width":25.77931820778821,"bb_pct_b":0.7888942792096523,"atr":10.459344640099873,"atr_pct":2.4620649827627816,"rs_vs_bench":-0.6304694370523833},"GOOG":{"current":348.5199890136719,"sma_20":319.3199966430664,"sma_50":309.28385986328124,"sma_200":277.37609672546387,"rsi":72.55148823429904,"avg_vol_20":16811665.0,"current_vol":"17401500","vol_ratio":1.0350848651814082,"high_52w":348.5199890136719,"low_52w":152.27359008789062,"off_high":0.0,"off_low":128.87750187836906,"trend_signals":["Golden Cross","Above 20d","Above 50d"],"macd":10.928463952640584,"macd_signal":8.149589395012562,"macd_histogram":2.778874557628022,"macd_crossover":null,"bb_upper":361.7037055884798,"bb_lower":276.93628769765303,"bb_width":26.5462291062151,"bb_pct_b":0.8444718866889701,"atr":7.804233461111152,"atr_pct":2.2392498872726074,"rs_vs_bench":8.619635668651181},"AAPL":{"current":267.6099853515625,"sma_20":262.33899841308596,"sma_50":260.26299926757815,"sma_200":253.6220401763916,"rsi":55.24499786602629,"avg_vol_20":41730430.0,"current_vol":"41407600","vol_ratio":0.9922639186799657,"high_52w":285.9224548339844,"low_52w":194.6775665283203,"off_high":-6.4046979077088135,"off_low":37.46318598688283,"trend_signals":["Golden Cross","Above 20d","Above 50d"],"macd":3.776553247004017,"macd_signal":2.748093224542808,"macd_histogram":1.0284600224612093,"macd_crossover":null,"bb_upper":277.4933865525552,"bb_lower":247.1846102736167,"bb_width":11.553286572823417,"bb_pct_b":0.6739095927188374,"atr":5.888951624822972,"atr_pct":2.2005724551296484,"rs_vs_bench":-10.471260655590367}}