{"AMZN":{"current":264.07000732421875,"sma_20":241.76800079345702,"sma_50":222.34800018310546,"sma_200":226.96370002746582,"rsi":76.0122751197285,"avg_vol_20":43889589.45,"current_vol":"22695289","vol_ratio":0.5170995966106035,"high_52w":264.07000732421875,"low_52w":184.4199981689453,"off_high":0.0,"off_low":43.189464237119694,"trend_signals":["Death Cross","Above 20d","Above 50d"],"macd":12.373470478525377,"macd_signal":10.798850056703952,"macd_histogram":1.5746204218214253,"macd_crossover":null,"bb_upper":278.813422213587,"bb_lower":204.72257937332705,"bb_width":30.645429749636687,"bb_pct_b":0.8010089462586479,"atr":6.435594302929728,"atr_pct":2.437078851983467,"rs_vs_bench":12.415840102420628},"NVDA":{"current":210.8699951171875,"sma_20":195.06100006103514,"sma_50":186.74078857421875,"sma_200":183.56940063476563,"rsi":67.61110188460725,"avg_vol_20":141169275.5,"current_vol":"43234410","vol_ratio":0.30625934607137656,"high_52w":216.61000061035156,"low_52w":108.89433288574219,"off_high":-2.649926354734405,"off_low":93.64643643893174,"trend_signals":["Golden Cross","Above 20d","Above 50d"],"macd":8.132733010458907,"macd_signal":6.225603438245056,"macd_histogram":1.9071295722138508,"macd_crossover":null,"bb_upper":220.52543167479178,"bb_lower":169.59656844727851,"bb_width":26.109198256738903,"bb_pct_b":0.8104132716555879,"atr":5.747568820000875,"atr_pct":2.7256456362161714,"rs_vs_bench":6.991540506413795},"GOOG":{"current":349.25,"sma_20":326.1574966430664,"sma_50":311.0506323242187,"sma_200":279.043338470459,"rsi":72.20042092642404,"avg_vol_20":15354402.2,"current_vol":"6730244","vol_ratio":0.4383266709009355,"high_52w":349.25,"low_52w":152.2735595703125,"off_high":0.0,"off_low":129.3569553279756,"trend_signals":["Golden Cross","Above 20d","Above 50d"],"macd":11.615674402246384,"macd_signal":9.348114359074524,"macd_histogram":2.2675600431718603,"macd_crossover":null,"bb_upper":361.9976262214481,"bb_lower":290.3173670646847,"bb_width":21.97719196845793,"bb_pct_b":0.8221598753769949,"atr":7.884773964957287,"atr_pct":2.2576303407179066,"rs_vs_bench":5.438591700239126},"MSFT":{"current":424.5199890136719,"sma_20":401.60650024414065,"sma_50":395.6101995849609,"sma_200":467.5524513244629,"rsi":61.81325753263691,"avg_vol_20":30856826.1,"current_vol":"9880022","vol_ratio":0.3201891849790734,"high_52w":539.8252563476562,"low_52w":356.7699890136719,"off_high":-21.35973928195125,"off_low":18.989825962464497,"trend_signals":["Death Cross","Above 20d","Above 50d"],"macd":10.755315649297927,"macd_signal":7.573550576782257,"macd_histogram":3.1817650725156703,"macd_crossover":null,"bb_upper":451.01462169489105,"bb_lower":352.19837879339025,"bb_width":24.60523991554654,"bb_pct_b":0.7318797810636375,"atr":10.084028128020115,"atr_pct":2.375395361582221,"rs_vs_bench":1.939439697807142},"AAPL":{"current":268.95001220703125,"sma_20":264.30099868774414,"sma_50":260.66299926757813,"sma_200":254.22780799865723,"rsi":55.9559029863237,"avg_vol_20":39675723.3,"current_vol":"7912366","vol_ratio":0.19942587914963103,"high_52w":285.9224548339844,"low_52w":194.6775665283203,"off_high":-5.93602997596249,"off_low":38.15151740552823,"trend_signals":["Golden Cross","Above 20d","Above 50d"],"macd":3.617874910480623,"macd_signal":3.0888384109441374,"macd_histogram":0.5290364995364856,"macd_crossover":null,"bb_upper":277.3417904733673,"bb_lower":251.26020690212096,"bb_width":9.868136594542424,"bb_pct_b":0.6782488976019236,"atr":5.712616930265528,"atr_pct":2.1240441238084395,"rs_vs_bench":-7.780728222111556}}