{"AAPL": [263.75, 262.5199890136719, 260.2900085449219, 257.4599914550781, 259.8800048828125, 260.8299865722656, 260.80999755859375, 255.75999450683594, 250.1199951171875, 252.82000732421875, 254.22999572753906, 249.94000244140625, 248.9600067138672, 247.99000549316406, 251.49000549316406, 251.63999938964844, 252.6199951171875, 252.88999938964844, 248.8000030517578, 246.6300048828125, 253.7899932861328, 255.6300048828125, 255.9199981689453], "MSFT": [403.92999267578125, 405.20001220703125, 410.67999267578125, 408.9599914550781, 409.4100036621094, 405.760009765625, 404.8800048828125, 401.8599853515625, 395.54998779296875, 399.95001220703125, 399.4100036621094, 391.7900085449219, 389.0199890136719, 381.8699951171875, 383.0, 372.739990234375, 371.0400085449219, 365.9700012207031, 356.7699890136719, 358.9599914550781, 370.1700134277344, 369.3699951171875, 373.4599914550781], "GOOG": [303.3462829589844, 303.23638916015625, 300.6981506347656, 298.0899963378906, 306.010009765625, 306.92999267578125, 308.4200134277344, 303.2099914550781, 301.4599914550781, 304.4200134277344, 309.4100036621094, 306.29998779296875, 305.7300109863281, 298.7900085449219, 299.0199890136719, 289.20001220703125, 289.5899963378906, 280.739990234375, 273.760009765625, 273.1400146484375, 286.8599853515625, 294.8999938964844, 294.4599914550781], "AMZN": [208.72999572753906, 216.82000732421875, 218.94000244140625, 213.2100067138672, 213.49000549316406, 214.3300018310547, 212.64999389648438, 209.52999877929688, 207.6699981689453, 211.74000549316406, 215.1999969482422, 209.8699951171875, 208.75999450683594, 205.3699951171875, 210.13999938964844, 207.24000549316406, 211.7100067138672, 207.5399932861328, 199.33999633789062, 200.9499969482422, 208.27000427246094, 210.57000732421875, 209.77000427246094], "NVDA": [180.04025268554688, 183.03009033203125, 183.330078125, 177.8103790283203, 182.64010620117188, 184.760009765625, 186.02999877929688, 183.13999938964844, 180.25, 183.22000122070312, 181.92999267578125, 180.39999389648438, 178.55999755859375, 172.6999969482422, 175.63999938964844, 175.1999969482422, 178.67999267578125, 171.24000549316406, 167.52000427246094, 165.1699981689453, 174.39999389648438, 175.75, 177.38999938964844]}