{"AAPL": {"current": 255.9199981689453, "sma_20": 253.4104995727539, "sma_50": 260.3040246582031, "sma_200": 248.80396797180177, "rsi": 50.37037807838871, "avg_vol_20": 40076300.0, "current_vol": "31289400", "vol_ratio": 0.7807457275247466, "high_52w": 285.9224548339844, "low_52w": 171.67176818847656, "off_high": -10.493214561430454, "off_low": 49.075180426855944, "trend_signals": ["Golden Cross", "Above 20d", "Below 50d"], "macd": -2.3900515070206723, "macd_signal": -3.1789157838772795, "macd_histogram": 0.7888642768566072, "macd_crossover": null, "bb_upper": 261.7830538638998, "bb_lower": 245.03794528160802, "bb_width": 6.607898492968431, "bb_pct_b": 0.6498645759063779, "atr": 5.603441483303155, "atr_pct": 2.18952857275501, "rs_vs_bench": 1.7415565460400462}, "MSFT": {"current": 373.4599914550781, "sma_20": 385.4969985961914, "sma_50": 403.2382385253906, "sma_200": 475.2619941711426, "rsi": 39.54100924728085, "avg_vol_20": 32516065.0, "current_vol": "24099100", "vol_ratio": 0.7411444158449062, "high_52w": 539.8252563476562, "low_52w": 351.86627197265625, "off_high": -30.818355187412017, "off_low": 6.1369108671205455, "trend_signals": ["Death Cross", "Below 20d", "Below 50d"], "macd": -11.4310754573537, "macd_signal": -11.030509783513386, "macd_histogram": -0.4005656738403136, "macd_crossover": null, "bb_upper": 420.05800115669194, "bb_lower": 350.9359960356909, "bb_width": 17.930620827843704, "bb_pct_b": 0.3258585363656336, "atr": 8.92415694914106, "atr_pct": 2.389588484263249, "rs_vs_bench": -6.340850609655758}, "GOOG": {"current": 294.4599914550781, "sma_20": 296.5220001220703, "sma_50": 310.0373425292969, "sma_200": 265.1622779083252, "rsi": 47.10670774494888, "avg_vol_20": 20493795.0, "current_vol": "13433400", "vol_ratio": 0.6554862093623948, "high_52w": 344.6571960449219, "low_52w": 146.07501220703125, "off_high": -14.564386052540495, "off_low": 101.58135673317057, "trend_signals": ["Golden Cross", "Below 20d", "Below 50d"], "macd": -6.35485271241464, "macd_signal": -6.433056159458667, "macd_histogram": 0.07820344704402693, "macd_crossover": "bullish", "bb_upper": 318.7530419801421, "bb_lower": 274.29095826399856, "bb_width": 14.994531163906776, "bb_pct_b": 0.4536232111801923, "atr": 8.126907775919854, "atr_pct": 2.7599361583081716, "rs_vs_bench": 1.1219504466711938}, "AMZN": {"current": 209.77000427246094, "sma_20": 209.36750030517578, "sma_50": 214.99800018310546, "sma_200": 224.54960014343263, "rsi": 49.5932294514843, "avg_vol_20": 44093600.0, "current_vol": "31453000", "vol_ratio": 0.7133234755157211, "high_52w": 254.0, "low_52w": 167.32000732421875, "off_high": -17.41338414470042, "off_low": 25.37054451951232, "trend_signals": ["Death Cross", "Above 20d", "Below 50d"], "macd": -1.915146420776665, "macd_signal": -2.346567316133113, "macd_histogram": 0.4314208953564478, "macd_crossover": null, "bb_upper": 217.50429464687056, "bb_lower": 201.230705963481, "bb_width": 7.772738681824565, "bb_pct_b": 0.5247335713785117, "atr": 6.017890826209644, "atr_pct": 2.8688042635463136, "rs_vs_bench": 0.7262712671909366}, "NVDA": {"current": 177.38999938964844, "sma_20": 177.62152328491212, "sma_50": 182.64436920166017, "sma_200": 179.80012847900392, "rsi": 49.08399082973456, "avg_vol_20": 178736020.0, "current_vol": "143143200", "vol_ratio": 0.8008637542673267, "high_52w": 207.01727294921875, "low_52w": 94.28778076171875, "off_high": -14.311498329338862, "off_low": 88.13678501771413, "trend_signals": ["Golden Cross", "Below 20d", "Below 50d"], "macd": -2.902824721500423, "macd_signal": -2.9263272698265657, "macd_histogram": 0.023502548326142847, "macd_crossover": "bullish", "bb_upper": 188.76293629844122, "bb_lower": 166.480110271383, "bb_width": 12.545115938069989, "bb_pct_b": 0.48960976067476647, "atr": 5.666771985058578, "atr_pct": 3.1945273152694207, "rs_vs_bench": 2.103284935736438}}